{
  "list": [
    {
      "id": 863001,
      "skillTier": 1,
      "skillData": [
        {
          "skillTargetType": "RANDOM",
          "canTeamKill": false,
          "canDuel": true,
          "canChangeTarget": true,
          "attributeType": "SCARLET",
          "atkType": "PENETRATE",
          "defType": "ATTACK",
          "skillMotion": "S1",
          "viewType": "BATTLE",
          "range": 6,
          "targetNum": 1,
          "defaultValue": 5,
          "skillLevelCorrection": 2,
          "abilityScriptList": [
            {
              "scriptName": "CriticalDmgUpByRatio10"
            },
            {
              "scriptName": "SkillPowerAdderOnUseViaBuffCheck",
              "buffData": {
                "buffKeyword": "Breath",
                "stack": 10,
                "turn": 0,
                "buffOwner": "Self",
                "value": 1
              }
            },
            {
              "scriptName": "GiveBuffOnUse",
              "buffData": {
                "buffKeyword": "Breath",
                "stack": 2,
                "turn": 0,
                "target": "Self"
              }
            },
            {
              "scriptName": "EmptyBody"
            }
          ],
          "coinList": [
            {
              "operatorType": "ADD",
              "scale": 5,
              "abilityScriptList": [
                {
                  "scriptName": "GiveBuffOnSucceedAttack",
                  "buffData": {
                    "buffKeyword": "Sinking",
                    "target": "Target",
                    "stack": 4,
                    "turn": 0,
                    "activeRound": 0
                  }
                },
                {
                  "scriptName": "GiveBuffOnSuccessCriticalAttack",
                  "buffData": {
                    "buffKeyword": "Laceration",
                    "target": "Target",
                    "stack": 4,
                    "turn": 0,
                    "activeRound": 0
                  }
                }
              ]
            }
          ]
        }
      ]
    },
    {
      "id": 863002,
      "skillTier": 1,
      "skillData": [
        {
          "skillTargetType": "RANDOM",
          "canTeamKill": false,
          "canDuel": true,
          "canChangeTarget": true,
          "attributeType": "CRIMSON",
          "atkType": "PENETRATE",
          "defType": "ATTACK",
          "skillMotion": "S2",
          "viewType": "BATTLE",
          "range": 6,
          "targetNum": 1,
          "defaultValue": 5,
          "skillLevelCorrection": 2,
          "abilityScriptList": [
            {
              "scriptName": "CriticalDmgUpByRatio10"
            },
            {
              "scriptName": "SkillPowerAdderOnUseViaBuffCheck",
              "buffData": {
                "buffKeyword": "Breath",
                "stack": 10,
                "turn": 0,
                "buffOwner": "Self",
                "value": 1
              }
            },
            {
              "scriptName": "GiveBuffOnUse",
              "buffData": {
                "buffKeyword": "Breath",
                "stack": 0,
                "turn": 3,
                "target": "Self"
              }
            },
            {
              "scriptName": "EmptyBody"
            }
          ],
          "coinList": [
            {
              "operatorType": "ADD",
              "scale": 6,
              "abilityScriptList": [
                {
                  "scriptName": "GiveBuffOnSucceedAttack",
                  "buffData": {
                    "buffKeyword": "Sinking",
                    "target": "Target",
                    "stack": 0,
                    "turn": 3,
                    "activeRound": 0
                  }
                },
                {
                  "scriptName": "GiveBuffOnSuccessCriticalAttack",
                  "buffData": {
                    "buffKeyword": "Laceration",
                    "target": "Target",
                    "stack": 0,
                    "turn": 3,
                    "activeRound": 0
                  }
                }
              ]
            }
          ]
        }
      ]
    },
    {
      "id": 863003,
      "skillTier": 3,
      "skillData": [
        {
          "skillTargetType": "RANDOM",
          "canTeamKill": false,
          "canDuel": true,
          "canChangeTarget": true,
          "attributeType": "INDIGO",
          "atkType": "PENETRATE",
          "defType": "ATTACK",
          "skillMotion": "S3",
          "viewType": "ENCOUNTER",
          "range": 999,
          "arearange" :  3,
          "targetNum": 3,
          "defaultValue": 5,
          "skillLevelCorrection": 3,
          "abilityScriptList": [
            {
              "scriptName": "GiveBuffOnUse",
              "buffData": {
                "buffKeyword": "Breath",
                "stack": 2,
                "turn": 0,
                "target": "Self"
              }
            },
            {
              "scriptName": "SkillPowerAdderOnUseViaBuffCheck",
              "buffData": {
                "buffKeyword": "Breath",
                "stack": 10,
                "turn": 0,
                "buffOwner": "Self",
                "value": 1
              }
            },
            {
              "scriptName": "CoinScaleAdderViaBuffCheckDevideByTurnWithLimit2",
              "buffData": {
                "buffKeyword": "Breath",
                "stack": 0,
                "turn": 5,
                "buffOwner": "Self",
                "value": 1
              }
            },
            {
              "scriptName": "CriticalDmgUpOnWinDuelByRatio50"
            },
            {
              "scriptName": "EmptyBody"
            }
          ],
          "coinList": [
            {
              "operatorType": "ADD",
              "scale": 3,
              "grade": 2,
              "color": "GREY",
              "actionIndex": 1,
              "abilityScriptList": [
                {
                  "scriptName": "SuperCoin"
                },
                {
                  "scriptName": "GiveBuffOnSucceedAttack",
                  "buffData": {
                    "buffKeyword": "Breath",
                    "target": "Self",
                    "stack": 0,
                    "turn": 2,
                    "activeRound": 0
                  }
                },
                {
                  "scriptName": "CanDealOnlyMainTarget"
                },
                {
                  "scriptName": "CheckMainTargetConditionForFellBullet"
                }
              ]
            },
            {
              "operatorType": "ADD",
              "scale": 3,
              "grade": 2,
              "color": "GREY",
              "actionIndex" :  2,
              "abilityScriptList": [
                {
                  "scriptName": "SuperCoin"
                },
                {
                  "scriptName": "CanDealOnlySubTarget"
                },
                {
                  "scriptName": "CheckPrevCoinConditionForFellBullet"
                },
                {
                  "scriptName": "GiveBuffOnSucceedAttack",
                  "buffData": {
                    "buffKeyword": "Sinking",
                    "target": "Target",
                    "stack": 4,
                    "turn": 0,
                    "activeRound": 0
                  }
                },
                {
                  "scriptName": "GiveBuffOnSucceedAttack",
                  "buffData": {
                    "buffKeyword": "Laceration",
                    "target": "Target",
                    "stack": 4,
                    "turn": 0,
                    "activeRound": 0
                  }
                }
              ]
            }
          ]
        }
      ]
    },
    {
      "id": 863004,
      "skillTier": 2,
      "skillData": [
        {
          "skillTargetType": "RANDOM",
          "canTeamKill": false,
          "canDuel": true,
          "canChangeTarget": true,
          "attributeType": "SCARLET",
          "atkType": "PENETRATE",
          "defType": "ATTACK",
          "skillMotion": "S4",
          "range": 999,
          "viewType": "BATTLE",
          "targetNum": 1,
          "defaultValue": 5,
          "skillLevelCorrection": 3,
          "abilityScriptList": [
            {
              "scriptName": "CriticalDmgUpByRatio50"
            },
            {
              "scriptName": "SkillPowerAdderOnUseViaBuffCheck",
              "buffData": {
                "buffKeyword": "Breath",
                "stack": 10,
                "turn": 0,
                "buffOwner": "Self",
                "value": 1
              }
            },
            {
              "scriptName": "CoinScaleAdderViaBuffCheckDevideByTurnWithLimit3",
              "buffData": {
                "buffKeyword": "Breath",
                "stack": 0,
                "turn": 5,
                "buffOwner": "Self",
                "value": 1
              }
            },
            {
              "scriptName": "GiveBuffOnUse",
              "buffData": {
                "buffKeyword": "Breath",
                "stack": 3,
                "turn": 0,
                "target": "Self"
              }
            },
            {
              "scriptName": "EmptyBody"
            }
          ],
          "coinList": [
            {
              "operatorType": "ADD",
              "scale": 7,
              "abilityScriptList": [
                {
                  "scriptName": "RerollOnSACUpto1",
                  "buffData": {
                    "buffKeyword": "Breath",
                    "target": "Self",
                    "stack": 0,
                    "turn": 2,
                    "activeRound": 0
                  }
                }
              ]
            }
          ]
        }
      ]
    },
    {
      "id": 863005,
      "skillTier": 2,
      "skillData": [
        {
          "skillTargetType": "RANDOM",
          "canTeamKill": false,
          "canDuel": true,
          "canChangeTarget": true,
          "attributeType": "AZURE",
          "atkType": "PENETRATE",
          "defType": "ATTACK",
          "skillMotion": "S4",
          "range": 999,
          "viewType": "BATTLE",
          "targetNum": 1,
          "defaultValue": 8,
          "skillLevelCorrection": 3,
          "abilityScriptList": [
            {
              "scriptName": "LoseBuffStackHalfOnLoseDuel",
              "buffData": {
                "buffKeyword": "Breath",
                "target": "Self"
              }
            },
            {
              "scriptName": "TakeBuffStackHalfCutOnLoseDuel",
              "buffData": {
                "buffKeyword": "Breath"
              }
            },
            {
              "scriptName": "GiveBuffOnLoseDuel",
              "buffData": {
                "buffKeyword": "Paralysis",
                "target": "Self",
                "stack": 4,
                "turn": 0,
                "activeRound": 1
              }
            },
            {
              "scriptName": "EmptyBody"
            }
          ],
          "coinList": [
            {
              "operatorType": "ADD",
              "scale": 10,
              "abilityScriptList": [
                {
                  "scriptName": "GiveBuffOnSucceedAttack",
                  "buffData": {
                    "buffKeyword": "Sinking",
                    "target": "Target",
                    "stack": 4,
                    "turn": 0,
                    "activeRound": 0
                  }
                },
                {
                  "scriptName": "GiveBuffOnSucceedAttack",
                  "buffData": {
                    "buffKeyword": "Laceration",
                    "target": "Target",
                    "stack": 4,
                    "turn": 0,
                    "activeRound": 0
                  }
                }
              ]
            }
          ]
        }
      ]
    },
    {
      "id": 863006,
      "skillTier": 3,
      "skillData": [
        {
          "skillTargetType": "RANDOM",
          "canTeamKill": false,
          "canDuel": true,
          "canChangeTarget": true,
          "attributeType": "INDIGO",
          "atkType": "PENETRATE",
          "defType": "ATTACK",
          "skillMotion": "S5",
          "range": 999,
          "arearange": 5,
          "viewType": "ENCOUNTER",
          "targetNum": 6,
          "defaultValue": 5,
          "skillLevelCorrection": 5,
          "abilityScriptList": [
            {
              "scriptName": "AttackFellBulletMarkWithoutSameTarget"
            },
            {
              "scriptName": "CoinScaleAdderViaBuffCheckDevideByTurnWithLimit2",
              "buffData": {
                "buffKeyword": "Breath",
                "stack": 5,
                "turn": 0,
                "buffOwner": "Self",
                "value": 1
              }
            },
            {
              "scriptName": "SkillPowerAdderOnUseViaBuffCheckDevideByTurnWithLimit3",
              "buffData": {
                "buffKeyword": "Breath",
                "stack": 0,
                "turn": 3,
                "buffOwner": "Self",
                "value": 1
              }
            },
            {
              "scriptName": "GiveBuffOnUseIfNotHas_FellBulletMark",
              "buffData": {
                "buffKeyword": "Paralysis",
                "target": "Self",
                "stack": 1,
                "turn": 0,
                "buffOwner": "Target"
              }
            },
            {
              "scriptName": "GiveBuffOnUseIfNotHas_FellBulletMark",
              "buffData": {
                "buffKeyword": "Vulnerable",
                "target": "Self",
                "stack": 3,
                "turn": 0,
                "buffOwner": "Target"
              }
            },
            {
              "scriptName": "CheckFellBulletKillBuffOnEndAttack",
              "buffData": {
                "buffKeyword": "Breath",
                "target": "Self",
                "stack": 10,
                "turn": 0,
                "value": 15
              }
            },
            {
              "scriptName": "CheckGroggy863006"
            },
            {
              "scriptName": "EmptyBody"
            }
          ],
          "coinList": [
            {
              "operatorType": "ADD",
              "scale": 5,
              "grade": 2,
              "color": "GREY",
              "actionIndex": 1,
              "abilityScriptList": [
                {
                  "scriptName": "SuperCoin"
                },
                {
                  "scriptName": "CanDealOnlyMainTarget"
                },
                {
                  "scriptName": "CheckMainTargetDieForFellBullet"
                },
                {
                  "scriptName": "DmgUpByBuff",
                  "buffData": {
                    "buffKeyword": "FellBulletMark",
                    "buffOwner": "Target",
                    "stack": 1,
                    "turn": 0,
                    "activeRound": 0,
                    "value": 1
                  }
                },
                {
                  "scriptName": "GiveBuffOnSucceedAttackIfHasStack_FellBulletMark1",
                  "buffData": {
                    "buffKeyword": "Breath",
                    "target": "Self",
                    "stack": 10,
                    "turn": 0,
                    "activeRound": 1,
                    "buffOwner": "Target"
                  }
                }
              ]
            },
            {
              "operatorType": "ADD",
              "scale": 5,
              "grade": 2,
              "color": "GREY",
              "actionIndex": 2,
              "abilityScriptList": [
                {
                  "scriptName": "SuperCoin"
                },
                {
                  "scriptName": "CanDealOnlySubTarget"
                },
                {
                  "scriptName": "CheckPrevCoinConditionForFellBulletTwo"
                },
                {
                  "scriptName": "GiveBuffOnSucceedAttackIfUsableInDuel",
                  "buffData": {
                    "buffKeyword": "Sinking",
                    "target": "Target",
                    "stack": 5,
                    "turn": 0,
                    "activeRound": 0
                  }
                },
                {
                  "scriptName": "GiveBuffOnSucceedAttackIfUsableInDuel",
                  "buffData": {
                    "buffKeyword": "Laceration",
                    "target": "Target",
                    "stack": 5,
                    "turn": 0,
                    "activeRound": 0
                  }
                }
              ]
            }
          ]
        }
      ]
    },
    {
      "id": 863007,
      "skillTier": 3,
      "skillData": [
        {
          "skillTargetType": "RANDOM",
          "canTeamKill": true,
          "canDuel": true,
          "canChangeTarget": false,
          "attributeType": "INDIGO",
          "atkType": "PENETRATE",
          "defType": "ATTACK",
          "skillMotion": "S5",
          "viewType": "ENCOUNTER",
          "range": 999,
          "arearange": 5,
          "targetNum": 7,
          "defaultValue": 5,
          "skillLevelCorrection": 5,
          "abilityScriptList": [
            {
              "scriptName": "AttackFellBulletMarkWithoutSameTarget"
            },
            {
              "scriptName": "SkillCancelFellBullet"
            },
            {
              "scriptName": "CoinScaleAdderViaBuffCheckDevideByTurnWithLimit2",
              "buffData": {
                "buffKeyword": "Breath",
                "stack": 5,
                "turn": 0,
                "buffOwner": "Self",
                "value": 1
              }
            },
            {
              "scriptName": "SkillPowerAdderOnUseViaBuffCheckDevideByTurnWithLimit3",
              "buffData": {
                "buffKeyword": "Breath",
                "stack": 0,
                "turn": 3,
                "buffOwner": "Self",
                "value": 1
              }
            },
            {
              "scriptName": "CheckFellBulletKillBuffOnEndAttack",
              "buffData": {
                "buffKeyword": "Breath",
                "target": "Self",
                "stack": 10,
                "turn": 0,
                "value": 15
              }
            },
            {
              "scriptName": "CheckGroggy863007"
            },
            {
              "scriptName": "EmptyBody"
            }
          ],
          "coinList": [
            {
              "operatorType": "ADD",
              "scale": 5,
              "grade": 2,
              "color": "GREY",
              "actionIndex": 1,
              "abilityScriptList": [
                {
                  "scriptName": "SuperCoin"
                },
                {
                  "scriptName": "CanDealOnlyMainTarget"
                },
                {
                  "scriptName": "InstantDeathFellBulletMarkIfUsableInDuel"
                },
                {
                  "scriptName": "CheckMainTargetDieForFellBullet"
                },
                {
                  "scriptName": "GiveBuffOnSucceedAttack",
                  "buffData": {
                    "buffKeyword": "Breath",
                    "target": "Self",
                    "stack": 10,
                    "turn": 0,
                    "activeRound": 1
                  }
                },
                {
                  "scriptName": "ChangeToSuperCoinIfCheckBuffMainTarget",
                  "buffData": {
                    "buffKeyword": "FellBulletMark",
                    "stack": 1,
                    "turn": 0,
                    "activeRound": 0
                  }
                },
                {
                  "scriptName": "SkillCancelFellBulletCoinReceiver"
                }
              ]
            },
            {
              "operatorType": "ADD",
              "scale": 5,
              "grade": 2,
              "color": "GREY",
              "actionIndex": 2,
              "abilityScriptList": [
                {
                  "scriptName": "SuperCoin"
                },
                {
                  "scriptName": "CanDealOnlySubTarget"
                },
                {
                  "scriptName": "CheckPrevCoinConditionForFellBullet"
                },
                {
                  "scriptName": "GiveBuffOnSucceedAttackIfUsableInDuel",
                  "buffData": {
                    "buffKeyword": "Sinking",
                    "target": "Target",
                    "stack": 5,
                    "turn": 0,
                    "activeRound": 0
                  }
                },
                {
                  "scriptName": "GiveBuffOnSucceedAttackIfUsableInDuel",
                  "buffData": {
                    "buffKeyword": "Laceration",
                    "target": "Target",
                    "stack": 5,
                    "turn": 0,
                    "activeRound": 0
                  }
                },
                {
                  "scriptName": "ChangeToSuperCoinIfCheckBuffMainTarget",
                  "buffData": {
                    "buffKeyword": "FellBulletMark",
                    "stack": 1,
                    "turn": 0,
                    "activeRound": 0
                  }
                },
                {
                  "scriptName": "SkillCancelFellBulletCoinReceiver"
                }
              ]
            }
          ]
        }
      ]
    },

    {
      "id": 863201,
      "skillTier": 2,
      "skillData": [
        {
          "skillTargetType": "RANDOM",
          "canTeamKill": false,
          "canDuel": true,
          "canChangeTarget": true,
          "attributeType": "CRIMSON",
          "atkType": "PENETRATE",
          "defType": "ATTACK",
          "skillMotion": "S1",
          "viewType": "BATTLE",
          "targetNum": 1,
          "defaultValue": 3,
          "skillLevelCorrection": 0,
          "abilityScriptList": [
            {
              "scriptName": "SkillPowerResultAdderViaOnUseBuffCheckDevideByStackWithLimit5",
              "buffData": {
                "buffKeyword": "Breath",
                "stack": 4,
                "turn": 0,
                "buffOwner": "Self",
                "value": 1
              }
            },
            {
              "scriptName": "EmptyHead"
            }
          ],
          "coinList": [
            {
              "operatorType": "ADD",
              "scale": 7,
              "abilityScriptList": [
                {
                  "scriptName": "GiveBuffOnSucceedAttack",
                  "buffData": {
                    "buffKeyword": "Breath",
                    "target": "Self",
                    "stack": 3,
                    "turn": 0,
                    "activeRound": 0
                  }
                },
                {
                  "scriptName": "GiveBuffOnSuccessCriticalAttack",
                  "buffData": {
                    "buffKeyword": "Breath",
                    "target": "Self",
                    "stack": 0,
                    "turn": 3,
                    "activeRound": 0
                  }
                }
              ]
            }
          ]
        }
      ]
    },
    {
      "id": 863202,
      "skillTier": 2,
      "skillData": [
        {
          "skillTargetType": "RANDOM",
          "canTeamKill": false,
          "canDuel": true,
          "canChangeTarget": true,
          "attributeType": "SCARLET",
          "atkType": "PENETRATE",
          "defType": "ATTACK",
          "skillMotion": "S2",
          "viewType": "BATTLE",
          "targetNum": 1,
          "defaultValue": 3,
          "skillLevelCorrection": 1,
          "abilityScriptList": [
            {
              "scriptName": "SkillPowerResultAdderViaOnUseBuffCheckDevideByStackWithLimit5",
              "buffData": {
                "buffKeyword": "Breath",
                "stack": 4,
                "turn": 0,
                "buffOwner": "Self",
                "value": 1
              }
            },
            {
              "scriptName": "EmptyHead"
            }
          ],
          "coinList": [
            {
              "operatorType": "ADD",
              "scale": 4,
              "abilityScriptList": [
                {
                  "scriptName": "GiveBuffOnSucceedAttack",
                  "buffData": {
                    "buffKeyword": "Breath",
                    "target": "Self",
                    "stack": 2,
                    "turn": 0,
                    "activeRound": 0
                  }
                },
                {
                  "scriptName": "GiveBuffOnSuccessCriticalAttack",
                  "buffData": {
                    "buffKeyword": "Breath",
                    "target": "Self",
                    "stack": 0,
                    "turn": 2,
                    "activeRound": 0
                  }
                }
              ]
            },
            {
              "operatorType": "ADD",
              "scale": 4,
              "abilityScriptList": [
                {
                  "scriptName": "GiveBuffOnSucceedAttack",
                  "buffData": {
                    "buffKeyword": "Breath",
                    "target": "Self",
                    "stack": 2,
                    "turn": 0,
                    "activeRound": 0
                  }
                },
                {
                  "scriptName": "GiveBuffOnSuccessCriticalAttack",
                  "buffData": {
                    "buffKeyword": "Breath",
                    "target": "Self",
                    "stack": 0,
                    "turn": 2,
                    "activeRound": 0
                  }
                }
              ]
            }
          ]
        }
      ]
    },
    {
      "id": 863203,
      "skillTier": 2,
      "skillData": [
        {
          "skillTargetType": "RANDOM",
          "canTeamKill": false,
          "canDuel": true,
          "canChangeTarget": true,
          "attributeType": "SCARLET",
          "atkType": "PENETRATE",
          "defType": "ATTACK",
          "skillMotion": "S3",
          "viewType": "ENCOUNTER",
          "range": 8,
          "arearange" :  6,
          "targetNum": 6,
          "defaultValue": 3,
          "skillLevelCorrection": 3,
          "abilityScriptList": [
            {
              "scriptName": "SkillPowerResultAdderViaOnUseBuffCheckDevideByStackWithLimit5",
              "buffData": {
                "buffKeyword": "Breath",
                "stack": 8,
                "turn": 0,
                "buffOwner": "Self",
                "value": 1
              }
            },
            {
              "scriptName": "CoinScaleAdderOnStartTurnViaBuffCheckDevideByTurnWithLimit5",
              "buffData": {
                "buffKeyword": "Breath",
                "stack": 0,
                "turn": 8,
                "buffOwner": "Self",
                "value": 1
              }
            },
            {
              "scriptName": "86321301"
            },
            {
              "scriptName": "86320301"
            },
            {
              "scriptName": "EmptyHead"
            }
          ],
          "coinList": [
            {
              "operatorType": "ADD",
              "scale": 3
            },
            {
              "operatorType": "ADD",
              "scale": 3
            },
            {
              "operatorType": "ADD",
              "grade": 2,
              "color": "GREY",
              "scale": 3,
              "abilityScriptList": [
                {
                  "scriptName": "SuperCoin"
                },
                {
                  "scriptName": "CriticalDmgUpByBreathStack"
                }
              ]
            }
          ]
        }
      ]
    },
    {
      "id": 863211,
      "skillTier": 2,
      "skillData": [
        {
          "skillTargetType": "RANDOM",
          "canTeamKill": false,
          "canDuel": false,
          "canChangeTarget": true,
          "attributeType": "NEUTRAL",
          "atkType": "NONE",
          "defType": "GUARD",
          "skillMotion": "Default",
          "parryingCloseType": "NEAR",
          "viewType": "BATTLE",
          "targetNum": 1,
          "defaultValue": 4,
          "skillLevelCorrection": 0,
          "abilityScriptList": [
            {
              "scriptName": "SkillPowerResultAdderViaOnUseBuffCheckDevideByStackWithLimit5",
              "buffData": {
                "buffKeyword": "Breath",
                "stack": 4,
                "turn": 0,
                "buffOwner": "Self",
                "value": 1
              }
            },
            {
              "scriptName": "86321101",
              "buffData": {
                "buffKeyword": "Breath",
                "stack": 4,
                "turn": 0,
                "target": "Self",
                "activeRound": 0
              }
            },
            {
              "scriptName": "EmptyBody"
            }
          ],
          "coinList": [
            {
              "operatorType": "ADD",
              "scale": 7
            }
          ]
        }
      ]
    },
    {
      "id": 863212,
      "skillTier": 2,
      "skillData": [
        {
          "skillTargetType": "FRONT",
          "canTeamKill": false,
          "canDuel": true,
          "canChangeTarget": false,
          "attributeType": "VIOLET",
          "atkType": "PENETRATE",
          "defType": "ATTACK",
          "skillMotion": "S4",
          "viewType": "BATTLE",
          "targetNum": 1,
          "defaultValue": 4,
          "skillLevelCorrection": 2,
          "abilityScriptList": [
            {
              "scriptName": "ParryingPowerResultAdderOnStartTurnSelfViaBuffCheckDevideByStack",
              "buffData": {
                "buffKeyword": "Breath",
                "stack": 4,
                "turn": 0,
                "buffOwner": "Self",
                "value": 1,
                "limit": 3
              }
            },
            {
              "scriptName": "ParryingPowerResultAdderOnStartTurnSelfViaBuffCheckDevideByTurn",
              "buffData": {
                "buffKeyword": "Breath",
                "stack": 0,
                "turn": 4,
                "buffOwner": "Self",
                "value": 1,
                "limit": 3
              }
            },
            {
              "scriptName": "EmptyBody"
            }
          ],
          "coinList": [
            {
              "operatorType": "ADD",
              "grade": 2,
              "color": "GREY",
              "scale": 4,
              "abilityScriptList": [
                {
                  "scriptName": "SuperCoin"
                },
                {
                  "scriptName": "86321201"
                },
                {
                  "scriptName": "86321202"
                }
              ]
            }
          ]
        }
      ]
    },
    {
      "id": 863213,
      "skillTier": 2,
      "skillData": [
        {
          "skillTargetType": "RANDOM",
          "canTeamKill": false,
          "canDuel": true,
          "canChangeTarget": true,
          "attributeType": "INDIGO",
          "atkType": "PENETRATE",
          "defType": "ATTACK",
          "skillMotion": "S5",
          "viewType": "ENCOUNTER",
          "targetNum": 6,
          "defaultValue": 4,
          "range": 8,
          "arearange": 5,
          "skillLevelCorrection": 5,
          "abilityScriptList": [
            {
              "scriptName": "SkillPowerResultAdderViaOnUseBuffCheckDevideByStackWithLimit5",
              "buffData": {
                "buffKeyword": "Breath",
                "stack": 8,
                "turn": 0,
                "buffOwner": "Self",
                "value": 1
              }
            },
            {
              "scriptName": "CoinScaleAdderOnStartTurnViaBuffCheckDevideByTurnWithLimit5",
              "buffData": {
                "buffKeyword": "Breath",
                "stack": 0,
                "turn": 8,
                "buffOwner": "Self",
                "value": 1
              }
            },
            {
              "scriptName": "86321302"
            },
            {
              "scriptName": "86320301"
            },
            {
              "scriptName": "EmptyBody"
            }
          ],
          "coinList": [
            {
              "operatorType": "ADD",
              "grade": 2,
              "color": "GREY",
              "scale": 4,
              "abilityScriptList": [
                {
                  "scriptName": "SuperCoin"
                },
                {
                  "scriptName": "GiveBuffOnSucceedAttackAfterWinDuel",
                  "buffData": {
                    "buffKeyword": "Binding",
                    "target": "Target",
                    "stack": 2,
                    "turn": 0,
                    "activeRound": 1
                  }
                }
              ]
            },
            {
              "operatorType": "ADD",
              "grade": 2,
              "color": "GREY",
              "scale": 4,
              "abilityScriptList": [
                {
                  "scriptName": "SuperCoin"
                },
                {
                  "scriptName": "GiveBuffOnSucceedAttackAfterWinDuel",
                  "buffData": {
                    "buffKeyword": "Vulnerable",
                    "target": "Target",
                    "stack": 2,
                    "turn": 0,
                    "activeRound": 0
                  }
                }
              ]
            },
            {
              "operatorType": "ADD",
              "grade": 2,
              "color": "GREY",
              "scale": 4,
              "abilityScriptList": [
                {
                  "scriptName": "SuperCoin"
                },
                {
                  "scriptName": "CriticalDmgUpByBreathStackAndTurn"
                }
              ]
            }
          ]
        }
      ]
    },
    {
      "id": 863221,
      "skillTier": 2,
      "skillData": [
        {
          "skillTargetType": "RANDOM",
          "canTeamKill": false,
          "canDuel": false,
          "canChangeTarget": true,
          "attributeType": "NEUTRAL",
          "atkType": "NONE",
          "defType": "GUARD",
          "skillMotion": "Default",
          "parryingCloseType": "NEAR",
          "viewType": "BATTLE",
          "targetNum": 1,
          "defaultValue": 4,
          "skillLevelCorrection": 0,
          "abilityScriptList": [
            {
              "scriptName": "GiveBuffOnBattleStart",
              "buffData": {
                "buffKeyword": "Vulnerable",
                "target": "Self",
                "stack": 2,
                "turn": 0,
                "activeRound": 0
              }
            },
            {
              "scriptName": "EmptyBack"
            }
          ],
          "coinList": [
            {
              "operatorType": "ADD",
              "scale": 4
            }
          ]
        }
      ]
    },

    {
      "id": 863301,
      "skillTier": 2,
      "skillData": [
        {
          "skillTargetType": "RANDOM",
          "canTeamKill": false,
          "canDuel": true,
          "canChangeTarget": true,
          "attributeType": "SHAMROCK",
          "atkType": "PENETRATE",
          "defType": "ATTACK",
          "range": 7,
          "arearange" :  7,
          "skillMotion": "S2",
          "viewType": "BATTLE",
          "targetNum": 1,
          "defaultValue": 4,
          "skillLevelCorrection": 0,
          "abilityScriptList": [
            {
              "scriptName": "86330101"
            },
            {
              "scriptName": "EmptyBody"
            }
          ],
          "coinList": [
            {
              "operatorType": "ADD",
              "grade": 2,
              "color": "GREY",
              "scale": 3,
              "abilityScriptList": [
                {
                  "scriptName": "SuperCoin"
                },
                {
                  "scriptName": "GiveBuffOnSucceedAttack",
                  "buffData": {
                    "buffKeyword": "Laceration",
                    "target": "Target",
                    "stack": 0,
                    "turn": 1,
                    "activeRound": 0
                  }
                }
              ]
            },
            {
              "operatorType": "ADD",
              "grade": 2,
              "color": "GREY",
              "scale": 3,
              "abilityScriptList": [
                {
                  "scriptName": "SuperCoin"
                },
                {
                  "scriptName": "GiveBuffOnSucceedAttack",
                  "buffData": {
                    "buffKeyword": "Laceration",
                    "target": "Target",
                    "stack": 3,
                    "turn": 0,
                    "activeRound": 0
                  }
                }
              ]
            }
          ]
        }
      ]
    },
    {
      "id": 863302,
      "skillTier": 2,
      "skillData": [
        {
          "skillTargetType": "RANDOM",
          "canTeamKill": false,
          "canDuel": true,
          "canChangeTarget": true,
          "attributeType": "SHAMROCK",
          "atkType": "PENETRATE",
          "defType": "ATTACK",
          "skillMotion": "S2",
          "range": 7,
          "arearange": 7,
          "viewType": "BATTLE",
          "targetNum": 1,
          "defaultValue": 5,
          "skillLevelCorrection": 0,
          "abilityScriptList": [
            {
              "scriptName": "86330101"
            },
            {
              "scriptName": "EmptyBody"
            }
          ],
          "coinList": [
            {
              "operatorType": "ADD",
              "scale": 3,
              "abilityScriptList": [
                {
                  "scriptName": "GiveBuffOnSucceedAttack",
                  "buffData": {
                    "buffKeyword": "Laceration",
                    "target": "Target",
                    "stack": 0,
                    "turn": 2,
                    "activeRound": 0
                  }
                }
              ]
            },
            {
              "operatorType": "ADD",
              "scale": 3,
              "abilityScriptList": [
                {
                  "scriptName": "GiveBuffOnSucceedAttack",
                  "buffData": {
                    "buffKeyword": "Laceration",
                    "target": "Target",
                    "stack": 4,
                    "turn": 0,
                    "activeRound": 0
                  }
                }
              ]
            }
          ]
        }
      ]
    },
    {
      "id": 863303,
      "skillTier": 2,
      "skillData": [
        {
          "skillTargetType": "RANDOM",
          "canTeamKill": false,
          "canDuel": true,
          "canChangeTarget": true,
          "attributeType": "SHAMROCK",
          "atkType": "PENETRATE",
          "defType": "ATTACK",
          "skillMotion": "S1",
          "range": 7,
          "arearange": 7,
          "viewType": "BATTLE",
          "targetNum": 4,
          "defaultValue": 6,
          "skillLevelCorrection": 0,
          "abilityScriptList": [
            {
              "scriptName": "86330101"
            },
            {
              "scriptName": "EmptyBody"
            }
          ],
          "coinList": [
            {
              "operatorType": "ADD",
              "grade": 2,
              "color": "GREY",
              "scale": 7,
              "abilityScriptList": [
                {
                  "scriptName": "SuperCoin"
                },
                {
                  "scriptName": "GiveBuffOnSucceedAttack",
                  "buffData": {
                    "buffKeyword": "Laceration",
                    "target": "Target",
                    "stack": 2,
                    "turn": 0,
                    "activeRound": 0
                  }
                },
                {
                  "scriptName": "GiveBuffOnSucceedAttackIfUsableInDuel",
                  "buffData": {
                    "buffKeyword": "Laceration",
                    "target": "Target",
                    "stack": 2,
                    "turn": 0,
                    "activeRound": 0
                  }
                }
              ]
            }
          ]
        }
      ]
    },
    {
      "id": 863311,
      "skillTier": 2,
      "skillData": [
        {
          "skillTargetType": "RANDOM",
          "canTeamKill": false,
          "canDuel": true,
          "canChangeTarget": true,
          "attributeType": "SCARLET",
          "atkType": "PENETRATE",
          "defType": "ATTACK",
          "skillMotion": "S3",
          "range": 7,
          "arearange": 7,
          "viewType": "BATTLE",
          "targetNum": 1,
          "defaultValue": 6,
          "skillLevelCorrection": 0,
          "abilityScriptList": [
            {
              "scriptName": "AttackHighestStackAndTurnTarget_Laceration"
            },
            {
              "scriptName": "SkillPowerResultAdderViaOnUseBuffCheck",
              "buffData": {
                "buffKeyword": "Laceration",
                "buffOwner": "Target",
                "stack": 6,
                "turn": 0,
                "value": 2
              }
            },
            {
              "scriptName": "EmptyHead"
            }
          ],
          "coinList": [
            {
              "operatorType": "ADD",
              "scale": 3,
              "abilityScriptList": [
                {
                  "scriptName": "GiveBuffOnSucceedAttack",
                  "buffData": {
                    "buffKeyword": "ScarletTakeDamageUp",
                    "target": "Target",
                    "stack": 2,
                    "turn": 0,
                    "activeRound": 0
                  }
                }
              ]
            },
            {
              "operatorType": "ADD",
              "scale": 3,
              "abilityScriptList": [
                {
                  "scriptName": "ActivateLacerationOSATarget"
                }
              ]
            }
          ]
        }
      ]
    },
    {
      "id": 863312,
      "skillTier": 2,
      "skillData": [
        {
          "skillTargetType": "RANDOM",
          "canTeamKill": false,
          "canDuel": true,
          "canChangeTarget": true,
          "attributeType": "SCARLET",
          "atkType": "PENETRATE",
          "defType": "ATTACK",
          "skillMotion": "S3",
          "range": 7,
          "arearange": 7,
          "viewType": "BATTLE",
          "targetNum": 1,
          "defaultValue": 5,
          "skillLevelCorrection": 0,
          "abilityScriptList": [
            {
              "scriptName": "AttackHighestStackAndTurnTarget_Laceration"
            },
            {
              "scriptName": "SkillPowerResultAdderViaOnUseBuffCheck",
              "buffData": {
                "buffKeyword": "Laceration",
                "buffOwner": "Target",
                "stack": 6,
                "turn": 0,
                "value": 2
              }
            },
            {
              "scriptName": "EmptyHead"
            }
          ],
          "coinList": [
            {
              "operatorType": "ADD",
              "scale": 4,
              "abilityScriptList": [
                {
                  "scriptName": "GiveBuffOnSucceedAttack",
                  "buffData": {
                    "buffKeyword": "ScarletTakeDamageUp",
                    "target": "Target",
                    "stack": 2,
                    "turn": 0,
                    "activeRound": 0
                  }
                }
              ]
            },
            {
              "operatorType": "ADD",
              "scale": 4,
              "abilityScriptList": [
                {
                  "scriptName": "ActivateLAcerationAllOSATarget"
                }
              ]
            }
          ]
        }
      ]
    },
    {
      "id": 863313,
      "skillTier": 2,
      "skillData": [
        {
          "skillTargetType": "RANDOM",
          "canTeamKill": false,
          "canDuel": true,
          "canChangeTarget": true,
          "attributeType": "SCARLET",
          "atkType": "PENETRATE",
          "defType": "ATTACK",
          "skillMotion": "S5",
          "range": 7,
          "arearange": 7,
          "viewType": "BATTLE",
          "targetNum": 4,
          "defaultValue": 5,
          "skillLevelCorrection": 0,
          "abilityScriptList": [
            {
              "scriptName": "SkillPowerResultAdderViaOnUseBuffCheck",
              "buffData": {
                "buffKeyword": "Laceration",
                "buffOwner": "Target",
                "stack": 6,
                "turn": 0,
                "value": 2
              }
            },
            {
              "scriptName": "EmptyHead"
            }
          ],
          "coinList": [
            {
              "operatorType": "ADD",
              "scale": 6,
              "abilityScriptList": [
                {
                  "scriptName": "ActivateLacerationOSATarget"
                }
              ]
            }
          ]
        }
      ]
    },
    {
      "id": 863314,
      "skillTier": 2,
      "skillData": [
        {
          "skillTargetType": "RANDOM",
          "canTeamKill": false,
          "canDuel": true,
          "canChangeTarget": true,
          "attributeType": "SCARLET",
          "atkType": "PENETRATE",
          "defType": "ATTACK",
          "skillMotion": "S4",
          "range": 10,
          "arearange": 7,
          "viewType": "ENCOUNTER",
          "targetNum": 4,
          "defaultValue": 4,
          "skillLevelCorrection": 0,
          "abilityScriptList": [
            {
              "scriptName": "86331401"
            },
            {
              "scriptName": "GiveBuffOnBattleStart",
              "buffData": {
                "buffKeyword": "AttackDmgUp",
                "target": "Self",
                "stack": 3,
                "turn": 0,
                "activeRound": 0
              }
            },
            {
              "scriptName": "GiveBuffOnBattleStart",
              "buffData": {
                "buffKeyword": "Vulnerable",
                "target": "Self",
                "stack": 2,
                "turn": 0,
                "activeRound": 0
              }
            },
            {
              "scriptName": "EmptyHead"
            }
          ],
          "coinList": [
            {
              "operatorType": "ADD",
              "grade": 2,
              "color": "GREY",
              "scale": 4,
              "abilityScriptList": [
                {
                  "scriptName": "SuperCoin"
                },
                {
                  "scriptName": "GiveBuffOnSucceedAttack",
                  "buffData": {
                    "buffKeyword": "Laceration",
                    "target": "Target",
                    "stack": 2,
                    "turn": 0,
                    "activeRound": 0
                  }
                },
                {
                  "scriptName": "GiveBuffOnSucceedAttackIfUsableInDuel",
                  "buffData": {
                    "buffKeyword": "Laceration",
                    "target": "Target",
                    "stack": 0,
                    "turn": 1,
                    "activeRound": 0
                  }
                }
              ]
            },
            {
              "operatorType": "ADD",
              "grade": 2,
              "color": "GREY",
              "scale": 4,
              "abilityScriptList": [
                {
                  "scriptName": "SuperCoin"
                },
                {
                  "scriptName": "GiveBuffOnSucceedAttack",
                  "buffData": {
                    "buffKeyword": "Laceration",
                    "target": "Target",
                    "stack": 2,
                    "turn": 0,
                    "activeRound": 0
                  }
                },
                {
                  "scriptName": "GiveBuffOnSucceedAttackIfUsableInDuel",
                  "buffData": {
                    "buffKeyword": "Laceration",
                    "target": "Target",
                    "stack": 0,
                    "turn": 1,
                    "activeRound": 0
                  }
                }
              ]
            },
            {
              "operatorType": "ADD",
              "grade": 2,
              "color": "GREY",
              "scale": 4,
              "abilityScriptList": [
                {
                  "scriptName": "SuperCoin"
                },
                {
                  "scriptName": "GiveBuffOnSucceedAttack",
                  "buffData": {
                    "buffKeyword": "Laceration",
                    "target": "Target",
                    "stack": 2,
                    "turn": 0,
                    "activeRound": 0
                  }
                },
                {
                  "scriptName": "GiveBuffOnSucceedAttackIfUsableInDuel",
                  "buffData": {
                    "buffKeyword": "Laceration",
                    "target": "Target",
                    "stack": 0,
                    "turn": 1,
                    "activeRound": 0
                  }
                }
              ]
            }
          ]
        }
      ]
    },
    {
      "id": 863315,
      "skillTier": 2,
      "skillData": [
        {
          "skillTargetType": "RANDOM",
          "canTeamKill": false,
          "canDuel": true,
          "canChangeTarget": true,
          "attributeType": "SCARLET",
          "atkType": "PENETRATE",
          "defType": "COUNTER",
          "skillMotion": "S6",
          "range": 7,
          "arearange": 7,
          "viewType": "ENCOUNTER",
          "parryingCloseType": "NEAR",
          "targetNum": 1,
          "defaultValue": 4,
          "skillLevelCorrection": 0,
          "abilityScriptList": [
            {
              "scriptName": "86331501"
            },
            {
              "scriptName": "EmptyHead"
            }
          ],
          "coinList": [
            {
              "operatorType": "ADD",
              "grade": 2,
              "color": "GREY",
              "scale": 3,
              "abilityScriptList": [
                {
                  "scriptName": "SuperCoin"
                },
                {
                  "scriptName": "86331501"
                }
              ]
            },
            {
              "operatorType": "ADD",
              "grade": 2,
              "color": "GREY",
              "scale": 3,
              "abilityScriptList": [
                {
                  "scriptName": "SuperCoin"
                },
                {
                  "scriptName": "86331501"
                }
              ]
            },
            {
              "operatorType": "ADD",
              "grade": 2,
              "color": "GREY",
              "scale": 3,
              "abilityScriptList": [
                {
                  "scriptName": "SuperCoin"
                },
                {
                  "scriptName": "86331501"
                }
              ]
            }
          ]
        }
      ]
    },
    {
      "id": 863316,
      "skillTier": 2,
      "skillData": [
        {
          "skillTargetType": "RANDOM",
          "canTeamKill": false,
          "canDuel": false,
          "canChangeTarget": true,
          "attributeType": "CRIMSON",
          "atkType": "NONE",
          "defType": "GUARD",
          "skillMotion": "Default",
          "range": 7,
          "arearange": 7,
          "parryingCloseType": "NEAR",
          "targetNum": 1,
          "defaultValue": 20,
          "skillLevelCorrection": 0,
          "abilityScriptList": [
            {
              "scriptName": "86331601"
            },
            {
              "scriptName": "86331602[1:100:1]"
            },
            {
              "scriptName": "EmptyHead"
            }
          ],
          "coinList": [
            {
              "operatorType": "ADD",
              "scale": 5
            }
          ]
        }
      ]
    },
    {
      "id": 863317,
      "skillTier": 2,
      "skillData": [
        {
          "skillTargetType": "RANDOM",
          "canTeamKill": false,
          "canDuel": true,
          "canChangeTarget": true,
          "attributeType": "CRIMSON",
          "atkType": "PENETRATE",
          "defType": "ATTACK",
          "skillMotion": "S7",
          "range": 10,
          "arearange": 7,
          "viewType": "ENCOUNTER",
          "targetNum": 6,
          "defaultValue": 10,
          "skillLevelCorrection": 0,
          "abilityScriptList": [
            {
              "scriptName": "86331701"
            },
            {
              "scriptName": "SkillPowerResultDownOnLoseDuel5"
            },
            {
              "scriptName": "86331702",
              "buffData": {
                "buffKeyword": "Vulnerable",
                "target": "Self",
                "stack": 2,
                "turn": 0,
                "activeRound": 1
              }
            },
            {
              "scriptName": "EmptyHead"
            }
          ],
          "coinList": [
            {
              "operatorType": "ADD",
              "grade": 2,
              "color": "GREY",
              "scale": 8,
              "abilityScriptList": [
                {
                  "scriptName": "SuperCoin"
                },
                {
                  "scriptName": "ActivateLacerationOSATarget"
                }
              ]
            }
          ]
        }
      ]
    }
  ]
}