{
  "list": [
    {
      "id": 851001,
      "skillTier": 1,
      "skillType": "SKILL",
      "skillData": [
        {
          "attributeType": "AZURE",
          "atkType": "HIT",
          "defType": "ATTACK",
          "targetNum": 1,
          "skillTargetType": "RANDOM",
          "canTeamKill": false,
          "canDuel": true,
          "canChangeTarget": true,
          "skillMotion": "S1",
          "viewType": "BATTLE",
          "parryingCloseType": "NEAR",
          "skillLevelCorrection": 4,
          "defaultValue": 3,
          "abilityScriptList": [
            {
              "scriptName": "EmptyBody"
            },
            {
              "scriptName": "GiveMpDmgOnUseTarget15"
            }
          ],
          "coinList": [
            {
              "operatorType": "ADD",
              "scale": 6,
              "abilityScriptList": [
                {
                  "scriptName": "GiveBuffOnSucceedAttackHead",
                  "buffData": {
                    "buffKeyword": "Sinking",
                    "target": "Target",
                    "stack": 5,
                    "turn": 5,
                    "activeRound": 0
                  }
                }
              ]
            }
          ]
        }
      ]
    },
    {
      "id": 851002,
      "skillTier": 1,
      "skillType": "SKILL",
      "skillData": [
        {
          "attributeType": "AZURE",
          "atkType": "HIT",
          "defType": "ATTACK",
          "targetNum": 1,
          "skillTargetType": "RANDOM",
          "canTeamKill": false,
          "canDuel": true,
          "canChangeTarget": true,
          "skillMotion": "S6",
          "viewType": "BATTLE",
          "parryingCloseType": "NEAR",
          "skillLevelCorrection": 4,
          "defaultValue": 4,
          "abilityScriptList": [
            {
              "scriptName": "EmptyBody"
            },
            {
              "scriptName": "HealMpOnStartDuelTarget5"
            }
          ],
          "coinList": [
            {
              "operatorType": "ADD",
              "scale": 7,
              "abilityScriptList": [
                {
                  "scriptName": "AttackByMpDmgRatherThanHpDmg"
                },
                {
                  "scriptName": "AttackDmgDownByRatio50"
                }
              ]
            }
          ]
        }
      ]
    },
    {
      "id": 851003,
      "skillTier": 1,
      "skillType": "SKILL",
      "skillData": [
        {
          "attributeType": "AZURE",
          "atkType": "HIT",
          "defType": "ATTACK",
          "targetNum": 1,
          "skillTargetType": "RANDOM",
          "canTeamKill": false,
          "canDuel": true,
          "canChangeTarget": true,
          "skillMotion": "S2",
          "viewType": "BATTLE",
          "parryingCloseType": "NEAR",
          "skillLevelCorrection": 4,
          "defaultValue": 3,
          "abilityScriptList": [
            {
              "scriptName": "EmptyLeftEye"
            },
            {
              "scriptName": "AttackDmgUpOnAttackNegativeMpByRatio10"
            },
            {
              "scriptName": "GiveMpDmgOnUseTarget5"
            }
          ],
          "coinList": [
            {
              "operatorType": "ADD",
              "scale": 4,
              "abilityScriptList": [
                {
                  "scriptName": "GiveAdditionalBuffStackDmgOnSuccessAttackHead",
                  "buffData": {
                    "buffKeyword": "Sinking",
                    "target": "Target",
                    "buffOwner": "Target",
                    "value": 1,
                    "stack": 0,
                    "turn": 0,
                    "activeRound": 0
                  }
                }
              ]
            },
            {
              "operatorType": "ADD",
              "scale": 4,
              "abilityScriptList": [
                {
                  "scriptName": "GiveAdditionalBuffStackMpDmgOnSuccessAttackHead",
                  "buffData": {
                    "buffKeyword": "Sinking",
                    "target": "Target",
                    "buffOwner": "Target",
                    "value": 1,
                    "stack": 0,
                    "turn": 0,
                    "activeRound": 0
                  }
                }
              ]
            }
          ]
        }
      ]
    },
    {
      "id": 851004,
      "skillTier": 1,
      "skillType": "SKILL",
      "skillData": [
        {
          "attributeType": "AZURE",
          "atkType": "HIT",
          "defType": "ATTACK",
          "targetNum": 1,
          "skillTargetType": "RANDOM",
          "canTeamKill": false,
          "canDuel": true,
          "canChangeTarget": true,
          "skillMotion": "S3",
          "viewType": "ENCOUNTER",
          "parryingCloseType": "NEAR",
          "skillLevelCorrection": 4,
          "defaultValue": 3,
          "abilityScriptList": [
            {
              "scriptName": "EmptyRightEye"
            },
            {
              "scriptName": "AttackHighestStackTarget_Sinking"
            },
            {
              "scriptName": "GiveMpDmgOnUseTarget5"
            }
          ],
          "coinList": [
            {
              "operatorType": "ADD",
              "scale": 3,
              "abilityScriptList": [
                {
                  "scriptName": "GiveBuffOnSucceedAttack",
                  "buffData": {
                    "buffKeyword": "Sinking",
                    "target": "Target",
                    "stack": 0,
                    "turn": 3,
                    "activeRound": 0
                  }
                }
              ]
            },
            {
              "operatorType": "ADD",
              "scale": 3,
              "abilityScriptList": [
                {
                  "scriptName": "GiveAdditionalBuffStackDmgOnSuccessAttackHead",
                  "buffData": {
                    "buffKeyword": "Sinking",
                    "target": "Target",
                    "buffOwner": "Target",
                    "value": 1,
                    "stack": 0,
                    "turn": 0,
                    "activeRound": 0
                  }
                }
              ]
            },
            {
              "operatorType": "ADD",
              "scale": 3,
              "abilityScriptList": [
                {
                  "scriptName": "GiveAdditionalBuffStackMpDmgOnSuccessAttackHead",
                  "buffData": {
                    "buffKeyword": "Sinking",
                    "target": "Target",
                    "buffOwner": "Target",
                    "value": 1,
                    "stack": 0,
                    "turn": 0,
                    "activeRound": 0
                  }
                }
              ]
            }
          ]
        }
      ]
    },
    {
      "id": 851005,
      "skillTier": 1,
      "skillType": "SKILL",
      "skillData": [
        {
          "attributeType": "AZURE",
          "atkType": "HIT",
          "defType": "ATTACK",
          "targetNum": 3,
          "skillTargetType": "RANDOM",
          "canTeamKill": false,
          "canDuel": true,
          "canChangeTarget": true,
          "skillMotion": "S2",
          "viewType": "BATTLE",
          "parryingCloseType": "NEAR",
          "skillLevelCorrection": 4,
          "defaultValue": 3,
          "abilityScriptList": [
            {
              "scriptName": "EmptyLeftEye"
            },
            {
              "scriptName": "EmptyRightEye"
            },
            {
              "scriptName": "AttackDmgUpOnAttackNegativeMpByRatio10"
            },
            {
              "scriptName": "GiveBuffOnLoseDuel",
              "buffData": {
                "target": "Self",
                "buffKeyword": "Vulnerable",
                "stack": 3
              }
            }
          ],
          "coinList": [
            {
              "operatorType": "ADD",
              "scale": 7,
              "abilityScriptList": [
                {
                  "scriptName": "GiveBuffOnSucceedAttackHeadByDuplicateStackAndTurn_Sinking",
                  "buffData": {
                    "buffKeyword": "Sinking",
                    "target": "Target",
                    "buffOwner": "Target",
                    "stack": -1,
                    "turn": -1,
                    "activeRound": 0
                  }
                }
              ]
            }
          ]
        }
      ]
    },
    {
      "id": 851006,
      "skillTier": 1,
      "skillType": "SKILL",
      "skillData": [
        {
          "attributeType": "AZURE",
          "atkType": "HIT",
          "defType": "ATTACK",
          "targetNum": 1,
          "skillTargetType": "RANDOM",
          "canTeamKill": false,
          "canDuel": true,
          "canChangeTarget": true,
          "skillMotion": "S4",
          "viewType": "BATTLE",
          "parryingCloseType": "NEAR",
          "skillLevelCorrection": 4,
          "defaultValue": 3,
          "abilityScriptList": [
            {
              "scriptName": "EmptyLeftEye"
            },
            {
              "scriptName": "AttackDmgUpOnAttackNegativeMpByRatio10"
            },
            {
              "scriptName": "GiveMpDmgOnUseTarget5"
            }
          ],
          "coinList": [
            {
              "operatorType": "ADD",
              "scale": 7,
              "abilityScriptList": [
                {
                  "scriptName": "GiveAdditionalBuffStackMpDmgOnSuccessAttackHead",
                  "buffData": {
                    "buffKeyword": "Sinking",
                    "target": "Target",
                    "buffOwner": "Target",
                    "value": 1,
                    "stack": 0,
                    "turn": 0,
                    "activeRound": 0
                  }
                }
              ]
            }
          ]
        }
      ]
    },
    {
      "id": 851007,
      "skillTier": 1,
      "skillType": "SKILL",
      "skillData": [
        {
          "attributeType": "AZURE",
          "atkType": "HIT",
          "defType": "ATTACK",
          "targetNum": 1,
          "skillTargetType": "RANDOM",
          "canTeamKill": false,
          "canDuel": true,
          "canChangeTarget": true,
          "skillMotion": "S5",
          "viewType": "BATTLE",
          "parryingCloseType": "NEAR",
          "skillLevelCorrection": 4,
          "defaultValue": 4,
          "abilityScriptList": [
            {
              "scriptName": "EmptyRightEye"
            },
            {
              "scriptName": "AttackDmgUpOnAttackNegativeMpByRatio10"
            },
            {
              "scriptName": "GiveMpDmgOnUseTarget5"
            }
          ],
          "coinList": [
            {
              "operatorType": "ADD",
              "scale": 7,
              "abilityScriptList": [
                {
                  "scriptName": "GiveAdditionalBuffStackDmgOnSuccessAttackHead",
                  "buffData": {
                    "buffKeyword": "Sinking",
                    "target": "Target",
                    "buffOwner": "Target",
                    "value": 1,
                    "stack": 0,
                    "turn": 0,
                    "activeRound": 0
                  }
                }
              ]
            }
          ]
        }
      ]
    },
    {
      "id": 851008,
      "skillTier": 1,
      "skillData": [
        {
          "canTeamKill": false,
          "canDuel": false,
          "canChangeTarget": true,
          "attributeType": "NEUTRAL",
          "atkType": "NONE",
          "defType": "GUARD",
          "skillMotion": "Default",
          "viewType": "BATTLE",
          "parryingCloseType": "NEAR",
          "targetNum": 1,
          "defaultValue": 7,
          "skillLevelCorrection": 10,
          "skillTargetType": "RANDOM",
          "abilityScriptList": [
            {
              "scriptName": "EmptyBody"
            },
            {
              "scriptName": "GiveBuffOnBattleStart",
              "buffData": {
                "buffKeyword": "Protection",
                "target": "IfAbnormalityAllPartsOrSelf",
                "stack": 2,
                "turn": 0,
                "activeRound": 0
              }
            }
          ],
          "coinList": [
            {
              "operatorType": "ADD",
              "scale": 5
            }
          ]
        }
      ]
    },
    {
      "id": 851901,
      "skillTier": 1,
      "skillType": "SKILL",
      "skillData": [
        {
          "attributeType": "AZURE",
          "atkType": "HIT",
          "defType": "ATTACK",
          "targetNum": 1,
          "skillTargetType": "RANDOM",
          "canTeamKill": false,
          "canDuel": true,
          "canChangeTarget": true,
          "skillMotion": "S1",
          "viewType": "BATTLE",
          "parryingCloseType": "NEAR",
          "skillLevelCorrection": -5,
          "defaultValue": 5,
          "abilityScriptList": [
            {
              "scriptName": "EmptyBody"
            },
            {
              "scriptName": "GiveBuffOnUse",
              "buffData": {
                "buffKeyword": "Charge",
                "target": "AbnormalitySelf",
                "stack": 0,
                "turn": 4,
                "activeRound": 0
              }
            }
          ],
          "coinList": [
            {
              "operatorType": "ADD",
              "scale": 4
            },
            {
              "operatorType": "ADD",
              "scale": 4
            }
          ]
        }
      ]
    },
    {
      "id": 851902,
      "skillTier": 1,
      "skillType": "SKILL",
      "skillData": [
        {
          "attributeType": "AZURE",
          "atkType": "HIT",
          "defType": "ATTACK",
          "targetNum": 1,
          "skillTargetType": "RANDOM",
          "canTeamKill": false,
          "canDuel": true,
          "canChangeTarget": true,
          "skillMotion": "S1",
          "viewType": "BATTLE",
          "parryingCloseType": "NEAR",
          "skillLevelCorrection": -5,
          "defaultValue": 6,
          "abilityScriptList": [
            {
              "scriptName": "EmptyBody"
            }
          ],
          "coinList": [
            {
              "operatorType": "ADD",
              "scale": 2
            },
            {
              "operatorType": "ADD",
              "scale": 2,
              "abilityScriptList": [
                {
                  "scriptName": "GiveBuffOnSucceedAttackHead",
                  "buffData": {
                    "buffKeyword": "PlusCoinValueDown",
                    "target": "Target",
                    "stack": 1,
                    "turn": 0,
                    "activeRound": 1
                  }
                }
              ]
            }
          ]
        }
      ]
    },
    {
      "id": 851903,
      "skillTier": 1,
      "skillType": "SKILL",
      "skillData": [
        {
          "attributeType": "VIOLET",
          "atkType": "HIT",
          "defType": "ATTACK",
          "targetNum": 1,
          "skillTargetType": "RANDOM",
          "canTeamKill": false,
          "canDuel": true,
          "canChangeTarget": true,
          "skillMotion": "S2",
          "viewType": "BATTLE",
          "parryingCloseType": "NEAR",
          "skillLevelCorrection": -5,
          "defaultValue": 8,
          "abilityScriptList": [
            {
              "scriptName": "EmptyBody"
            }
          ],
          "coinList": [
            {
              "operatorType": "ADD",
              "scale": 4,
              "abilityScriptList": [
                {
                  "scriptName": "GiveBuffOnSucceedAttack",
                  "buffData": {
                    "buffKeyword": "Paralysis",
                    "target": "Target",
                    "stack": 3,
                    "turn": 0,
                    "activeRound": 1
                  }
                }
              ]
            }
          ]
        }
      ]
    },
    {
      "id": 851904,
      "skillTier": 1,
      "skillType": "SKILL",
      "skillData": [
        {
          "attributeType": "VIOLET",
          "atkType": "HIT",
          "defType": "ATTACK",
          "targetNum": 1,
          "skillTargetType": "RANDOM",
          "canTeamKill": false,
          "canDuel": true,
          "canChangeTarget": true,
          "skillMotion": "S3",
          "range": 999,
          "viewType": "ENCOUNTER",
          "parryingCloseType": "NEAR",
          "skillLevelCorrection": -5,
          "defaultValue": 16,
          "abilityScriptList": [
            {
              "scriptName": "EmptyBody"
            },
            {
              "scriptName": "UseBuffAllTurnOnUse",
              "buffData": {
                "buffKeyword": "Charge",
                "target": "AbnormalitySelf"
              }
            }
          ],
          "coinList": [
            {
              "operatorType": "ADD",
              "scale": 6,
              "abilityScriptList": [
                {
                  "scriptName": "GiveBuffOnSucceedAttack",
                  "buffData": {
                    "buffKeyword": "Duress",
                    "target": "Target",
                    "stack": 3,
                    "turn": 0,
                    "activeRound": 0
                  }
                }
              ]
            }
          ]
        }
      ]
    },
    {
      "id": 851905,
      "skillTier": 1,
      "skillType": "SKILL",
      "skillData": [
        {
          "attributeType": "VIOLET",
          "atkType": "HIT",
          "defType": "ATTACK",
          "targetNum": 1,
          "skillTargetType": "RANDOM",
          "canTeamKill": false,
          "canDuel": false,
          "canChangeTarget": false,
          "skillMotion": "S3",
          "viewType": "ENCOUNTER",
          "range": 999,
          "parryingCloseType": "NEAR",
          "skillLevelCorrection": -5,
          "defaultValue": 20,
          "abilityScriptList": [
            {
              "scriptName": "EmptyBody"
            }
          ],
          "coinList": [
            {
              "operatorType": "ADD",
              "scale": 5,
              "abilityScriptList": [
                {
                  "scriptName": "GiveBuffOnSucceedAttack",
                  "buffData": {
                    "buffKeyword": "Combustion",
                    "target": "Target",
                    "stack": 10,
                    "turn": 0,
                    "activeRound": 0
                  }
                }
              ]
            }
          ]
        }
      ]
    },
    {
      "id": 851906,
      "skillTier": 1,
      "skillType": "SKILL",
      "skillData": [
        {
          "attributeType": "VIOLET",
          "atkType": "HIT",
          "defType": "ATTACK",
          "targetNum": 1,
          "skillTargetType": "RANDOM",
          "canTeamKill": false,
          "canDuel": true,
          "canChangeTarget": true,
          "skillMotion": "S1",
          "viewType": "BATTLE",
          "parryingCloseType": "NEAR",
          "skillLevelCorrection": -5,
          "defaultValue": 4,
          "abilityScriptList": [
            {
              "scriptName": "EmptyBody"
            }
          ],
          "coinList": [
            {
              "operatorType": "ADD",
              "scale": 7,
              "abilityScriptList": [
                {
                  "scriptName": "GiveBuffOnSuccessAttackUsingBuffTurn_Charge2",
                  "buffData": {
                    "buffKeyword": "Combustion",
                    "target": "Target",
                    "buffOwner": "AbnormalitySelf",
                    "stack": 5,
                    "turn": 0,
                    "activeRound": 0
                  }
                }
              ]
            },
            {
              "operatorType": "ADD",
              "scale": 7,
              "abilityScriptList": [
                {
                  "scriptName": "GiveBuffOnSuccessAttackUsingBuffTurn_Charge2",
                  "buffData": {
                    "buffKeyword": "Combustion",
                    "target": "Target",
                    "buffOwner": "AbnormalitySelf",
                    "stack": 5,
                    "turn": 0,
                    "activeRound": 0
                  }
                }
              ]
            }
          ]
        }
      ]
    },
    {
      "id": 851907,
      "skillTier": 1,
      "skillType": "SKILL",
      "skillData": [
        {
          "canTeamKill": false,
          "canDuel": false,
          "canChangeTarget": true,
          "attributeType": "NEUTRAL",
          "atkType": "NONE",
          "defType": "GUARD",
          "skillMotion": "Default",
          "viewType": "BATTLE",
          "parryingCloseType": "NEAR",
          "skillLevelCorrection": 15,
          "defaultValue": 10,
          "abilityScriptList": [
            {
              "scriptName": "EmptyBody"
            },
            {
              "scriptName": "GiveBuffOnUse",
              "buffData": {
                "buffKeyword": "Protection",
                "target": "Self",
                "stack": 5,
                "turn": 0,
                "activeRound": 0
              }
            }
          ],
          "coinList": [
            {
              "operatorType": "ADD",
              "scale": 2
            }
          ]
        }
      ]
    },
    {
      "id": 851908,
      "skillTier": 1,
      "skillType": "SKILL",
      "skillData": [
        {
          "canTeamKill": false,
          "canDuel": false,
          "canChangeTarget": true,
          "attributeType": "NEUTRAL",
          "atkType": "NONE",
          "defType": "GUARD",
          "skillMotion": "Default",
          "viewType": "BATTLE",
          "parryingCloseType": "NEAR",
          "skillLevelCorrection": 15,
          "defaultValue": 4,
          "abilityScriptList": [
            {
              "scriptName": "EmptyBody"
            }
          ],
          "coinList": [
            {
              "operatorType": "ADD",
              "scale": 1
            }
          ]
        }
      ]
    },
    {
      "id": 851909,
      "skillTier": 1,
      "skillType": "SKILL",
      "skillData": [
        {
          "attributeType": "VIOLET",
          "atkType": "HIT",
          "defType": "ATTACK",
          "targetNum": 1,
          "skillTargetType": "RANDOM",
          "canTeamKill": false,
          "canDuel": false,
          "canChangeTarget": false,
          "skillMotion": "S3",
          "range": 999,
          "actionScript": "851904",
          "viewType": "ENCOUNTER",
          "parryingCloseType": "NEAR",
          "skillLevelCorrection": -5,
          "defaultValue": 7,
          "abilityScriptList": [
            {
              "scriptName": "EmptyBody"
            },
            {
              "scriptName": "AttackHighestHpTarget"
            },
            {
              "scriptName": "UseBuffAllTurnOnUse",
              "buffData": {
                "buffKeyword": "Charge",
                "target": "AbnormalitySelf"
              }
            }
          ],
          "coinList": [
            {
              "operatorType": "ADD",
              "scale": 2,
              "abilityScriptList": [
                {
                  "scriptName": "GiveBuffOnSucceedAttack",
                  "buffData": {
                    "buffKeyword": "Duress",
                    "target": "Target",
                    "stack": 3,
                    "turn": 0,
                    "activeRound": 0
                  }
                }
              ]
            }
          ]
        }
      ]
    },
    {
      "id": 852101,
      "skillTier": 1,
      "skillType": "SKILL",
      "skillData": [
        {
          "attributeType": "SHAMROCK",
          "atkType": "HIT",
          "defType": "ATTACK",
          "targetNum": 1,
          "skillTargetType": "RANDOM",
          "canTeamKill": false,
          "canDuel": true,
          "canChangeTarget": true,
          "skillMotion": "S1",
          "viewType": "BATTLE",
          "parryingCloseType": "NEAR",
          "skillLevelCorrection": 0,
          "defaultValue": 4,
          "abilityScriptList": [
            {
              "scriptName": "EmptyBody"
            }
          ],
          "coinList": [
            {
              "operatorType": "ADD",
              "scale": 7,
              "abilityScriptList": [
                {
                  "scriptName": "GiveBuffOnSucceedAttackHead",
                  "buffData": {
                    "buffKeyword": "Burst",
                    "target": "Target",
                    "stack": 1,
                    "turn": 0,
                    "activeRound": 0
                  }
                }
              ]
            }
          ]
        }
      ]
    },
    {
      "id": 852102,
      "skillTier": 1,
      "skillType": "SKILL",
      "skillData": [
        {
          "attributeType": "SHAMROCK",
          "atkType": "HIT",
          "defType": "ATTACK",
          "targetNum": 1,
          "skillTargetType": "RANDOM",
          "canTeamKill": false,
          "canDuel": true,
          "canChangeTarget": true,
          "skillMotion": "S2",
          "viewType": "BATTLE",
          "parryingCloseType": "NEAR",
          "skillLevelCorrection": 0,
          "defaultValue": 3,
          "abilityScriptList": [
            {
              "scriptName": "EmptyBody"
            }
          ],
          "coinList": [
            {
              "operatorType": "ADD",
              "scale": 3,
              "abilityScriptList": [
                {
                  "scriptName": "GiveBuffOnSucceedAttackHead",
                  "buffData": {
                    "buffKeyword": "Burst",
                    "target": "Target",
                    "stack": 3,
                    "turn": 0,
                    "activeRound": 0
                  }
                }
              ]
            },
            {
              "operatorType": "ADD",
              "scale": 3,
              "abilityScriptList": [
                {
                  "scriptName": "GiveBuffOnSucceedAttackHead",
                  "buffData": {
                    "buffKeyword": "Burst",
                    "target": "Target",
                    "stack": 0,
                    "turn": 3,
                    "activeRound": 0
                  }
                }
              ]
            }
          ]
        }
      ]
    },
    {
      "id": 852103,
      "skillTier": 1,
      "skillType": "SKILL",
      "skillData": [
        {
          "attributeType": "SHAMROCK",
          "atkType": "HIT",
          "defType": "ATTACK",
          "targetNum": 1,
          "skillTargetType": "RANDOM",
          "canTeamKill": false,
          "canDuel": true,
          "canChangeTarget": true,
          "skillMotion": "S3",
          "viewType": "ENCOUNTER",
          "parryingCloseType": "NEAR",
          "skillLevelCorrection": 0,
          "defaultValue": 3,
          "abilityScriptList": [
            {
              "scriptName": "EmptyBody"
            },
            {
              "scriptName": "HealHpOnLoseDuelAbnormalitySelf10"
            },
            {
              "scriptName": "HealHpOnLoseDuelSelf10"
            }

          ],
          "coinList": [
            {
              "operatorType": "ADD",
              "scale": 4,
              "abilityScriptList": [
                {
                  "scriptName": "GiveBuffOnSucceedAttack",
                  "buffData": {
                    "buffKeyword": "Burst",
                    "target": "Target",
                    "stack": 0,
                    "turn": 2,
                    "activeRound": 0
                  }
                }
              ]
            },
            {
              "operatorType": "ADD",
              "scale": 4,
              "abilityScriptList": [
                {
                  "scriptName": "GiveAdditionalBuffStackDmgOnSuccessAttackHead",
                  "buffData": {
                    "buffKeyword": "Burst",
                    "target": "Target",
                    "buffOwner": "Target",
                    "value": 1,
                    "stack": 0,
                    "turn": 0,
                    "activeRound": 0
                  }
                },
                {
                  "scriptName": "UseBuffAllTurnOnSucceedAttack",
                  "buffData": {
                    "buffKeyword": "Burst",
                    "target": "Target"
                  }
                }
              ]
            }
          ]
        }
      ]
    },
    {
      "id": 852301,
      "skillTier": 1,
      "skillType": "SKILL",
      "skillData": [
        {
          "attributeType": "SHAMROCK",
          "atkType": "HIT",
          "defType": "ATTACK",
          "targetNum": 1,
          "skillTargetType": "RANDOM",
          "canTeamKill": false,
          "canDuel": true,
          "canChangeTarget": true,
          "skillMotion": "S1",
          "viewType": "BATTLE",
          "parryingCloseType": "NEAR",
          "skillLevelCorrection": -3,
          "defaultValue": 5,
          "abilityScriptList": [
            {
              "scriptName": "EmptyBody"
            }
          ],
          "coinList": [
            {
              "operatorType": "ADD",
              "scale": 6,
              "abilityScriptList": [
                {
                  "scriptName": "GiveBuffOnSucceedAttackHead",
                  "buffData": {
                    "buffKeyword": "Burst",
                    "target": "Target",
                    "stack": 3,
                    "turn": 0,
                    "activeRound": 0
                  }
                }
              ]
            }
          ]
        }
      ]
    },
    {
      "id": 852302,
      "skillTier": 1,
      "skillType": "SKILL",
      "skillData": [
        {
          "attributeType": "SHAMROCK",
          "atkType": "HIT",
          "defType": "ATTACK",
          "targetNum": 1,
          "skillTargetType": "RANDOM",
          "canTeamKill": false,
          "canDuel": true,
          "canChangeTarget": true,
          "skillMotion": "S2",
          "viewType": "BATTLE",
          "parryingCloseType": "NEAR",
          "skillLevelCorrection": -3,
          "defaultValue": 4,
          "abilityScriptList": [
            {
              "scriptName": "EmptyBody"
            }
          ],
          "coinList": [
            {
              "operatorType": "ADD",
              "scale": 3
            },
            {
              "operatorType": "ADD",
              "scale": 3,
              "abilityScriptList": [
                {
                  "scriptName": "GiveBuffOnSucceedAttackHead",
                  "buffData": {
                    "buffKeyword": "Burst",
                    "target": "Target",
                    "stack": 3,
                    "turn": 0,
                    "activeRound": 0
                  }
                }
              ]
            }
          ]
        }
      ]
    },
    {
      "id": 852303,
      "skillTier": 1,
      "skillType": "SKILL",
      "skillData": [
        {
          "attributeType": "SHAMROCK",
          "atkType": "HIT",
          "defType": "ATTACK",
          "targetNum": 1,
          "skillTargetType": "RANDOM",
          "canTeamKill": false,
          "canDuel": true,
          "canChangeTarget": true,
          "skillMotion": "S3",
          "viewType": "ENCOUNTER",
          "parryingCloseType": "NEAR",
          "skillLevelCorrection": -3,
          "defaultValue": 3,
          "abilityScriptList": [
            {
              "scriptName": "EmptyBody"
            },
            {
              "scriptName": "AttackHighestHpTarget"
            }
          ],
          "coinList": [
            {
              "operatorType": "ADD",
              "scale": 3
            },
            {
              "operatorType": "ADD",
              "scale": 3,
              "scriptName": "852303_2"
            },
            {
              "operatorType": "ADD",
              "scale": 3,
              "scriptName": "852303_3"
            },
            {
              "operatorType": "ADD",
              "scale": 3,
              "scriptName": "852303_4"
            }
          ]
        }
      ]
    },
    {
      "id": 852701,
      "skillTier": 1,
      "skillType": "SKILL",
      "skillData": [
        {
          "attributeType": "SCARLET",
          "atkType": "PENETRATE",
          "defType": "ATTACK",
          "targetNum": 1,
          "skillTargetType": "RANDOM",
          "canTeamKill": false,
          "canDuel": true,
          "canChangeTarget": true,
          "skillMotion": "S1",
          "viewType": "BATTLE",
          "parryingCloseType": "NEAR",
          "range": 999,
          "skillLevelCorrection": 0,
          "defaultValue": 5,
          "abilityScriptList": [
            {
              "scriptName": "EmptyBody"
            },
            {
              "scriptName": "GiveBuffOnUse",
              "buffData": {
                "buffKeyword": "Protection",
                "target": "RandomAllyExceptSelf",
                "stack": 2,
                "turn": 0,
                "activeRound": 0
              }
            }
          ],
          "coinList": [
            {
              "operatorType": "ADD",
              "scale": 5,
              "abilityScriptList": [
                {
                  "scriptName": "GiveBuffOnSucceedAttack",
                  "buffData": {
                    "buffKeyword": "AttackDmgDown",
                    "target": "Target",
                    "stack": 3,
                    "turn": 0,
                    "activeRound": 1
                  }
                }
              ]
            }
          ]
        }
      ]
    },
    {
      "id": 852702,
      "skillTier": 1,
      "skillType": "SKILL",
      "skillData": [
        {
          "attributeType": "SCARLET",
          "atkType": "PENETRATE",
          "defType": "ATTACK",
          "targetNum": 1,
          "skillTargetType": "RANDOM",
          "canTeamKill": false,
          "canDuel": true,
          "canChangeTarget": true,
          "skillMotion": "S4",
          "viewType": "BATTLE",
          "parryingCloseType": "NEAR",
          "range": 999,
          "skillLevelCorrection": 0,
          "defaultValue": 4,
          "abilityScriptList": [
            {
              "scriptName": "EmptyBody"
            },
            {
              "scriptName": "GiveBuffOnBattleStart",
              "buffData": {
                "buffKeyword": "Enhancement",
                "target": "RandomAllyExceptSelf",
                "stack": 2,
                "turn": 0,
                "activeRound": 0
              }
            }
          ],
          "coinList": [
            {
              "operatorType": "ADD",
              "scale": 1
            },
            {
              "operatorType": "ADD",
              "scale": 1,
              "abilityScriptList": [
                {
                  "scriptName": "GiveBuffOnSucceedAttack",
                  "buffData": {
                    "buffKeyword": "AttackDmgUp",
                    "target": "RandomAlly",
                    "stack": 2,
                    "turn": 0,
                    "activeRound": 1
                  }
                }
              ]
            }
          ]
        }
      ]
    },
    {
      "id": 852703,
      "skillTier": 1,
      "skillType": "SKILL",
      "skillData": [
        {
          "attributeType": "SCARLET",
          "atkType": "PENETRATE",
          "defType": "ATTACK",
          "targetNum": 1,
          "skillTargetType": "RANDOM",
          "canTeamKill": false,
          "canDuel": true,
          "canChangeTarget": true,
          "skillMotion": "S2",
          "viewType": "BATTLE",
          "parryingCloseType": "NEAR",
          "range": 999,
          "skillLevelCorrection": 0,
          "defaultValue": 4,
          "abilityScriptList": [
            {
              "scriptName": "EmptyLeg"
            },
            {
              "scriptName": "GiveBuffOnUse",
              "buffData": {
                "buffKeyword": "Protection",
                "target": "Target",
                "stack": 3,
                "turn": 0,
                "activeRound": 1
              }
            }
          ],
          "coinList": [
            {
              "operatorType": "ADD",
              "scale": 4
            }
          ]
        }
      ]
    },
    {
      "id": 852704,
      "skillTier": 1,
      "skillType": "SKILL",
      "skillData": [
        {
          "attributeType": "SCARLET",
          "atkType": "PENETRATE",
          "defType": "ATTACK",
          "targetNum": 1,
          "skillTargetType": "RANDOM",
          "canTeamKill": false,
          "canDuel": true,
          "canChangeTarget": true,
          "skillMotion": "S5",
          "viewType": "BATTLE",
          "parryingCloseType": "NEAR",
          "range": 999,
          "skillLevelCorrection": 5,
          "defaultValue": 3,
          "abilityScriptList": [
            {
              "scriptName": "EmptyLeg"
            },
            {
              "scriptName": "GiveBuffOnUse",
              "buffData": {
                "buffKeyword": "AttackDmgUp",
                "target": "Target",
                "stack": 3,
                "turn": 0,
                "activeRound": 1
              }
            }
          ],
          "coinList": [
            {
              "operatorType": "ADD",
              "scale": 1
            },
            {
              "operatorType": "ADD",
              "scale": 1
            }
          ]
        }
      ]
    },
    {
      "id": 852705,
      "skillTier": 1,
      "skillType": "SKILL",
      "skillData": [
        {
          "attributeType": "CRIMSON",
          "atkType": "PENETRATE",
          "defType": "ATTACK",
          "targetNum": 1,
          "skillTargetType": "RANDOM",
          "canTeamKill": true,
          "canDuel": true,
          "canChangeTarget": true,
          "skillMotion": "S3",
          "viewType": "ENCOUNTER",
          "parryingCloseType": "NEAR",
          "range": 999,
          "skillLevelCorrection": 0,
          "defaultValue": 18,
          "abilityScriptList": [
            {
              "scriptName": "EmptyBody"
            },
            {
              "scriptName": "852705"
            }
          ],
          "coinList": [
            {
              "operatorType": "ADD",
              "scale": 8,
              "abilityScriptList": [
                {
                  "scriptName": "GiveBuffOnSucceedAttackIfHasStack_Cycle1",
                  "buffData": {
                    "buffKeyword": "Cycle",
                    "buffOwner": "AbnormalityTarget",
                    "target": "AbnormalityTarget",
                    "stack": 50,
                    "turn": 0,
                    "activeRound": 0
                  }
                }
              ]
            }
          ]
        }
      ]
    },
    {
      "id": 852706,
      "skillTier": 1,
      "skillType": "SKILL",
      "skillData": [
        {
          "attributeType": "SCARLET",
          "atkType": "PENETRATE",
          "defType": "ATTACK",
          "targetNum": 1,
          "skillTargetType": "RANDOM",
          "canTeamKill": false,
          "canDuel": true,
          "canChangeTarget": true,
          "skillMotion": "S5",
          "viewType": "BATTLE",
          "parryingCloseType": "NEAR",
          "range": 999,
          "skillLevelCorrection": -5,
          "defaultValue": 10,
          "abilityScriptList": [
            {
              "scriptName": "EmptyLeg"
            },
            {
              "scriptName": "852706"
            }
          ],
          "coinList": [
            {
              "operatorType": "ADD",
              "scale": 2,
              "abilityScriptList": [
                {
                  "scriptName": "GiveBuffOnSucceedAttack",
                  "buffData": {
                    "buffKeyword": "Reduction",
                    "target": "Target",
                    "stack": 2,
                    "turn": 0,
                    "activeRound": 1
                  }
                }
              ]
            }
          ]
        }
      ]
    },
    {
      "id": 852707,
      "skillTier": 1,
      "skillType": "SKILL",
      "skillData": [
        {
          "attributeType": "CRIMSON",
          "atkType": "PENETRATE",
          "defType": "ATTACK",
          "targetNum": 1,
          "skillTargetType": "RANDOM",
          "canTeamKill": false,
          "canDuel": true,
          "canChangeTarget": true,
          "skillMotion": "S4",
          "viewType": "BATTLE",
          "parryingCloseType": "NEAR",
          "range": 999,
          "skillLevelCorrection": 0,
          "defaultValue": 6,
          "abilityScriptList": [
            {
              "scriptName": "EmptyBody"
            },
            {
              "scriptName": "GiveBuffOnLoseDuel",
              "buffData": {
                "buffKeyword": "Cycle",
                "target": "RandomAllyAbnormalityExceptSelf",
                "stack": 20,
                "turn": 0,
                "activeRound": 0
              }
            }
          ],
          "coinList": [
            {
              "operatorType": "ADD",
              "scale": 3,
              "abilityScriptList": [
                {
                  "scriptName": "GiveBuffOnSucceedAttack",
                  "buffData": {
                    "buffKeyword": "Cycle",
                    "target": "AbnormalityTarget",
                    "stack": 20,
                    "turn": 0,
                    "activeRound": 0
                  }
                }
              ]
            }
          ]
        }
      ]
    },
    {
      "id": 852708,
      "skillTier": 1,
      "skillType": "SKILL",
      "skillData": [
        {
          "attributeType": "CRIMSON",
          "atkType": "PENETRATE",
          "defType": "ATTACK",
          "targetNum": 1,
          "skillTargetType": "RANDOM",
          "canTeamKill": false,
          "canDuel": true,
          "canChangeTarget": true,
          "skillMotion": "S4",
          "viewType": "BATTLE",
          "parryingCloseType": "NEAR",
          "range": 999,
          "skillLevelCorrection": 0,
          "defaultValue": 5,
          "abilityScriptList": [
            {
              "scriptName": "EmptyBody"
            },
            {
              "scriptName": "GiveBuffOnLoseDuel",
              "buffData": {
                "buffKeyword": "Cycle",
                "target": "RandomAllyAbnormalityExceptSelf",
                "stack": 20,
                "turn": 0,
                "activeRound": 0
              }
            }
          ],
          "coinList": [
            {
              "operatorType": "ADD",
              "scale": 4,
              "abilityScriptList": [
                {
                  "scriptName": "GiveBuffOnSucceedAttack",
                  "buffData": {
                    "buffKeyword": "Cycle",
                    "target": "AbnormalityTarget",
                    "stack": 10,
                    "turn": 0,
                    "activeRound": 0
                  }
                }
              ]
            },
            {
              "operatorType": "ADD",
              "scale": 4,
              "abilityScriptList": [
                {
                  "scriptName": "GiveBuffOnSucceedAttack",
                  "buffData": {
                    "buffKeyword": "Cycle",
                    "target": "AbnormalityTarget",
                    "stack": 10,
                    "turn": 0,
                    "activeRound": 0
                  }
                }
              ]
            }
          ]
        }
      ]
    },
    {
      "id": 852709,
      "skillTier": 1,
      "skillType": "SKILL",
      "skillData": [
        {
          "attributeType": "CRIMSON",
          "atkType": "PENETRATE",
          "defType": "ATTACK",
          "targetNum": 1,
          "skillTargetType": "RANDOM",
          "canTeamKill": false,
          "canDuel": true,
          "canChangeTarget": true,
          "skillMotion": "S1",
          "viewType": "BATTLE",
          "parryingCloseType": "NEAR",
          "range": 999,
          "skillLevelCorrection": 0,
          "defaultValue": 6,
          "abilityScriptList": [
            {
              "scriptName": "EmptyBody"
            }
          ],
          "coinList": [
            {
              "operatorType": "ADD",
              "scale": 2,
              "abilityScriptList": [
                {
                  "scriptName": "RemoveSinStockOnSucceedAttackByRandomAttribute3"
                }
              ]
            },
            {
              "operatorType": "ADD",
              "scale": 2,
              "abilityScriptList": [
                {
                  "scriptName": "RemoveSinStockOnSucceedAttackByRandomAttribute3"
                }
              ]
            }
          ]
        }
      ]
    },
    {
      "id": 852801,
      "skillTier": 1,
      "skillType": "SKILL",
      "skillData": [
        {
          "attributeType": "INDIGO",
          "atkType": "PENETRATE",
          "defType": "ATTACK",
          "targetNum": 1,
          "skillTargetType": "RANDOM",
          "canTeamKill": false,
          "canDuel": true,
          "canChangeTarget": true,
          "skillMotion": "S2",
          "viewType": "BATTLE",
          "parryingCloseType": "NEAR",
          "skillLevelCorrection": 0,
          "defaultValue": 5,
          "abilityScriptList": [
            {
              "scriptName": "EmptyBody"
            }
          ],
          "coinList": [
            {
              "operatorType": "ADD",
              "scale": 1,
              "abilityScriptList": [
                {
                  "scriptName": "GiveBuffOnSucceedAttackHead",
                  "buffData": {
                    "buffKeyword": "AttackDmgDown",
                    "target": "Target",
                    "stack": 1,
                    "turn": 0,
                    "activeRound": 1
                  }
                }
              ]
            },
            {
              "operatorType": "ADD",
              "scale": 1
            }
          ]
        }
      ]
    },
    {
      "id": 852802,
      "skillTier": 1,
      "skillType": "SKILL",
      "skillData": [
        {
          "attributeType": "SCARLET",
          "atkType": "PENETRATE",
          "defType": "ATTACK",
          "targetNum": 1,
          "skillTargetType": "RANDOM",
          "canTeamKill": false,
          "canDuel": true,
          "canChangeTarget": true,
          "skillMotion": "S1",
          "viewType": "BATTLE",
          "parryingCloseType": "NEAR",
          "skillLevelCorrection": 0,
          "defaultValue": 4,
          "abilityScriptList": [
            {
              "scriptName": "EmptyBody"
            }
          ],
          "coinList": [
            {
              "operatorType": "ADD",
              "scale": 4
            },
            {
              "operatorType": "ADD",
              "scale": 4,
              "abilityScriptList": [
                {
                  "scriptName": "GiveBuffOnSucceedAttackHead",
                  "buffData": {
                    "buffKeyword": "Binding",
                    "target": "Target",
                    "stack": 1,
                    "turn": 0,
                    "activeRound": 1
                  }
                }
              ]
            }
          ]
        }
      ]
    },
    {
      "id": 852803,
      "skillTier": 1,
      "skillType": "SKILL",
      "skillData": [
        {
          "attributeType": "CRIMSON",
          "atkType": "HIT",
          "defType": "ATTACK",
          "targetNum": 1,
          "skillTargetType": "RANDOM",
          "canTeamKill": false,
          "canDuel": true,
          "canChangeTarget": true,
          "skillMotion": "S4",
          "viewType": "BATTLE",
          "parryingCloseType": "NEAR",
          "skillLevelCorrection": 0,
          "defaultValue": 6,
          "abilityScriptList": [
            {
              "scriptName": "EmptyBody"
            }
          ],
          "coinList": [
            {
              "operatorType": "ADD",
              "scale": 5,
              "abilityScriptList": [
                {
                  "scriptName": "GiveBuffOnSucceedAttack",
                  "buffData": {
                    "buffKeyword": "Paralysis",
                    "target": "Target",
                    "stack": 3,
                    "turn": 0,
                    "activeRound": 1
                  }
                }
              ]
            },
            {
              "operatorType": "ADD",
              "scale": 5
            }
          ]
        }
      ]
    },
    {
      "id": 852901,
      "skillTier": 1,
      "skillType": "SKILL",
      "skillData": [
        {
          "attributeType": "VIOLET",
          "atkType": "PENETRATE",
          "defType": "ATTACK",
          "targetNum": 1,
          "skillTargetType": "RANDOM",
          "canTeamKill": false,
          "canDuel": true,
          "canChangeTarget": true,
          "skillMotion": "S2",
          "viewType": "BATTLE",
          "parryingCloseType": "NEAR",
          "skillLevelCorrection": 3,
          "defaultValue": 3,
          "abilityScriptList": [
            {
              "scriptName": "EmptyBody"
            }
          ],
          "coinList": [
            {
              "operatorType": "ADD",
              "scale": 2,
              "abilityScriptList": [
                {
                  "scriptName": "GiveBuffOnSucceedAttackHead",
                  "buffData": {
                    "buffKeyword": "PlusCoinValueDown",
                    "target": "Target",
                    "stack": 1,
                    "turn": 0,
                    "activeRound": 1
                  }
                }
              ]
            },
            {
              "operatorType": "ADD",
              "scale": 2
            },
            {
              "operatorType": "ADD",
              "scale": 2
            }
          ]
        }
      ]
    },
    {
      "id": 852902,
      "skillTier": 1,
      "skillType": "SKILL",
      "skillData": [
        {
          "attributeType": "AZURE",
          "atkType": "PENETRATE",
          "defType": "ATTACK",
          "targetNum": 1,
          "skillTargetType": "RANDOM",
          "canTeamKill": false,
          "canDuel": true,
          "canChangeTarget": true,
          "skillMotion": "S4",
          "viewType": "BATTLE",
          "parryingCloseType": "NEAR",
          "skillLevelCorrection": 3,
          "defaultValue": 4,
          "abilityScriptList": [
            {
              "scriptName": "EmptyBody"
            }
          ],
          "coinList": [
            {
              "operatorType": "ADD",
              "scale": 2,
              "abilityScriptList": [
                {
                  "scriptName": "GiveBuffOnSucceedAttack",
                  "buffData": {
                    "buffKeyword": "PlusCoinValueDown",
                    "target": "Target",
                    "stack": 2,
                    "turn": 0,
                    "activeRound": 1
                  }
                }
              ]
            },
            {
              "operatorType": "ADD",
              "scale": 2
            },
            {
              "operatorType": "ADD",
              "scale": 2
            },
            {
              "operatorType": "ADD",
              "scale": 2,
              "abilityScriptList": [
                {
                  "scriptName": "GiveBuffOnSucceedAttack",
                  "buffData": {
                    "buffKeyword": "Vulnerable",
                    "target": "Target",
                    "stack": 1,
                    "turn": 0,
                    "activeRound": 1
                  }
                }
              ]
            }
          ]
        }
      ]
    },
    {
      "id": 853001,
      "skillTier": 1,
      "skillType": "SKILL",
      "skillData": [
        {
          "attributeType": "CRIMSON",
          "atkType": "HIT",
          "defType": "ATTACK",
          "targetNum": 1,
          "skillTargetType": "RANDOM",
          "canTeamKill": false,
          "canDuel": true,
          "canChangeTarget": true,
          "skillMotion": "S2",
          "viewType": "BATTLE",
          "parryingCloseType": "NEAR",
          "skillLevelCorrection": -5,
          "defaultValue": 6,
          "abilityScriptList": [
            {
              "scriptName": "EmptyBody"
            }
          ],
          "coinList": [
            {
              "operatorType": "ADD",
              "scale": 4,
              "abilityScriptList": [
                {
                  "scriptName": "GiveBuffOnSucceedAttackHead",
                  "buffData": {
                    "buffKeyword": "Paralysis",
                    "target": "Target",
                    "stack": 2,
                    "turn": 0,
                    "activeRound": 1
                  }
                }
              ]
            }
          ]
        }
      ]
    },
    {
      "id": 853002,
      "skillTier": 1,
      "skillType": "SKILL",
      "skillData": [
        {
          "attributeType": "AZURE",
          "atkType": "HIT",
          "defType": "ATTACK",
          "targetNum": 1,
          "skillTargetType": "RANDOM",
          "canTeamKill": false,
          "canDuel": true,
          "canChangeTarget": true,
          "skillMotion": "S4",
          "viewType": "BATTLE",
          "parryingCloseType": "NEAR",
          "skillLevelCorrection": -5,
          "defaultValue": 10,
          "abilityScriptList": [
            {
              "scriptName": "EmptyBody"
            }
          ],
          "coinList": [
            {
              "operatorType": "ADD",
              "scale": 4,
              "abilityScriptList": [
                {
                  "scriptName": "GiveBuffOnSucceedAttack",
                  "buffData": {
                    "buffKeyword": "AttackDmgDown",
                    "target": "Target",
                    "stack": 1,
                    "turn": 0,
                    "activeRound": 1
                  }
                }
              ]
            }
          ]
        }
      ]
    }
  ]
}