{
  "list": [
    {
      "id": 2050611,
      "skillType": "EGO_AWAKEN",
      "skillTier": 3,
      "requireIDList": [],
      "skillData": [
        {
          "gaksungLevel": 1,
          "attributeType": "VIOLET",
          "atkType": "PENETRATE",
          "defType": "ATTACK",
          "skillTargetType": "FRONT",
          "targetNum": 2,
          "mpUsage": 25,
          "skillLevelCorrection": 0,
          "defaultValue": 22,
          "canTeamKill": false,
          "canDuel": true,
          "canChangeTarget": true,
          "skillMotion": "Default",
          "viewType": "SKILL",
          "parryingCloseType": "NEAR",
          "abilityScriptList": [
            {
              "scriptName": "GiveBuffBeforeAttack",
              "buffData": {
                "buffKeyword": "Charge",
                "target": "Self",
                "buffOwner": "",
                "stack": 0,
                "turn": 8,
                "activeRound": 0
              }
            },
            {
              "scriptName": "2050611"
            }
          ],
          "coinList": [
            {
              "operatorType": "ADD",
              "scale": 4,
              "abilityScriptList": [
                {
                  "scriptName": "GiveBuffOnSucceedAttack",
                  "buffData": {
                    "buffKeyword": "Burst",
                    "target": "Target",
                    "stack": 3,
                    "turn": 0,
                    "activeRound": 0
                  }
                }
              ]
            }
          ]
        },
        {
          "gaksungLevel": 3,
          "abilityScriptList": [
            {
              "scriptName": "GiveBuffBeforeAttack",
              "buffData": {
                "buffKeyword": "Charge",
                "target": "Self",
                "buffOwner": "",
                "stack": 0,
                "turn": 8,
                "activeRound": 0
              }
            },
            {
              "scriptName": "2050612"
            }
          ],
          "coinList": [
            {
              "operatorType": "ADD",
              "scale": 4,
              "abilityScriptList": [
                {
                  "scriptName": "GiveBuffOnSucceedAttack",
                  "buffData": {
                    "buffKeyword": "Burst",
                    "target": "Target",
                    "stack": 3,
                    "turn": 0,
                    "activeRound": 0
                  }
                }
              ]
            }
          ]
        },
        {
          "gaksungLevel": 4,
          "abilityScriptList": [
            {
              "scriptName": "GiveBuffBeforeAttack",
              "buffData": {
                "buffKeyword": "Charge",
                "target": "Self",
                "buffOwner": "",
                "stack": 0,
                "turn": 12,
                "activeRound": 0
              }
            },
            {
              "scriptName": "2050613"
            }
          ],
          "coinList": [
            {
              "operatorType": "ADD",
              "scale": 4,
              "abilityScriptList": [
                {
                  "scriptName": "GiveBuffOnSucceedAttack",
                  "buffData": {
                    "buffKeyword": "Burst",
                    "target": "Target",
                    "stack": 3,
                    "turn": 0,
                    "activeRound": 0
                  }
                }
              ]
            }
          ]
        }
      ]
    },
    {
      "id": 2050621,
      "skillType": "EGO_EROSION",
      "skillTier": 3,
      "requireIDList": [],
      "skillData": [
        {
          "gaksungLevel": 1,
          "attributeType": "VIOLET",
          "atkType": "PENETRATE",
          "defType": "ATTACK",
          "skillTargetType": "RANDOM",
          "targetNum": 2,
          "mpUsage": 25,
          "skillLevelCorrection": 3,
          "defaultValue": 28,
          "canTeamKill": false,
          "canDuel": true,
          "canChangeTarget": true,
          "skillMotion": "Default",
          "viewType": "SKILL",
          "parryingCloseType": "NEAR",
          "abilityScriptList": [
            {
              "scriptName": "TargetNumAdderBBVioletRCSub2Max2"
            },
            {
              "scriptName": "AttackDmgUpByUseChargeAllTurn20PercentMax40"
            }
          ],
          "coinList": [
            {
              "operatorType": "SUB",
              "scale": 12,
              "abilityScriptList": [
                {
                  "scriptName": "GiveBuffOnSucceedAttack",
                  "buffData": {
                    "buffKeyword": "Paralysis",
                    "target": "Target",
                    "stack": 1,
                    "turn": 0,
                    "activeRound": 0
                  }
                },
                {
                  "scriptName": "GiveBuffOnSucceedAttack",
                  "buffData": {
                    "buffKeyword": "Burst",
                    "target": "Target",
                    "stack": 3,
                    "turn": 0,
                    "activeRound": 0
                  }
                }
              ]
            }
          ]
        },
        {
          "gaksungLevel": 3,
          "targetNum": 2,
          "defaultValue": 28,
          "abilityScriptList": [
            {
              "scriptName": "TargetNumAdderBBVioletRCSub2Max3"
            },
            {
              "scriptName": "AttackDmgUpByUseChargeAllTurn25PercentMax50"
            }
          ],
          "coinList": [
            {
              "operatorType": "SUB",
              "scale": 12,
              "abilityScriptList": [
                {
                  "scriptName": "GiveBuffOnSucceedAttack",
                  "buffData": {
                    "buffKeyword": "Paralysis",
                    "target": "Target",
                    "stack": 1,
                    "turn": 0,
                    "activeRound": 0
                  }
                },
                {
                  "scriptName": "GiveBuffOnSucceedAttack",
                  "buffData": {
                    "buffKeyword": "Burst",
                    "target": "Target",
                    "stack": 3,
                    "turn": 0,
                    "activeRound": 0
                  }
                }
              ]
            }
          ]
        },
        {
          "gaksungLevel": 4,
          "targetNum": 2,
          "defaultValue": 28,
          "abilityScriptList": [
            {
              "scriptName": "TargetNumAdderBBVioletRCSub2Max3"
            },
            {
              "scriptName": "20506213"
            },
            {
              "scriptName": "AttackDmgUpByUseChargeAllTurn30PercentMax60"
            }
          ],
          "coinList": [
            {
              "operatorType": "SUB",
              "scale": 12,
              "abilityScriptList": [
                {
                  "scriptName": "GiveBuffOnSucceedAttack",
                  "buffData": {
                    "buffKeyword": "Paralysis",
                    "target": "Target",
                    "stack": 1,
                    "turn": 0,
                    "activeRound": 0
                  }
                },
                {
                  "scriptName": "GiveBuffOnSucceedAttack",
                  "buffData": {
                    "buffKeyword": "Burst",
                    "target": "Target",
                    "stack": 3,
                    "turn": 0,
                    "activeRound": 0
                  }
                }
              ]
            }
          ]
        }
      ]
    }
  ]
}