{
  "list": [
    {
      "id": 2030111,
      "skillType": "EGO_AWAKEN",
      "skillTier": 3,
      "requireIDList": [],
      "skillData": [
        {
          "gaksungLevel": 1,
          "attributeType": "SCARLET",
          "atkType": "PENETRATE",
          "defType": "ATTACK",
          "skillTargetType": "FRONT",
          "targetNum": 1,
          "mpUsage": 10,
          "skillLevelCorrection": 2,
          "defaultValue": 12,
          "canTeamKill": false,
          "canDuel": true,
          "canChangeTarget": true,
          "actionScript": "2030121",
          "skillMotion": "Default",
          "viewType": "SKILL",
          "parryingCloseType": "NEAR",
          "coinList": [
            {
              "operatorType": "ADD",
              "scale": 11,
              "abilityScriptList": [
                {
                  "scriptName": "GiveBuffOnSucceedAttackHead",
                  "buffData": {
                    "buffKeyword": "Laceration",
                    "target": "Target",
                    "buffOwner": "",
                    "stack": 4,
                    "turn": 0,
                    "activeRound": 0
                  }
                }
              ]
            }
          ]
        },
        {
          "gaksungLevel": 3,
          "defaultValue": 12,
          "coinList": [
            {
              "operatorType": "ADD",
              "scale": 11,
              "abilityScriptList": [
                {
                  "scriptName": "GiveBuffOnSucceedAttack",
                  "buffData": {
                    "buffKeyword": "Laceration",
                    "target": "Target",
                    "buffOwner": "",
                    "stack": 6,
                    "turn": 0,
                    "activeRound": 0
                  }
                },
                {
                  "scriptName": "HealAbnormalityNSelfOnSuccessAttackHeadByDmgRatio50"
                }
              ]
            }
          ]
        },
        {
          "gaksungLevel": 4,
          "coinList": [
            {
              "operatorType": "ADD",
              "scale": 14,
              "abilityScriptList": [
                {
                  "scriptName": "GiveBuffOnSucceedAttack",
                  "buffData": {
                    "buffKeyword": "Laceration",
                    "target": "Target",
                    "buffOwner": "",
                    "stack": 8,
                    "turn": 0,
                    "activeRound": 0
                  }
                },
                {
                  "scriptName": "HealAbnormalityNSelfOnSuccessAttackByDmgRatio50"
                }
              ]
            }
          ]
        }
      ]
    },
    {
      "id": 2030211,
      "skillType": "EGO_AWAKEN",
      "skillTier": 3,
      "requireIDList": [],
      "skillData": [
        {
          "gaksungLevel": 1,
          "attributeType": "AZURE",
          "atkType": "HIT",
          "defType": "ATTACK",
          "skillTargetType": "FRONT",
          "targetNum": 1,
          "mpUsage": 20,
          "skillLevelCorrection": 0,
          "defaultValue": 15,
          "canTeamKill": false,
          "canDuel": true,
          "canChangeTarget": true,
          "actionScript": "2030221",
          "skillMotion": "Default",
          "viewType": "SKILL",
          "parryingCloseType": "NEAR",
          "coinList": [
            {
              "operatorType": "ADD",
              "scale": 18,
              "abilityScriptList": [
                {
                  "scriptName": "VibrationExplosionOnSucceedAttackHead"
                },
                {
                  "scriptName": "GiveMpDmgOnSucceedAttackTarget15"
                }
              ]
            }
          ]
        },
        {
          "gaksungLevel": 3,
          "defaultValue": 20,
          "coinList": [
            {
              "operatorType": "ADD",
              "scale": 18,
              "abilityScriptList": [
                {
                  "scriptName": "VibrationExplosionOnSucceedAttack"
                },
                {
                  "scriptName": "GiveMpDmgOnSucceedAttackTarget25"
                },
                {
                  "scriptName": "2030211_1"
                }
              ]
            }
          ]
        },
        {
          "gaksungLevel": 4,
          "targetNum": 3,
          "coinList": [
            {
              "operatorType": "ADD",
              "scale": 18,
              "abilityScriptList": [
                {
                  "scriptName": "VibrationExplosionOnSucceedAttack"
                },
                {
                  "scriptName": "GiveMpDmgOnSucceedAttackTarget25"
                },
                {
                  "scriptName": "2030211_1"
                },
                {
                  "scriptName": "GiveBuffOnSucceedAttack",
                  "buffData": {
                    "buffKeyword": "Sinking",
                    "target": "Target",
                    "buffOwner": "",
                    "stack": 2,
                    "turn": 0,
                    "activeRound": 0
                  }
                }
              ]
            }
          ]
        }
      ]
    },
    {
      "id": 2030221,
      "skillType": "EGO_EROSION",
      "skillTier": 3,
      "requireIDList": [],
      "skillData": [
        {
          "gaksungLevel": 1,
          "attributeType": "AZURE",
          "atkType": "HIT",
          "defType": "ATTACK",
          "skillTargetType": "RANDOM",
          "targetNum": 1,
          "mpUsage": 20,
          "skillLevelCorrection": 0,
          "defaultValue": 37,
          "canTeamKill": true,
          "canDuel": true,
          "canChangeTarget": true,
          "actionScript": "2030222",
          "skillMotion": "Default",
          "viewType": "SKILL",
          "parryingCloseType": "NEAR",
          "coinList": [
            {
              "operatorType": "SUB",
              "scale": 25,
              "abilityScriptList": [
                {
                  "scriptName": "GiveBuffOnSucceedAttack",
                  "buffData": {
                    "buffKeyword": "Vibration",
                    "target": "Target",
                    "buffOwner": "",
                    "stack": 5,
                    "turn": 0,
                    "activeRound": 0
                  }
                },
                {
                  "scriptName": "GiveBuffOnSucceedAttack",
                  "buffData": {
                    "buffKeyword": "Sinking",
                    "target": "Target",
                    "buffOwner": "",
                    "stack": 5,
                    "turn": 0,
                    "activeRound": 0
                  }
                }
              ]
            }
          ]
        },
        {
          "gaksungLevel": 3,
          "defaultValue": 42,
          "coinList": [
            {
              "operatorType": "SUB",
              "scale": 25,
              "abilityScriptList": [
                {
                  "scriptName": "GiveBuffOnSucceedAttack",
                  "buffData": {
                    "buffKeyword": "Vibration",
                    "target": "Target",
                    "buffOwner": "",
                    "stack": 7,
                    "turn": 0,
                    "activeRound": 0
                  }
                },
                {
                  "scriptName": "GiveBuffOnSucceedAttack",
                  "buffData": {
                    "buffKeyword": "Sinking",
                    "target": "Target",
                    "buffOwner": "",
                    "stack": 7,
                    "turn": 0,
                    "activeRound": 0
                  }
                },
                {
                  "scriptName": "2030221_1"
                }
              ]
            }
          ]
        },
        {
          "gaksungLevel": 4,
          "targetNum": 3,
          "coinList": [
            {
              "operatorType": "SUB",
              "scale": 25,
              "abilityScriptList": [
                {
                  "scriptName": "GiveBuffOnSucceedAttack",
                  "buffData": {
                    "buffKeyword": "Vibration",
                    "target": "Target",
                    "buffOwner": "",
                    "stack": 10,
                    "turn": 0,
                    "activeRound": 0
                  }
                },
                {
                  "scriptName": "GiveBuffOnSucceedAttack",
                  "buffData": {
                    "buffKeyword": "Sinking",
                    "target": "Target",
                    "buffOwner": "",
                    "stack": 10,
                    "turn": 0,
                    "activeRound": 0
                  }
                },
                {
                  "scriptName": "2030221_1"
                }
              ]
            }
          ]
        }
      ]
    },
    {
      "id": 2030311,
      "skillType": "EGO_AWAKEN",
      "skillTier": 3,
      "requireIDList": [],
      "skillData": [
        {
          "gaksungLevel": 1,
          "attributeType": "VIOLET",
          "atkType": "PENETRATE",
          "defType": "ATTACK",
          "skillTargetType": "FRONT",
          "targetNum": 1,
          "mpUsage": 20,
          "skillLevelCorrection": 0,
          "defaultValue": 14,
          "canTeamKill": false,
          "canDuel": true,
          "canChangeTarget": true,
          "skillMotion": "Default",
          "viewType": "SKILL",
          "parryingCloseType": "NEAR",
          "coinList": [
            {
              "operatorType": "ADD",
              "scale": 8,
              "abilityScriptList": [
                {
                  "scriptName": "GiveBuffOnSucceedAttack",
                  "buffData": {
                    "buffKeyword": "Charge",
                    "target": "Self",
                    "buffOwner": "",
                    "stack": 0,
                    "turn": 10,
                    "activeRound": 0
                  }
                }
              ]
            }
          ]
        },
        {
          "gaksungLevel": 3,
          "defaultValue": 18,
          "coinList": [
            {
              "operatorType": "ADD",
              "scale": 8,
              "abilityScriptList": [
                {
                  "scriptName": "GiveBuffOnSucceedAttack",
                  "buffData": {
                    "buffKeyword": "Charge",
                    "target": "Self",
                    "buffOwner": "",
                    "stack": 0,
                    "turn": 10,
                    "activeRound": 0
                  }
                },
                {
                  "scriptName": "GiveBuffOnSucceedAttackHeadTurnByVioletResonance",
                  "buffData": {
                    "buffKeyword": "Charge",
                    "target": "EveryAlly",
                    "buffOwner": "",
                    "stack": 0,
                    "turn": -1,
                    "activeRound": 0,
                    "value": 1
                  }
                }
              ]
            }
          ]
        },
        {
          "gaksungLevel": 4,
          "targetNum": 3,
          "coinList": [
            {
              "operatorType": "ADD",
              "scale": 8,
              "abilityScriptList": [
                {
                  "scriptName": "GiveBuffOnSucceedAttack",
                  "buffData": {
                    "buffKeyword": "Charge",
                    "target": "Self",
                    "buffOwner": "",
                    "stack": 0,
                    "turn": 10,
                    "activeRound": 0
                  }
                },
                {
                  "scriptName": "GiveBuffOnEndCoinTurnByVioletResonance",
                  "buffData": {
                    "buffKeyword": "Charge",
                    "target": "EveryAlly",
                    "buffOwner": "",
                    "stack": 0,
                    "turn": -1,
                    "activeRound": 0,
                    "value": 1
                  }
                }
              ]
            }
          ]
        }
      ]
    },
    {
      "id": 2030321,
      "skillType": "EGO_EROSION",
      "skillTier": 3,
      "requireIDList": [],
      "skillData": [
        {
          "gaksungLevel": 1,
          "attributeType": "VIOLET",
          "atkType": "PENETRATE",
          "defType": "ATTACK",
          "skillTargetType": "FRONT",
          "targetNum": 1,
          "mpUsage": 20,
          "skillLevelCorrection": 0,
          "defaultValue": 16,
          "canTeamKill": false,
          "canDuel": true,
          "canChangeTarget": true,
          "skillMotion": "Default",
          "viewType": "SKILL",
          "parryingCloseType": "NEAR",
          "coinList": [
            {
              "operatorType": "ADD",
              "scale": 10,
              "abilityScriptList": [
                {
                  "scriptName": "GiveBuffOnSucceedAttack",
                  "buffData": {
                    "buffKeyword": "Burst",
                    "target": "Self",
                    "buffOwner": "",
                    "stack": 10,
                    "turn": 0,
                    "activeRound": 0
                  }
                },
                {
                  "scriptName": "GiveBuffOnSucceedAttack",
                  "buffData": {
                    "buffKeyword": "Charge",
                    "target": "Self",
                    "buffOwner": "",
                    "stack": 0,
                    "turn": 10,
                    "activeRound": 0
                  }
                }
              ]
            }
          ]
        },
        {
          "gaksungLevel": 3,
          "defaultValue": 19,
          "coinList": [
            {
              "operatorType": "ADD",
              "scale": 10,
              "abilityScriptList": [
                {
                  "scriptName": "GiveBuffOnSucceedAttack",
                  "buffData": {
                    "buffKeyword": "Burst",
                    "target": "Self",
                    "buffOwner": "",
                    "stack": 10,
                    "turn": 0,
                    "activeRound": 0
                  }
                },
                {
                  "scriptName": "GiveBuffOnSucceedAttack",
                  "buffData": {
                    "buffKeyword": "Charge",
                    "target": "Self",
                    "buffOwner": "",
                    "stack": 0,
                    "turn": 10,
                    "activeRound": 0
                  }
                },
                {
                  "scriptName": "GiveBuffOnSucceedAttackHead",
                  "buffData": {
                    "buffKeyword": "Vulnerable",
                    "target": "EveryAlly",
                    "buffOwner": "",
                    "stack": 5,
                    "turn": 0,
                    "activeRound": 0
                  }
                },
                {
                  "scriptName": "GiveBuffOnSucceedAttackHead",
                  "buffData": {
                    "buffKeyword": "Burst",
                    "target": "EveryAlly",
                    "buffOwner": "",
                    "stack": 10,
                    "turn": 0,
                    "activeRound": 0
                  }
                },
                {
                  "scriptName": "GiveBuffOnSucceedAttackHead",
                  "buffData": {
                    "buffKeyword": "Charge",
                    "target": "EveryAlly",
                    "buffOwner": "",
                    "stack": 0,
                    "turn": 10,
                    "activeRound": 0
                  }
                }
              ]
            }
          ]
        },
        {
          "gaksungLevel": 4,
          "targetNum": 3,
          "coinList": [
            {
              "operatorType": "ADD",
              "scale": 10,
              "abilityScriptList": [
                {
                  "scriptName": "GiveBuffOnSucceedAttack",
                  "buffData": {
                    "buffKeyword": "Burst",
                    "target": "Self",
                    "buffOwner": "",
                    "stack": 10,
                    "turn": 0,
                    "activeRound": 0
                  }
                },
                {
                  "scriptName": "GiveBuffOnSucceedAttack",
                  "buffData": {
                    "buffKeyword": "Charge",
                    "target": "Self",
                    "buffOwner": "",
                    "stack": 0,
                    "turn": 10,
                    "activeRound": 0
                  }
                },
                {
                  "scriptName": "GiveBuffOnEndCoin",
                  "buffData": {
                    "buffKeyword": "Vulnerable",
                    "target": "EveryAlly",
                    "buffOwner": "",
                    "stack": 5,
                    "turn": 0,
                    "activeRound": 0
                  }
                },
                {
                  "scriptName": "GiveBuffOnEndCoin",
                  "buffData": {
                    "buffKeyword": "Burst",
                    "target": "EveryAlly",
                    "buffOwner": "",
                    "stack": 10,
                    "turn": 0,
                    "activeRound": 0
                  }
                },
                {
                  "scriptName": "GiveBuffOnEndCoin",
                  "buffData": {
                    "buffKeyword": "Charge",
                    "target": "EveryAlly",
                    "buffOwner": "",
                    "stack": 0,
                    "turn": 12,
                    "activeRound": 0
                  }
                }
              ]
            }
          ]
        }
      ]
    },
    {
      "id": 2030411,
      "skillType": "EGO_AWAKEN",
      "skillTier": 3,
      "requireIDList": [],
      "skillData": [
        {
          "gaksungLevel": 1,
          "attributeType": "SCARLET",
          "atkType": "HIT",
          "defType": "ATTACK",
          "skillTargetType": "FRONT",
          "targetNum": 1,
          "mpUsage": 20,
          "skillLevelCorrection": 3,
          "defaultValue": 18,
          "canTeamKill": false,
          "canDuel": true,
          "canChangeTarget": true,
          "skillMotion": "Default",
          "viewType": "SKILL",
          "parryingCloseType": "NEAR",
          "abilityScriptList": [
            {
              "scriptName": "2030411"
            }
          ],
          "coinList": [
            {
              "operatorType": "ADD",
              "scale": 4,
              "abilityScriptList": [
                {
                  "scriptName": "GiveBuffOnSucceedAttack",
                  "buffData": {
                    "buffKeyword": "Combustion",
                    "target": "Target",
                    "buffOwner": "",
                    "stack": 0,
                    "turn": 1,
                    "activeRound": 0
                  }
                }
              ]
            }
          ]
        },
        {
          "gaksungLevel": 3,
          "defaultValue": 21,
          "abilityScriptList": [
            {
              "scriptName": "2030411_gaksung"
            }
          ],
          "coinList": [
            {
              "operatorType": "ADD",
              "scale": 4,
              "abilityScriptList": [
                {
                  "scriptName": "GiveBuffOnSucceedAttack",
                  "buffData": {
                    "buffKeyword": "Combustion",
                    "target": "Target",
                    "buffOwner": "",
                    "stack": 0,
                    "turn": 3,
                    "activeRound": 0
                  }
                }
              ]
            }
          ]
        },
        {
          "gaksungLevel": 4,
          "targetNum": 3
        }
      ]
    },
    {
      "id": 2030421,
      "skillType": "EGO_EROSION",
      "skillTier": 3,
      "requireIDList": [],
      "skillData": [
        {
          "gaksungLevel": 1,
          "attributeType": "SCARLET",
          "atkType": "HIT",
          "defType": "ATTACK",
          "skillTargetType": "RANDOM",
          "targetNum": 1,
          "mpUsage": 20,
          "skillLevelCorrection": 3,
          "defaultValue": 19,
          "canTeamKill": true,
          "canDuel": true,
          "canChangeTarget": true,
          "actionScript": "2030421",
          "skillMotion": "Default",
          "viewType": "SKILL",
          "parryingCloseType": "NEAR",
          "abilityScriptList": [
            {
              "scriptName": "AttackHighestHpAbnormalityTarget"
            },
            {
              "scriptName": "2030411"
            },
            {
              "scriptName": "2030421"
            }
          ],
          "coinList": [
            {
              "operatorType": "ADD",
              "scale": 5,
              "abilityScriptList": [
                {
                  "scriptName": "GiveBuffOnSucceedAttack",
                  "buffData": {
                    "buffKeyword": "Combustion",
                    "target": "Target",
                    "buffOwner": "",
                    "stack": 0,
                    "turn": 2,
                    "activeRound": 0
                  }
                }
              ]
            }
          ]
        },
        {
          "gaksungLevel": 3,
          "defaultValue": 22,
          "abilityScriptList": [
            {
              "scriptName": "AttackHighestHpAbnormalityTarget"
            },
            {
              "scriptName": "2030411_gaksung"
            },
            {
              "scriptName": "2030421_gaksung"
            }
          ],
          "coinList": [
            {
              "operatorType": "ADD",
              "scale": 5,
              "abilityScriptList": [
                {
                  "scriptName": "GiveBuffOnSucceedAttack",
                  "buffData": {
                    "buffKeyword": "Combustion",
                    "target": "Target",
                    "buffOwner": "",
                    "stack": 0,
                    "turn": 4,
                    "activeRound": 0
                  }
                }
              ]
            }
          ]
        },
        {
          "gaksungLevel": 4,
          "targetNum": 3
        }
      ]
    },
    {
      "id": 2030511,
      "skillType": "EGO_AWAKEN",
      "skillTier": 3,
      "requireIDList": [],
      "skillData": [
        {
          "gaksungLevel": 1,
          "attributeType": "AMBER",
          "atkType": "HIT",
          "defType": "ATTACK",
          "skillTargetType": "FRONT",
          "targetNum": 1,
          "mpUsage": 20,
          "skillLevelCorrection": -2,
          "defaultValue": 18,
          "canTeamKill": false,
          "canDuel": true,
          "canChangeTarget": true,
          "skillMotion": "Default",
          "viewType": "SKILL",
          "parryingCloseType": "NEAR",
          "abilityScriptList": [
          ],
          "coinList": [
            {
              "operatorType": "ADD",
              "scale": 9,
              "abilityScriptList": [
                {
                  "scriptName": "GiveBuffOnSucceedAttack",
                  "buffData": {
                    "buffKeyword": "Laceration",
                    "target": "Target",
                    "buffOwner": "",
                    "stack": 0,
                    "turn": 3,
                    "activeRound": 0
                  }
                },
                {
                  "scriptName": "GiveBuffOnSucceedAttack",
                  "buffData": {
                    "buffKeyword": "Vibration",
                    "target": "Target",
                    "buffOwner": "",
                    "stack": 4,
                    "turn": 0,
                    "activeRound": 0
                  }
                }
              ]
            }
          ]
        },
        {
          "gaksungLevel": 3,
          "coinList": [
            {
              "operatorType": "ADD",
              "scale": 9,
              "abilityScriptList": [
                {
                  "scriptName": "GiveBuffOnSucceedAttack",
                  "buffData": {
                    "buffKeyword": "Laceration",
                    "target": "Target",
                    "buffOwner": "",
                    "stack": 0,
                    "turn": 4,
                    "activeRound": 0
                  }
                },
                {
                  "scriptName": "GiveBuffOnSucceedAttack",
                  "buffData": {
                    "buffKeyword": "Vibration",
                    "target": "Target",
                    "buffOwner": "",
                    "stack": 5,
                    "turn": 0,
                    "activeRound": 0
                  }
                },
                {
                  "scriptName": "GiveBuffOnSucceedAttackHead",
                  "buffData": {
                    "buffKeyword": "Paralysis",
                    "target": "Target",
                    "buffOwner": "",
                    "stack": 2,
                    "turn": 0,
                    "activeRound": 0
                  }
                }
              ]
            }
          ]
        },
        {
          "gaksungLevel": 4,
          "targetNum": 3,
          "coinList": [
            {
              "operatorType": "ADD",
              "scale": 9,
              "abilityScriptList": [
                {
                  "scriptName": "GiveBuffOnSucceedAttack",
                  "buffData": {
                    "buffKeyword": "Laceration",
                    "target": "Target",
                    "buffOwner": "",
                    "stack": 0,
                    "turn": 4,
                    "activeRound": 0
                  }
                },
                {
                  "scriptName": "GiveBuffOnSucceedAttack",
                  "buffData": {
                    "buffKeyword": "Vibration",
                    "target": "Target",
                    "buffOwner": "",
                    "stack": 5,
                    "turn": 0,
                    "activeRound": 0
                  }
                },
                {
                  "scriptName": "GiveBuffOnSucceedAttackHead",
                  "buffData": {
                    "buffKeyword": "Paralysis",
                    "target": "Target",
                    "buffOwner": "",
                    "stack": 2,
                    "turn": 0,
                    "activeRound": 0
                  }
                }
              ]
            }
          ]
        }
      ]
    },
    {
      "id": 2030521,
      "skillType": "EGO_EROSION",
      "skillTier": 3,
      "requireIDList": [],
      "skillData": [
        {
          "gaksungLevel": 1,
          "attributeType": "AMBER",
          "atkType": "HIT",
          "defType": "ATTACK",
          "skillTargetType": "RANDOM",
          "targetNum": 3,
          "mpUsage": 20,
          "skillLevelCorrection": -2,
          "defaultValue": 24,
          "canTeamKill": true,
          "canDuel": true,
          "canChangeTarget": true,
          "skillMotion": "Default",
          "viewType": "SKILL",
          "parryingCloseType": "NEAR",
          "abilityScriptList": [
          ],
          "coinList": [
            {
              "operatorType": "SUB",
              "scale": 10,
              "abilityScriptList": [
                {
                  "scriptName": "VibrationExplosionOnSuccessCriticalAttack"
                },
                {
                  "scriptName": "GiveBuffOnSuccessCriticalAttack",
                  "buffData": {
                    "buffKeyword": "Laceration",
                    "target": "Target",
                    "buffOwner": "",
                    "stack": 4,
                    "turn": 0,
                    "activeRound": 0
                  }
                },
                {
                  "scriptName": "VibrationExplosionOnSucceedAttackTail"
                },
                {
                  "scriptName": "VibrationExplosionOnSucceedAttack"
                },
                {
                  "scriptName": "LoseBuffOnSucceedAttack",
                  "buffData": {
                    "buffKeyword": "Vibration",
                    "target": "Target",
                    "buffOwner": "",
                    "stack": 0,
                    "turn": 2
                  }
                }
              ]
            }
          ]
        },
        {
          "gaksungLevel": 3,
          "coinList": [
            {
              "operatorType": "SUB",
              "scale": 10,
              "abilityScriptList": [
                {
                  "scriptName": "VibrationExplosionOnSuccessCriticalAttack"
                },
                {
                  "scriptName": "GiveBuffOnSuccessCriticalAttack",
                  "buffData": {
                    "buffKeyword": "Laceration",
                    "target": "Target",
                    "buffOwner": "",
                    "stack": 6,
                    "turn": 0,
                    "activeRound": 0
                  }
                },
                {
                  "scriptName": "VibrationExplosionOnSucceedAttackTail"
                },
                {
                  "scriptName": "VibrationExplosionOnSucceedAttack"
                },
                {
                  "scriptName": "LoseBuffOnSucceedAttack",
                  "buffData": {
                    "buffKeyword": "Vibration",
                    "target": "Target",
                    "buffOwner": "",
                    "stack": 0,
                    "turn": 2
                  }
                }
              ]
            }
          ]
        },
        {
          "gaksungLevel": 4,
          "coinList": [
            {
              "operatorType": "SUB",
              "scale": 10,
              "abilityScriptList": [
                {
                  "scriptName": "VibrationExplosionOnSuccessCriticalAttack"
                },
                {
                  "scriptName": "GiveBuffOnSuccessCriticalAttack",
                  "buffData": {
                    "buffKeyword": "Laceration",
                    "target": "Target",
                    "buffOwner": "",
                    "stack": 8,
                    "turn": 0,
                    "activeRound": 0
                  }
                },
                {
                  "scriptName": "VibrationExplosionOnSucceedAttackTail"
                },
                {
                  "scriptName": "VibrationExplosionOnSucceedAttack"
                },
                {
                  "scriptName": "LoseBuffOnSucceedAttack",
                  "buffData": {
                    "buffKeyword": "Vibration",
                    "target": "Target",
                    "buffOwner": "",
                    "stack": 0,
                    "turn": 2
                  }
                }
              ]
            }
          ]
        }
      ]
    },
    {
      "id": 2030611,
      "skillType": "EGO_AWAKEN",
      "skillTier": 3,
      "requireIDList": [],
      "skillData": [
        {
          "gaksungLevel": 1,
          "attributeType": "VIOLET",
          "atkType": "PENETRATE",
          "defType": "ATTACK",
          "skillTargetType": "FRONT",
          "targetNum": 2,
          "mpUsage": 20,
          "skillLevelCorrection": 3,
          "defaultValue": 19,
          "canTeamKill": false,
          "canDuel": true,
          "canChangeTarget": true,
          "skillMotion": "Default",
          "viewType": "SKILL",
          "parryingCloseType": "NEAR",
          "abilityScriptList": [
            {
              "scriptName": "203061111"
            },
            {
              "scriptName": "20306112",
              "buffData": {
                "buffKeyword": "Charge",
                "target": "",
                "buffOwner": "Self",
                "stack": 0,
                "turn": 20,
                "value": 0.3,
                "activeRound": 0
              }
            }
          ],
          "coinList": [
            {
              "operatorType": "ADD",
              "scale": 8,
              "abilityScriptList": [
                {
                  "scriptName": "GiveBuffOnKillTarget",
                  "buffData": {
                    "buffKeyword": "Charge",
                    "target": "Self",
                    "buffOwner": "",
                    "stack": 0,
                    "turn": 2,
                    "activeRound": 0
                  }
                }
              ]
            }
          ]
        },
        {
          "gaksungLevel": 3,
          "abilityScriptList": [
            {
              "scriptName": "203061113"
            },
            {
              "scriptName": "203061131"
            },
            {
              "scriptName": "20306112",
              "buffData": {
                "buffKeyword": "Charge",
                "target": "",
                "buffOwner": "Self",
                "stack": 0,
                "turn": 20,
                "value": 0.35,
                "activeRound": 0
              }
            }
          ],
          "coinList": [
            {
              "operatorType": "ADD",
              "scale": 8,
              "abilityScriptList": [
                {
                  "scriptName": "GiveBuffOnKillTarget",
                  "buffData": {
                    "buffKeyword": "Charge",
                    "target": "Self",
                    "buffOwner": "",
                    "stack": 0,
                    "turn": 2,
                    "activeRound": 0
                  }
                }
              ]
            }
          ]
        },
        {
          "gaksungLevel": 4,
          "abilityScriptList": [
            {
              "scriptName": "203061114"
            },
            {
              "scriptName": "203061134"
            },
            {
              "scriptName": "20306112",
              "buffData": {
                "buffKeyword": "Charge",
                "target": "",
                "buffOwner": "Self",
                "stack": 0,
                "turn": 20,
                "value": 0.4,
                "activeRound": 0
              }
            }
          ],
          "coinList": [
            {
              "operatorType": "ADD",
              "scale": 8,
              "abilityScriptList": [
                {
                  "scriptName": "GiveBuffOnKillTarget",
                  "buffData": {
                    "buffKeyword": "Charge",
                    "target": "Self",
                    "buffOwner": "",
                    "stack": 0,
                    "turn": 2,
                    "activeRound": 0
                  }
                }
              ]
            }
          ]
        }
      ]
    },
    {
      "id": 2030621,
      "skillType": "EGO_EROSION",
      "skillTier": 3,
      "requireIDList": [],
      "skillData": [
        {
          "gaksungLevel": 1,
          "attributeType": "VIOLET",
          "atkType": "PENETRATE",
          "defType": "ATTACK",
          "skillTargetType": "RANDOM",
          "targetNum": 2,
          "mpUsage": 25,
          "skillLevelCorrection": 5,
          "defaultValue": 28,
          "canTeamKill": true,
          "canDuel": true,
          "canChangeTarget": true,
          "skillMotion": "Default",
          "viewType": "SKILL",
          "parryingCloseType": "NEAR",
          "abilityScriptList": [
            {
              "scriptName": "203061111"
            },
            {
              "scriptName": "203061131"
            },
            {
              "scriptName": "203062113",
              "buffData": {
                "buffKeyword": "Charge",
                "buffOwner": "",
                "stack": 0,
                "turn": 20,
                "value": 0.015,
                "activeRound": 0
              }
            },
            {
              "scriptName": "203062141",
              "buffData": {
                "buffKeyword": "Charge",
                "buffOwner": "",
                "stack": 0,
                "turn": 20,
                "value": 0.025,
                "limit": 0.5,
                "activeRound": 0
              }
            }
          ],
          "coinList": [
            {
              "operatorType": "SUB",
              "scale": 12,
              "abilityScriptList": [
                {
                  "scriptName": "GiveBuffOnKillTarget",
                  "buffData": {
                    "buffKeyword": "Charge",
                    "target": "Self",
                    "buffOwner": "",
                    "stack": 0,
                    "turn": 3,
                    "activeRound": 0
                  }
                }
              ]
            }
          ]
        },
        {
          "gaksungLevel": 3,
          "abilityScriptList": [
            {
              "scriptName": "203061113"
            },
            {
              "scriptName": "203062133"
            },
            {
              "scriptName": "203062113",
              "buffData": {
                "buffKeyword": "Charge",
                "buffOwner": "",
                "stack": 0,
                "turn": 20,
                "value": 0.015,
                "activeRound": 0
              }
            },
            {
              "scriptName": "203062141",
              "buffData": {
                "buffKeyword": "Charge",
                "buffOwner": "",
                "stack": 0,
                "turn": 20,
                "value": 0.035,
                "limit": 0.7,
                "activeRound": 0
              }
            }
          ],
          "coinList": [
            {
              "operatorType": "SUB",
              "scale": 12,
              "abilityScriptList": [
                {
                  "scriptName": "GiveBuffOnKillTarget",
                  "buffData": {
                    "buffKeyword": "Charge",
                    "target": "Self",
                    "buffOwner": "",
                    "stack": 0,
                    "turn": 3,
                    "activeRound": 0
                  }
                }
              ]
            }
          ]
        },
        {
          "gaksungLevel": 4,
          "abilityScriptList": [
            {
              "scriptName": "203061114"
            },
            {
              "scriptName": "203062134"
            },
            {
              "scriptName": "203062113",
              "buffData": {
                "buffKeyword": "Charge",
                "buffOwner": "",
                "stack": 0,
                "turn": 20,
                "value": 0.01,
                "activeRound": 0
              }
            },
            {
              "scriptName": "203062141",
              "buffData": {
                "buffKeyword": "Charge",
                "buffOwner": "",
                "stack": 0,
                "turn": 20,
                "value": 0.05,
                "limit": 1,
                "activeRound": 0
              }
            }
          ],
          "coinList": [
            {
              "operatorType": "SUB",
              "scale": 12,
              "abilityScriptList": [
                {
                  "scriptName": "GiveBuffOnKillTarget",
                  "buffData": {
                    "buffKeyword": "Charge",
                    "target": "Self",
                    "buffOwner": "",
                    "stack": 0,
                    "turn": 3,
                    "activeRound": 0
                  }
                }
              ]
            }
          ]
        }
      ]
    },
    {
      "id": 2030711,
      "skillType": "EGO_AWAKEN",
      "skillTier": 3,
      "requireIDList": [],
      "skillTagList": [
        "BloodDinner"
      ],
      "skillData": [
        {
          "gaksungLevel": 1,
          "attributeType": "SCARLET",
          "atkType": "PENETRATE",
          "defType": "ATTACK",
          "skillTargetType": "FRONT",
          "targetNum": 5,
          "mpUsage": 15,
          "skillLevelCorrection": 3,
          "defaultValue": 3,
          "canTeamKill": false,
          "canDuel": true,
          "canChangeTarget": true,
          "skillMotion": "Default",
          "viewType": "SKILL",
          "parryingCloseType": "NEAR",
          "abilityScriptList": [
            {
              "scriptName": "SeventhDonquixoteEgoImmortalSkillAbility"
            },
            {
              "scriptName": "ParryingPowerResultAdderSelfViaBuffDevide",
              "buffData": {
                "buffKeyword": "BloodDinner_Accumulation",
                "target": "",
                "buffOwner": "Self",
                "stack": 100,
                "turn": 0,
                "activeRound": 0,
                "value": 1,
                "limit": 2
              }
            },
            {
              "scriptName": "SeventhDonquixoteEgoGiveBuffOSAIfCommonUsedBDUnder50",
              "buffData": {
                "buffKeyword": "Laceration",
                "target": "Target",
                "buffOwner": "",
                "stack": 1,
                "turn": 0,
                "activeRound": 0
              }
            },
            {
              "scriptName": "AfterEndAttackTakeMpDmgOnRoundEnd10For3Round"
            }
          ],
          "coinList": [
            {
              "operatorType": "ADD",
              "grade": 2,
              "color": "GREY",
              "scale": 3,
              "abilityScriptList": [
                {
                  "scriptName": "SuperCoin"
                },
                {
                  "scriptName": "SeventhDonquixoteEgoDmgUpCoinAbility0And1And10And1000"
                }
              ]
            },
            {
              "operatorType": "ADD",
              "grade": 2,
              "color": "GREY",
              "scale": 3,
              "abilityScriptList": [
                {
                  "scriptName": "SuperCoin"
                },
                {
                  "scriptName": "SeventhDonquixoteEgoDmgUpCoinAbility100And1And10And1000"
                }
              ]
            },
            {
              "operatorType": "ADD",
              "grade": 2,
              "color": "GREY",
              "scale": 3,
              "abilityScriptList": [
                {
                  "scriptName": "SuperCoin"
                },
                {
                  "scriptName": "SeventhDonquixoteEgoDmgUpCoinAbility200And1And10And2000"
                }
              ]
            },
            {
              "operatorType": "ADD",
              "grade": 2,
              "color": "GREY",
              "scale": 3,
              "actionIndex": 4,
              "abilityScriptList": [
                {
                  "scriptName": "SuperCoin"
                },
                {
                  "scriptName": "SeventhDonquixoteEgoDmgUpCoinAbility300And1And10And3000"
                },
                {
                  "scriptName": "SeventhDonquixoteEgoGiveBuffOSAAfterWinDuelByMaxPR",
                  "buffData": {
                    "buffKeyword": "ThirstyRose",
                    "target": "Target",
                    "buffOwner": "",
                    "stack": -1,
                    "turn": 0,
                    "activeRound": 0,
                    "limit": 3
                  }
                }
              ]
            }
          ]
        },
        {
          "gaksungLevel": 3,
          "abilityScriptList": [
            {
              "scriptName": "SeventhDonquixoteEgoImmortalSkillAbility"
            },
            {
              "scriptName": "CoinScaleAdderViaBuffCheck",
              "buffData": {
                "buffKeyword": "Laceration",
                "target": "",
                "buffOwner": "Target",
                "stack": 10,
                "turn": 0,
                "activeRound": 0,
                "value": 1
              }
            },
            {
              "scriptName": "ParryingPowerResultAdderSelfViaBuffDevide",
              "buffData": {
                "buffKeyword": "BloodDinner_Accumulation",
                "target": "",
                "buffOwner": "Self",
                "stack": 100,
                "turn": 0,
                "activeRound": 0,
                "value": 1,
                "limit": 3
              }
            },
            {
              "scriptName": "SeventhDonquixoteEgoGiveBuffOSAIfCommonUsedBDUnder75",
              "buffData": {
                "buffKeyword": "Laceration",
                "target": "Target",
                "buffOwner": "",
                "stack": 1,
                "turn": 0,
                "activeRound": 0
              }
            },
            {
              "scriptName": "AfterEndAttackTakeMpDmgOnRoundEnd10For3Round"
            }
          ],
          "coinList": [
            {
              "operatorType": "ADD",
              "grade": 2,
              "color": "GREY",
              "scale": 3,
              "abilityScriptList": [
                {
                  "scriptName": "SuperCoin"
                },
                {
                  "scriptName": "SeventhDonquixoteEgoDmgUpCoinAbility0And1And10And1000"
                }
              ]
            },
            {
              "operatorType": "ADD",
              "grade": 2,
              "color": "GREY",
              "scale": 3,              
              "abilityScriptList": [
                {
                  "scriptName": "SuperCoin"
                },
                {
                  "scriptName": "SeventhDonquixoteEgoDmgUpCoinAbility100And1And10And1500"
                }
              ]
            },
            {
              "operatorType": "ADD",
              "grade": 2,
              "color": "GREY",
              "scale": 3,
              "abilityScriptList": [
                {
                  "scriptName": "SuperCoin"
                },
                {
                  "scriptName": "SeventhDonquixoteEgoDmgUpCoinAbility200And1And10And2500"
                }
              ]
            },
            {
              "operatorType": "ADD",
              "grade": 2,
              "color": "GREY",
              "scale": 3,
              "actionIndex": 4,
              "abilityScriptList": [
                {
                  "scriptName": "SuperCoin"
                },
                {
                  "scriptName": "SeventhDonquixoteEgoDmgUpCoinAbility300And1And10And4000"
                },
                {
                  "scriptName": "SeventhDonquixoteEgoGiveBuffOSAAfterWinDuelByMaxPR",
                  "buffData": {
                    "buffKeyword": "ThirstyRose",
                    "target": "Target",
                    "buffOwner": "",
                    "stack": -1,
                    "turn": 0,
                    "activeRound": 0,
                    "limit": 3
                  }
                }
              ]
            }
          ]
        },
        {
          "gaksungLevel": 4,
          "targetNum": 7,
          "abilityScriptList": [
            {
              "scriptName": "SeventhDonquixoteEgoImmortalSkillAbility"
            },
            {
              "scriptName": "CoinScaleAdderViaBuffCheckDevideByStackWithLimit2",
              "buffData": {
                "buffKeyword": "Laceration",
                "target": "",
                "buffOwner": "Target",
                "stack": 10,
                "turn": 0,
                "activeRound": 0,
                "value": 1
              }
            },
            {
              "scriptName": "ParryingPowerResultAdderSelfViaBuffDevide",
              "buffData": {
                "buffKeyword": "BloodDinner_Accumulation",
                "target": "",
                "buffOwner": "Self",
                "stack": 100,
                "turn": 0,
                "activeRound": 0,
                "value": 1,
                "limit": 5
              }
            },
            {
              "scriptName": "SeventhDonquixoteEgoGiveBuffOSAIfCommonUsedBDUnder100",
              "buffData": {
                "buffKeyword": "Laceration",
                "target": "Target",
                "buffOwner": "",
                "stack": 1,
                "turn": 0,
                "activeRound": 0
              }
            },
            {
              "scriptName": "AfterEndAttackTakeMpDmgOnRoundEnd10For3Round"
            }
          ],
          "coinList": [
            {
              "operatorType": "ADD",
              "grade": 2,
              "color": "GREY",
              "scale": 3,
              "abilityScriptList": [
                {
                  "scriptName": "SuperCoin"
                },
                {
                  "scriptName": "SeventhDonquixoteEgoDmgUpCoinAbility0And1And10And1000"
                }
              ]
            },
            {
              "operatorType": "ADD",
              "grade": 2,
              "color": "GREY",
              "scale": 3,
              "abilityScriptList": [
                {
                  "scriptName": "SuperCoin"
                },
                {
                  "scriptName": "SeventhDonquixoteEgoDmgUpCoinAbility100And1And10And2000"
                }
              ]
            },
            {
              "operatorType": "ADD",
              "grade": 2,
              "color": "GREY",
              "scale": 3,
              "abilityScriptList": [
                {
                  "scriptName": "SuperCoin"
                },
                {
                  "scriptName": "SeventhDonquixoteEgoDmgUpCoinAbility200And1And10And3000"
                }
              ]
            },
            {
              "operatorType": "ADD",
              "grade": 2,
              "color": "GREY",
              "scale": 3,
              "actionIndex": 4,
              "abilityScriptList": [
                {
                  "scriptName": "SuperCoin"
                },
                {
                  "scriptName": "SeventhDonquixoteEgoDmgUpCoinAbility300And1And10And5000"
                },
                {
                  "scriptName": "SeventhDonquixoteEgoGiveBuffOSAAfterWinDuelByMaxPR",
                  "buffData": {
                    "buffKeyword": "ThirstyRose",
                    "target": "Target",
                    "buffOwner": "",
                    "stack": -1,
                    "turn": 0,
                    "activeRound": 0,
                    "limit": 4
                  }
                }
              ]
            }
          ]
        }
      ]
    },
    {
      "id": 2030721,
      "skillType": "EGO_EROSION",
      "skillTier": 3,
      "requireIDList": [],
      "skillTagList": [
        "BloodDinner"
      ],
      "skillData": [
        {
          "gaksungLevel": 1,
          "attributeType": "SCARLET",
          "atkType": "PENETRATE",
          "defType": "ATTACK",
          "skillTargetType": "RANDOM",
          "targetNum": 5,
          "mpUsage": 40,
          "skillLevelCorrection": 5,
          "defaultValue": 30,
          "canTeamKill": true,
          "canDuel": true,
          "canChangeTarget": true,
          "skillMotion": "Default",
          "viewType": "SKILL",
          "parryingCloseType": "NEAR",
          "abilityScriptList": [
            {
              "scriptName": "SeventhDonquixoteEgoImmortalSkillAbility"
            },
            {
              "scriptName": "CoinScaleAdderViaBuffCheck",
              "buffData": {
                "buffKeyword": "Laceration",
                "target": "",
                "buffOwner": "Target",
                "stack": 10,
                "turn": 0,
                "activeRound": 0,
                "value": -1
              }
            },
            {
              "scriptName": "SeventhDonquixoteEgoGiveBuffOSAIfCommonUsedBDUnder150",
              "buffData": {
                "buffKeyword": "Laceration",
                "target": "Target",
                "buffOwner": "",
                "stack": 1,
                "turn": 0,
                "activeRound": 0
              }
            },
            {
              "scriptName": "GiveBuffBeforeAttack",
              "buffData": {
                "buffKeyword": "Laceration",
                "target": "Self",
                "buffOwner": "",
                "stack": 20,
                "turn": 0,
                "activeRound": 0
              }
            },
            {
              "scriptName": "ForceToActivateSinBuffBeforeAttack",
              "buffData": {
                "buffKeyword": "Laceration",
                "target": "Self",
                "buffOwner": "",
                "stack": 0,
                "turn": 2,
                "activeRound": 0
              }
            }
          ],
          "coinList": [
            {
              "operatorType": "SUB",
              "scale": 10,
              "actionIndex": 1,
              "abilityScriptList": [
                {
                  "scriptName": "GiveBuffOnSucceedAttackSetStackDevideByCommonUsedBloodDinner50",
                  "buffData": {
                    "buffKeyword": "Laceration",
                    "target": "Target",
                    "buffOwner": "",
                    "stack": 1,
                    "turn": 0,
                    "activeRound": 0,
                    "limit": 10
                  }
                },
                {
                  "scriptName": "GiveBuffOnSucceedAttackIfBloodDinnerNotMoreThan100",
                  "buffData": {
                    "buffKeyword": "Laceration",
                    "target": "Target",
                    "buffOwner": "",
                    "stack": 10,
                    "turn": 0,
                    "activeRound": 0
                  }
                }
              ]
            },
            {
              "operatorType": "SUB",
              "scale": 10,
              "actionIndex": 2,
              "abilityScriptList": [
                {
                  "scriptName": "SeventhDonquixoteEgoDmgUpCoinAbility0And100And500And2500"
                },
                {
                  "scriptName": "SeventhDonquixoteEgoGiveBuffOSAAfterWinDuelByMaxPR",
                  "buffData": {
                    "buffKeyword": "ThirstyRose",
                    "target": "Target",
                    "buffOwner": "",
                    "stack": -1,
                    "turn": 0,
                    "activeRound": 0,
                    "limit": 3
                  }
                },
                {
                  "scriptName": "SeventhDonquixoteEgoHealCoinAbility500And10"
                }
              ]
            }
          ]
        },
        {
          "gaksungLevel": 3,
          "abilityScriptList": [
            {
              "scriptName": "SeventhDonquixoteEgoImmortalSkillAbility"
            },
            {
              "scriptName": "CoinScaleAdderViaBuffCheck",
              "buffData": {
                "buffKeyword": "Laceration",
                "target": "",
                "buffOwner": "Target",
                "stack": 10,
                "turn": 0,
                "activeRound": 0,
                "value": -1
              }
            },
            {
              "scriptName": "CoinScaleAdderViaBuffCheck",
              "buffData": {
                "buffKeyword": "BloodDinner_Accumulation",
                "target": "",
                "buffOwner": "Self",
                "stack": 200,
                "turn": 0,
                "activeRound": 0,
                "value": -1
              }
            },
            {
              "scriptName": "SeventhDonquixoteEgoGiveBuffOSAIfCommonUsedBDUnder150",
              "buffData": {
                "buffKeyword": "Laceration",
                "target": "Target",
                "buffOwner": "",
                "stack": 1,
                "turn": 0,
                "activeRound": 0
              }
            },
            {
              "scriptName": "GiveBuffBeforeAttack",
              "buffData": {
                "buffKeyword": "Laceration",
                "target": "Self",
                "buffOwner": "",
                "stack": 20,
                "turn": 0,
                "activeRound": 0
              }
            },
            {
              "scriptName": "ForceToActivateSinBuffBeforeAttack",
              "buffData": {
                "buffKeyword": "Laceration",
                "target": "Self",
                "buffOwner": "",
                "stack": 0,
                "turn": 2,
                "activeRound": 0
              }
            }
          ],
          "coinList": [
            {
              "operatorType": "SUB",
              "scale": 10,
              "actionIndex": 1,
              "abilityScriptList": [
                {
                  "scriptName": "GiveBuffOnSucceedAttackSetStackDevideByCommonUsedBloodDinner50",
                  "buffData": {
                    "buffKeyword": "Laceration",
                    "target": "Target",
                    "buffOwner": "",
                    "stack": 1,
                    "turn": 0,
                    "activeRound": 0,
                    "limit": 10
                  }
                },
                {
                  "scriptName": "GiveBuffOnSucceedAttackIfBloodDinnerNotMoreThan100",
                  "buffData": {
                    "buffKeyword": "Laceration",
                    "target": "Target",
                    "buffOwner": "",
                    "stack": 10,
                    "turn": 0,
                    "activeRound": 0
                  }
                }
              ]
            },
            {
              "operatorType": "SUB",
              "scale": 10,
              "actionIndex": 2,
              "abilityScriptList": [
                {
                  "scriptName": "SeventhDonquixoteEgoDmgUpCoinAbility0And100And1000And5000"
                },
                {
                  "scriptName": "SeventhDonquixoteEgoGiveBuffOSAAfterWinDuelByMaxPR",
                  "buffData": {
                    "buffKeyword": "ThirstyRose",
                    "target": "Target",
                    "buffOwner": "",
                    "stack": -1,
                    "turn": 0,
                    "activeRound": 0,
                    "limit": 4
                  }
                },
                {
                  "scriptName": "SeventhDonquixoteEgoHealCoinAbility500And10"
                }
              ]
            }
          ]
        },
        {
          "gaksungLevel": 4,
          "targetNum": 7,
          "abilityScriptList": [
            {
              "scriptName": "SeventhDonquixoteEgoImmortalSkillAbility"
            },
            {
              "scriptName": "CoinScaleAdderViaBuffCheck",
              "buffData": {
                "buffKeyword": "Laceration",
                "target": "",
                "buffOwner": "Target",
                "stack": 10,
                "turn": 0,
                "activeRound": 0,
                "value": -1
              }
            },
            {
              "scriptName": "CoinScaleAdderViaBuffCheck",
              "buffData": {
                "buffKeyword": "BloodDinner_Accumulation",
                "target": "",
                "buffOwner": "Self",
                "stack": 200,
                "turn": 0,
                "activeRound": 0,
                "value": -1
              }
            },
            {
              "scriptName": "SeventhDonquixoteEgoGiveBuffOSAIfCommonUsedBDUnder150",
              "buffData": {
                "buffKeyword": "Laceration",
                "target": "Target",
                "buffOwner": "",
                "stack": 1,
                "turn": 0,
                "activeRound": 0
              }
            },
            {
              "scriptName": "GiveBuffBeforeAttack",
              "buffData": {
                "buffKeyword": "Laceration",
                "target": "Self",
                "buffOwner": "",
                "stack": 20,
                "turn": 0,
                "activeRound": 0
              }
            },
            {
              "scriptName": "ForceToActivateSinBuffBeforeAttack",
              "buffData": {
                "buffKeyword": "Laceration",
                "target": "Self",
                "buffOwner": "",
                "stack": 0,
                "turn": 2,
                "activeRound": 0
              }
            }
          ],
          "coinList": [
            {
              "operatorType": "SUB",
              "scale": 10,
              "actionIndex": 1,
              "abilityScriptList": [
                {
                  "scriptName": "GiveBuffOnSucceedAttackSetStackDevideByCommonUsedBloodDinner50",
                  "buffData": {
                    "buffKeyword": "Laceration",
                    "target": "Target",
                    "buffOwner": "",
                    "stack": 1,
                    "turn": 0,
                    "activeRound": 0,
                    "limit": 10
                  }
                },
                {
                  "scriptName": "GiveBuffOnSucceedAttackIfBloodDinnerNotMoreThan100",
                  "buffData": {
                    "buffKeyword": "Laceration",
                    "target": "Target",
                    "buffOwner": "",
                    "stack": 10,
                    "turn": 0,
                    "activeRound": 0
                  }
                }
              ]
            },
            {
              "operatorType": "SUB",
              "scale": 10,
              "actionIndex": 2,
              "abilityScriptList": [
                {
                  "scriptName": "SeventhDonquixoteEgoDmgUpCoinAbility0And100And2000And10000"
                },
                {
                  "scriptName": "SeventhDonquixoteEgoGiveBuffOSAAfterWinDuelByMaxPR",
                  "buffData": {
                    "buffKeyword": "ThirstyRose",
                    "target": "Target",
                    "buffOwner": "",
                    "stack": -1,
                    "turn": 0,
                    "activeRound": 0,
                    "limit": 5
                  }
                },
                {
                  "scriptName": "SeventhDonquixoteEgoHealCoinAbility500And10"
                }
              ]
            }
          ]
        }
      ]
    },
    {
      "id": 2030911,
      "skillType": "EGO_AWAKEN",
      "skillTier": 3,
      "requireIDList": [],
      "skillData": [
        {
          "gaksungLevel": 1,
          "attributeType": "VIOLET",
          "atkType": "HIT",
          "defType": "ATTACK",
          "skillTargetType": "FRONT",
          "targetNum": 5,
          "mpUsage": 30,
          "skillLevelCorrection": 3,
          "defaultValue": 16,
          "canTeamKill": false,
          "canDuel": true,
          "canChangeTarget": true,
          "skillMotion": "Default",
          "viewType": "SKILL",
          "parryingCloseType": "NEAR",
          "abilityScriptList": [
            {
              "scriptName": "GiveBuff2030911",
              "value": 1,
              "buffData": {
                "buffKeyword": "MagicalGirlResponse",
                "target": "Custom",
                "buffOwner": "",
                "stack": 1,
                "turn": 0,
                "activeRound": 0,
                "value": 3,
                "limit": 3
              }
            },
            {
              "scriptName": "TargetNumAdder2030911",
              "buffData": {
                "buffKeyword": "Charge",
                "stack": -1,
                "value": -1,
                "limit": 3
              }
            },
            {
              "scriptName": "Heal2030911_2_2",
              "value": 0.01,
              "buffData": {
                "buffKeyword": "Charge",
                "value": 0.05,
                "limit": 5
              }
            },
            {
              "scriptName": "GiveBuffOnEndSkill2030921",
              "buffData": {
                "buffKeyword": "ArcanaQueenOfHate",
                "target": "Self",
                "buffOwner": "",
                "stack": 1,
                "turn": 0,
                "activeRound": 0
              }
            }
          ],
          "coinList": [
            {
              "operatorType": "ADD",
              "grade": 2,
              "color": "GREY",
              "scale": 5,
              "abilityScriptList": [
                {
                  "scriptName": "SuperCoin"
                },
                {
                  "scriptName": "GiveBuffOnSucceedAttack",
                  "turnLimit": 5,
                  "buffData": {
                    "buffKeyword": "Charge",
                    "target": "Self",
                    "buffOwner": "",
                    "stack": 0,
                    "turn": 1,
                    "activeRound": 0
                  }
                }
              ]
            },
            {
              "operatorType": "ADD",
              "grade": 2,
              "color": "GREY",
              "scale": 5,
              "abilityScriptList": [
                {
                  "scriptName": "SuperCoin"
                },
                {
                  "scriptName": "GiveBuffOnSAHIfMT",
                  "buffData": {
                    "buffKeyword": "VillainMark",
                    "target": "Target",
                    "buffOwner": "",
                    "stack": 1,
                    "turn": 0,
                    "activeRound": 1
                  }
                },
                {
                  "scriptName": "GiveBuffOnSucceedAttackByDuplicateStackPlusValue_Charge",
                  "buffData": {
                    "buffKeyword": "Burst",
                    "target": "Target",
                    "buffOwner": "Self",
                    "stack": -1,
                    "turn": 0,
                    "activeRound": 0,
                    "value": -1,
                    "limit": 2
                  }
                }
              ]
            }
          ]
        },
        {
          "gaksungLevel": 3,
          "abilityScriptList": [
            {
              "scriptName": "GiveBuff2030911_2",
              "value": 1,
              "buffData": {
                "buffKeyword": "MagicalGirlResponse",
                "target": "Custom",
                "buffOwner": "",
                "stack": 1,
                "turn": 0,
                "activeRound": 0,
                "value": 3,
                "limit": 3
              }
            },
            {
              "scriptName": "TargetNumAdder2030911",
              "buffData": {
                "buffKeyword": "Charge",
                "stack": -1,
                "value": -1,
                "limit": 5
              }
            },
            {
              "scriptName": "Heal2030911_2_2",
              "value": 0.01,
              "buffData": {
                "buffKeyword": "Charge",
                "value": 0.08,
                "limit": 5
              }
            },
            {
              "scriptName": "GiveBuffOnEndSkill2030921",
              "buffData": {
                "buffKeyword": "ArcanaQueenOfHate",
                "target": "Self",
                "buffOwner": "",
                "stack": 1,
                "turn": 0,
                "activeRound": 0
              }
            }
          ],
          "coinList": [
            {
              "operatorType": "ADD",
              "grade": 2,
              "color": "GREY",
              "scale": 5,
              "abilityScriptList": [
                {
                  "scriptName": "SuperCoin"
                },
                {
                  "scriptName": "GiveBuffOnSucceedAttack",
                  "turnLimit": 5,
                  "buffData": {
                    "buffKeyword": "Charge",
                    "target": "Self",
                    "buffOwner": "",
                    "stack": 0,
                    "turn": 1,
                    "activeRound": 0
                  }
                }
              ]
            },
            {
              "operatorType": "ADD",
              "grade": 2,
              "color": "GREY",
              "scale": 5,
              "abilityScriptList": [
                {
                  "scriptName": "SuperCoin"
                },
                {
                  "scriptName": "GiveBuffOnSAHIfMT",
                  "buffData": {
                    "buffKeyword": "VillainMark",
                    "target": "Target",
                    "buffOwner": "",
                    "stack": 1,
                    "turn": 0,
                    "activeRound": 1
                  }
                },
                {
                  "scriptName": "GiveBuffOnSucceedAttackByDuplicateStackPlusValue_Charge",
                  "buffData": {
                    "buffKeyword": "Burst",
                    "target": "Target",
                    "buffOwner": "Self",
                    "stack": -1,
                    "turn": 0,
                    "activeRound": 0,
                    "value": -1,
                    "limit": 3
                  }
                }
              ]
            }
          ]
        },
        {
          "gaksungLevel": 4,
          "abilityScriptList": [
            {
              "scriptName": "GiveBuff2030911_2",
              "value": 1,
              "buffData": {
                "buffKeyword": "MagicalGirlResponse",
                "target": "Custom",
                "buffOwner": "",
                "stack": 1,
                "turn": 0,
                "activeRound": 0,
                "value": 2,
                "limit": 4
              }
            },
            {
              "scriptName": "TargetNumAdder2030911",
              "buffData": {
                "buffKeyword": "Charge",
                "stack": -1,
                "value": 0,
                "limit": 5
              }
            },
            {
              "scriptName": "Heal2030911_2_2",
              "value": 0.01,
              "buffData": {
                "buffKeyword": "Charge",
                "value": 0.1,
                "limit": 5
              }
            },
            {
              "scriptName": "GiveBuffOnEndSkill2030921",
              "buffData": {
                "buffKeyword": "ArcanaQueenOfHate",
                "target": "Self",
                "buffOwner": "",
                "stack": 1,
                "turn": 0,
                "activeRound": 0
              }
            }
          ],
          "coinList": [
            {
              "operatorType": "ADD",
              "grade": 2,
              "color": "GREY",
              "scale": 5,
              "abilityScriptList": [
                {
                  "scriptName": "SuperCoin"
                },
                {
                  "scriptName": "GiveBuffOnSucceedAttack",
                  "turnLimit": 5,
                  "buffData": {
                    "buffKeyword": "Charge",
                    "target": "Self",
                    "buffOwner": "",
                    "stack": 0,
                    "turn": 2,
                    "activeRound": 0
                  }
                }
              ]
            },
            {
              "operatorType": "ADD",
              "grade": 2,
              "color": "GREY",
              "scale": 5,
              "abilityScriptList": [
                {
                  "scriptName": "SuperCoin"
                },
                {
                  "scriptName": "GiveBuffOnSucceedAttackIfMainTarget",
                  "buffData": {
                    "buffKeyword": "VillainMark",
                    "target": "Target",
                    "buffOwner": "",
                    "stack": 1,
                    "turn": 0,
                    "activeRound": 1
                  }
                },
                {
                  "scriptName": "GiveBuffOnSA2030911_Charge",
                  "value": 1,
                  "buffData": {
                    "buffKeyword": "Burst",
                    "target": "Target",
                    "buffOwner": "Self",
                    "stack": -1,
                    "turn": -1,
                    "activeRound": 0,
                    "value": -1,
                    "limit": 4
                  }
                }
              ]
            }
          ]
        }
      ]
    },
    {
      "id": 2030921,
      "skillType": "EGO_EROSION",
      "skillTier": 3,
      "requireIDList": [],
      "skillData": [
        {
          "gaksungLevel": 1,
          "attributeType": "VIOLET",
          "atkType": "HIT",
          "defType": "ATTACK",
          "skillTargetType": "RANDOM",
          "targetNum": 5,
          "mpUsage": 30,
          "skillLevelCorrection": 5,
          "defaultValue": 31,
          "canTeamKill": true,
          "canDuel": true,
          "canChangeTarget": true,
          "skillMotion": "Default",
          "viewType": "SKILL",
          "parryingCloseType": "NEAR",
          "abilityScriptList": [
            {
              "scriptName": "TargetNumAdder2030921",
              "buffData": {
                "buffKeyword": "Charge",
                "stack": 0,
                "value": 0,
                "limit": 5
              }
            },
            {
              "scriptName": "AttackDmgUpByRatioBBByUseBuffAllTurnPerTurn",
              "buffData": {
                "buffKeyword": "Charge",
                "target": "",
                "buffOwner": "Self",
                "value": 0.01,
                "limit": 20
              }
            },
            {
              "scriptName": "AttackDmgUpByRatioBBViaBuffCheckDevideByStackIfMTHasStack_VillainMark1",
              "buffData": {
                "buffKeyword": "Charge",
                "target": "",
                "buffOwner": "Self",
                "stack": 1,
                "turn": 0,
                "value": 0.03,
                "limit": 15
              }
            },
            {
              "scriptName": "AttackDmgUpByRatioBBPerRC_VIOLET3_10",
              "value": 0.05
            },
            {
              "scriptName": "SkillPowerReducerBB12ByBrokenCoinWithLimit24"
            },
            {
              "scriptName": "GiveBuffOnEndSkill2030921",
              "buffData": {
                "buffKeyword": "HystericGauge",
                "target": "Self",
                "buffOwner": "",
                "stack": 1,
                "turn": 0,
                "activeRound": 0
              }
            }
          ],
          "coinList": [
            {
              "operatorType": "SUB",
              "grade": 2,
              "color": "GREY",
              "scale": 12,
              "abilityScriptList": [
                {
                  "scriptName": "SuperCoin"
                },
                {
                  "scriptName": "GiveBuffOnSucceedAttack",
                  "turnLimit": 7,
                  "buffData": {
                    "buffKeyword": "Charge",
                    "target": "Self",
                    "buffOwner": "",
                    "stack": 0,
                    "turn": 1,
                    "activeRound": 0
                  }
                }
              ]
            },
            {
              "operatorType": "SUB",
              "grade": 2,
              "color": "GREY",
              "scale": 12,
              "abilityScriptList": [
                {
                  "scriptName": "SuperCoin"
                },
                {
                  "scriptName": "GiveBuffOnSucceedAttackTailIfMainTarget",
                  "buffData": {
                    "buffKeyword": "VillainMark",
                    "target": "Target",
                    "buffOwner": "",
                    "stack": 1,
                    "turn": 0,
                    "activeRound": 1
                  }
                },
                {
                  "scriptName": "GiveBuffOnSucceedAttackByDuplicateStackPlusValue_Charge",
                  "buffData": {
                    "buffKeyword": "Sinking",
                    "target": "Target",
                    "buffOwner": "Self",
                    "stack": -1,
                    "turn": 0,
                    "activeRound": 0,
                    "value": -1,
                    "limit": 2
                  }
                }
              ]
            }
          ]
        },
        {
          "gaksungLevel": 3,
          "abilityScriptList": [
            {
              "scriptName": "TargetNumAdder2030921",
              "buffData": {
                "buffKeyword": "Charge",
                "stack": 0,
                "value": 1,
                "limit": 5
              }
            },
            {
              "scriptName": "AttackDmgUpByRatioBBByUseBuffAllTurnPerTurn",
              "buffData": {
                "buffKeyword": "Charge",
                "target": "",
                "buffOwner": "Self",
                "value": 0.02,
                "limit": 40
              }
            },
            {
              "scriptName": "AttackDmgUp2090321_35",
              "value": 0.07,
              "buffData": {
                "buffKeyword": "Charge",
                "target": "",
                "buffOwner": "Self",
                "stack": 1,
                "turn": 0,
                "value": 0.05,
                "limit": 25
              }
            },
            {
              "scriptName": "AttackDmgUpByRatioBBPerRC_VIOLET2_21",
              "value": 0.07
            },
            {
              "scriptName": "SkillPowerReducerBB12ByBrokenCoinWithLimit24"
            },
            {
              "scriptName": "GiveBuffOnEndSkill2030921",
              "buffData": {
                "buffKeyword": "HystericGauge",
                "target": "Self",
                "buffOwner": "",
                "stack": 1,
                "turn": 0,
                "activeRound": 0
              }
            }
          ],
          "coinList": [
            {
              "operatorType": "SUB",
              "grade": 2,
              "color": "GREY",
              "scale": 12,
              "abilityScriptList": [
                {
                  "scriptName": "SuperCoin"
                },
                {
                  "scriptName": "GiveBuffOnSucceedAttack",
                  "turnLimit": 5,
                  "buffData": {
                    "buffKeyword": "Charge",
                    "target": "Self",
                    "buffOwner": "",
                    "stack": 0,
                    "turn": 2,
                    "activeRound": 0
                  }
                }
              ]
            },
            {
              "operatorType": "SUB",
              "grade": 2,
              "color": "GREY",
              "scale": 12,
              "abilityScriptList": [
                {
                  "scriptName": "SuperCoin"
                },
                {
                  "scriptName": "GiveBuffOnSucceedAttackTailIfMainTarget",
                  "buffData": {
                    "buffKeyword": "VillainMark",
                    "target": "Target",
                    "buffOwner": "",
                    "stack": 1,
                    "turn": 0,
                    "activeRound": 1
                  }
                },
                {
                  "scriptName": "GiveBuffOnSucceedAttackByDuplicateStackPlusValue_Charge",
                  "buffData": {
                    "buffKeyword": "Sinking",
                    "target": "Target",
                    "buffOwner": "Self",
                    "stack": -1,
                    "turn": 0,
                    "activeRound": 0,
                    "value": -1,
                    "limit": 3
                  }
                }
              ]
            }
          ]
        },
        {
          "gaksungLevel": 4,
          "abilityScriptList": [
            {
              "scriptName": "TargetNumAdder2030921",
              "buffData": {
                "buffKeyword": "Charge",
                "stack": 0,
                "value": 1,
                "limit": 5
              }
            },
            {
              "scriptName": "AttackDmgUpByRatioBBByUseBuffAllTurnPerTurn",
              "buffData": {
                "buffKeyword": "Charge",
                "target": "",
                "buffOwner": "Self",
                "value": 0.025,
                "limit": 50
              }
            },
            {
              "scriptName": "AttackDmgUp2090321_50",
              "value": 0.1,
              "buffData": {
                "buffKeyword": "Charge",
                "target": "",
                "buffOwner": "Self",
                "stack": 1,
                "turn": 0,
                "value": 0.05,
                "limit": 25
              }
            },
            {
              "scriptName": "AttackDmgUpByRatioBBPerRC_VIOLET2_30",
              "value": 0.1
            },
            {
              "scriptName": "SkillPowerReducerBB12ByBrokenCoinWithLimit24"
            },
            {
              "scriptName": "GiveBuffOnEndSkill2030921",
              "buffData": {
                "buffKeyword": "HystericGauge",
                "target": "Self",
                "buffOwner": "",
                "stack": 1,
                "turn": 0,
                "activeRound": 0
              }
            }
          ],
          "coinList": [
            {
              "operatorType": "SUB",
              "grade": 2,
              "color": "GREY",
              "scale": 12,
              "abilityScriptList": [
                {
                  "scriptName": "SuperCoin"
                },
                {
                  "scriptName": "GiveBuffOnSucceedAttack",
                  "turnLimit": 7,
                  "buffData": {
                    "buffKeyword": "Charge",
                    "target": "Self",
                    "buffOwner": "",
                    "stack": 0,
                    "turn": 2,
                    "activeRound": 0
                  }
                }
              ]
            },
            {
              "operatorType": "SUB",
              "grade": 2,
              "color": "GREY",
              "scale": 12,
              "abilityScriptList": [
                {
                  "scriptName": "SuperCoin"
                },
                {
                  "scriptName": "GiveBuffOnSucceedAttackIfMainTarget",
                  "buffData": {
                    "buffKeyword": "VillainMark",
                    "target": "Target",
                    "buffOwner": "",
                    "stack": 1,
                    "turn": 0,
                    "activeRound": 1
                  }
                },
                {
                  "scriptName": "GiveBuffOnSA2030921_Charge",
                  "value": 1,
                  "buffData": {
                    "buffKeyword": "Sinking",
                    "target": "Target",
                    "buffOwner": "Self",
                    "stack": -1,
                    "turn": -1,
                    "activeRound": 0,
                    "value": -1,
                    "limit": 4
                  }
                }
              ]
            }
          ]
        }
      ]
    }
  ]
}