{
  "list": [
    {
      "id": 2010111,
      "skillType": "EGO_AWAKEN",
      "skillTier": 3,
      "requireIDList": [],
      "skillData": [
        {
          "gaksungLevel": 1,
          "attributeType": "AMBER",
          "atkType": "PENETRATE",
          "defType": "ATTACK",
          "skillTargetType": "FRONT",
          "targetNum": 1,
          "mpUsage": 10,
          "skillLevelCorrection": -4,
          "defaultValue": 14,
          "canTeamKill": false,
          "canDuel": true,
          "canChangeTarget": true,
          "actionScript": "2010121",
          "skillMotion": "Default",
          "viewType": "SKILL",
          "parryingCloseType": "NEAR",
          "coinList": [
            {
              "operatorType": "ADD",
              "scale": 6,
              "abilityScriptList": [
                {
                  "scriptName": "GiveBuffOnSucceedAttackHead",
                  "buffData": {
                    "buffKeyword": "Reduction",
                    "target": "Target",
                    "buffOwner": "",
                    "stack": 2,
                    "turn": 0,
                    "activeRound": 0
                  }
                },
                {
                  "scriptName": "GiveBuffOnSucceedAttack",
                  "buffData": {
                    "buffKeyword": "Agility",
                    "target": "EveryAlly",
                    "buffOwner": "",
                    "stack": 1,
                    "turn": 0,
                    "activeRound": 1
                  }
                }
              ]
            }
          ]
        },
        {
          "gaksungLevel": 3,
          "defaultValue": 18,
          "coinList": [
            {
              "operatorType": "ADD",
              "scale": 6,
              "abilityScriptList": [
                {
                  "scriptName": "GiveBuffOnSucceedAttack",
                  "buffData": {
                    "buffKeyword": "Reduction",
                    "target": "Target",
                    "buffOwner": "",
                    "stack": 2,
                    "turn": 0,
                    "activeRound": 0
                  }
                },
                {
                  "scriptName": "GiveBuffOnSucceedAttack",
                  "buffData": {
                    "buffKeyword": "Agility",
                    "target": "EveryAlly",
                    "buffOwner": "",
                    "stack": 3,
                    "turn": 0,
                    "activeRound": 1
                  }
                }
              ]
            }
          ]
        },
        {
          "gaksungLevel": 4,
          "coinList": [
            {
              "operatorType": "ADD",
              "scale": 6,
              "abilityScriptList": [
                {
                  "scriptName": "GiveBuffOnSucceedAttack",
                  "buffData": {
                    "buffKeyword": "Reduction",
                    "target": "Target",
                    "buffOwner": "",
                    "stack": 2,
                    "turn": 0,
                    "activeRound": 0
                  }
                },
                {
                  "scriptName": "GiveBuffOnSucceedAttack",
                  "buffData": {
                    "buffKeyword": "Agility",
                    "target": "EveryAlly",
                    "buffOwner": "",
                    "stack": 3,
                    "turn": 0,
                    "activeRound": 1
                  }
                },
                {
                  "scriptName": "GiveBuffOnSucceedAttack",
                  "buffData": {
                    "buffKeyword": "Binding",
                    "target": "Target",
                    "buffOwner": "",
                    "stack": 2,
                    "turn": 0,
                    "activeRound": 1
                  }
                }
              ]
            }
          ]
        }
      ]
    },
    {
      "id": 2010211,
      "skillType": "EGO_AWAKEN",
      "skillTier": 3,
      "requireIDList": [],
      "skillData": [
        {
          "gaksungLevel": 1,
          "attributeType": "CRIMSON",
          "atkType": "SLASH",
          "defType": "ATTACK",
          "skillTargetType": "FRONT",
          "targetNum": 3,
          "mpUsage": 20,
          "skillLevelCorrection": 2,
          "defaultValue": 12,
          "canTeamKill": false,
          "canDuel": true,
          "canChangeTarget": true,
          "actionScript": "2010221",
          "skillMotion": "Default",
          "viewType": "SKILL",
          "parryingCloseType": "NEAR",
          "coinList": [
            {
              "operatorType": "ADD",
              "scale": 8,
              "abilityScriptList": [
                {
                  "scriptName": "GiveBuffOnSucceedAttackHead",
                  "buffData": {
                    "buffKeyword": "Combustion",
                    "target": "Target",
                    "buffOwner": "",
                    "stack": 2,
                    "turn": 0,
                    "activeRound": 0
                  }
                }
              ]
            }
          ]
        },
        {
          "gaksungLevel": 3,
          "defaultValue": 12,
          "coinList": [
            {
              "operatorType": "ADD",
              "scale": 8,
              "abilityScriptList": [
                {
                  "scriptName": "GiveBuffOnSucceedAttackHead",
                  "buffData": {
                    "buffKeyword": "Combustion",
                    "target": "Target",
                    "buffOwner": "",
                    "stack": 4,
                    "turn": 0,
                    "activeRound": 0
                  }
                }
              ]
            }
          ]
        },
        {
          "gaksungLevel": 4,
          "targetNum": 5,
          "coinList": [
            {
              "operatorType": "ADD",
              "scale": 8,
              "abilityScriptList": [
                {
                  "scriptName": "GiveBuffOnSucceedAttack",
                  "buffData": {
                    "buffKeyword": "Combustion",
                    "target": "Target",
                    "buffOwner": "",
                    "stack": 4,
                    "turn": 0,
                    "activeRound": 0
                  }
                },
                {
                  "scriptName": "GiveBuffOnSucceedAttackHead",
                  "buffData": {
                    "buffKeyword": "Combustion",
                    "target": "Target",
                    "buffOwner": "",
                    "stack": 6,
                    "turn": 0,
                    "activeRound": 0
                  }
                }
              ]
            }
          ]
        }
      ]
    },
    {
      "id": 2010221,
      "skillType": "EGO_EROSION",
      "skillTier": 3,
      "requireIDList": [],
      "skillData": [
        {
          "gaksungLevel": 1,
          "attributeType": "CRIMSON",
          "atkType": "SLASH",
          "defType": "ATTACK",
          "skillTargetType": "RANDOM",
          "targetNum": 3,
          "mpUsage": 20,
          "skillLevelCorrection": 2,
          "defaultValue": 24,
          "canTeamKill": true,
          "canDuel": true,
          "canChangeTarget": true,
          "actionScript": "2010222",
          "skillMotion": "Default",
          "viewType": "SKILL",
          "parryingCloseType": "NEAR",
          "coinList": [
            {
              "operatorType": "SUB",
              "scale": 12,
              "abilityScriptList": [
                {
                  "scriptName": "GiveBuffOnSucceedAttack",
                  "buffData": {
                    "buffKeyword": "Combustion",
                    "target": "Target",
                    "buffOwner": "",
                    "stack": 2,
                    "turn": 0,
                    "activeRound": 0
                  }
                }
              ]
            }
          ]
        },
        {
          "gaksungLevel": 3,
          "defaultValue": 24,
          "coinList": [
            {
              "operatorType": "SUB",
              "scale": 12,
              "abilityScriptList": [
                {
                  "scriptName": "GiveBuffOnSucceedAttack",
                  "buffData": {
                    "buffKeyword": "Combustion",
                    "target": "Target",
                    "buffOwner": "",
                    "stack": 4,
                    "turn": 0,
                    "activeRound": 0
                  }
                }
              ]
            }
          ]
        },
        {
          "gaksungLevel": 4,
          "targetNum": 5,
          "coinList": [
            {
              "operatorType": "SUB",
              "scale": 12,
              "abilityScriptList": [
                {
                  "scriptName": "GiveBuffOnSucceedAttack",
                  "buffData": {
                    "buffKeyword": "Combustion",
                    "target": "Target",
                    "buffOwner": "",
                    "stack": 4,
                    "turn": 0,
                    "activeRound": 0
                  }
                },
                {
                  "scriptName": "GiveBuffOnSucceedAttackHead",
                  "buffData": {
                    "buffKeyword": "Combustion",
                    "target": "Target",
                    "buffOwner": "",
                    "stack": 6,
                    "turn": 0,
                    "activeRound": 0
                  }
                }
              ]
            }
          ]
        }
      ]
    },
    {
      "id": 2010311,
      "skillType": "EGO_AWAKEN",
      "skillTier": 3,
      "requireIDList": [],
      "skillData": [
        {
          "gaksungLevel": 1,
          "attributeType": "AMBER",
          "atkType": "PENETRATE",
          "defType": "ATTACK",
          "skillTargetType": "BACK",
          "targetNum": 1,
          "mpUsage": 20,
          "skillLevelCorrection": -2,
          "defaultValue": 18,
          "canTeamKill": false,
          "canDuel": true,
          "canChangeTarget": true,
          "skillMotion": "Default",
          "viewType": "SKILL",
          "parryingCloseType": "NEAR",
          "coinList": [
            {
              "operatorType": "ADD",
              "scale": 4,
              "abilityScriptList": [
                {
                  "scriptName": "GiveBuffOnSucceedAttack",
                  "buffData": {
                    "buffKeyword": "AmberTakeDamageUp",
                    "target": "Target",
                    "buffOwner": "",
                    "stack": 1,
                    "turn": 0,
                    "activeRound": 0
                  }
                },
                {
                  "scriptName": "GiveBuffOnSucceedAttackHead",
                  "buffData": {
                    "buffKeyword": "Paralysis",
                    "target": "Target",
                    "buffOwner": "",
                    "stack": 2,
                    "turn": 0,
                    "activeRound": 0
                  }
                }
              ]
            }
          ]
        },
        {
          "gaksungLevel": 3,
          "defaultValue": 22,
          "coinList": [
            {
              "operatorType": "ADD",
              "scale": 4,
              "abilityScriptList": [
                {
                  "scriptName": "GiveBuffOnSucceedAttack",
                  "buffData": {
                    "buffKeyword": "AmberTakeDamageUp",
                    "target": "Target",
                    "buffOwner": "",
                    "stack": 2,
                    "turn": 0,
                    "activeRound": 0
                  }
                },
                {
                  "scriptName": "GiveBuffOnSucceedAttackHead",
                  "buffData": {
                    "buffKeyword": "Paralysis",
                    "target": "Target",
                    "buffOwner": "",
                    "stack": 3,
                    "turn": 0,
                    "activeRound": 0
                  }
                }
              ]
            }
          ]
        },
        {
          "gaksungLevel": 4,
          "targetNum": 3
        }
      ]
    },
    {
      "id": 2010321,
      "skillType": "EGO_EROSION",
      "skillTier": 3,
      "requireIDList": [],
      "skillData": [
        {
          "gaksungLevel": 1,
          "attributeType": "AMBER",
          "atkType": "HIT",
          "defType": "ATTACK",
          "skillTargetType": "RANDOM",
          "targetNum": 3,
          "mpUsage": 20,
          "skillLevelCorrection": -2,
          "defaultValue": 20,
          "canTeamKill": true,
          "canDuel": true,
          "canChangeTarget": true,
          "skillMotion": "Default",
          "viewType": "SKILL",
          "parryingCloseType": "NEAR",
          "coinList": [
            {
              "operatorType": "SUB",
              "scale": 10,
              "abilityScriptList": [
                {
                  "scriptName": "GiveBuffOnSucceedAttack",
                  "buffData": {
                    "buffKeyword": "AmberTakeDamageUp",
                    "target": "Target",
                    "buffOwner": "",
                    "stack": 1,
                    "turn": 0,
                    "activeRound": 0
                  }
                },
                {
                  "scriptName": "GiveBuffOnSucceedAttackHead",
                  "buffData": {
                    "buffKeyword": "Paralysis",
                    "target": "Target",
                    "buffOwner": "",
                    "stack": 2,
                    "turn": 0,
                    "activeRound": 0
                  }
                }
              ]
            }
          ]
        },
        {
          "gaksungLevel": 3,
          "defaultValue": 24,
          "coinList": [
            {
              "operatorType": "SUB",
              "scale": 10,
              "abilityScriptList": [
                {
                  "scriptName": "GiveBuffOnSucceedAttack",
                  "buffData": {
                    "buffKeyword": "AmberTakeDamageUp",
                    "target": "Target",
                    "buffOwner": "",
                    "stack": 1,
                    "turn": 0,
                    "activeRound": 0
                  }
                },
                {
                  "scriptName": "GiveBuffOnSucceedAttack",
                  "buffData": {
                    "buffKeyword": "Paralysis",
                    "target": "Target",
                    "buffOwner": "",
                    "stack": 2,
                    "turn": 0,
                    "activeRound": 0
                  }
                },
                {
                  "scriptName": "GiveBuffOnSucceedAttackHead",
                  "buffData": {
                    "buffKeyword": "Binding",
                    "target": "Target",
                    "buffOwner": "",
                    "stack": 3,
                    "turn": 0,
                    "activeRound": 1
                  }
                }
              ]
            }
          ]
        },
        {
          "gaksungLevel": 4,
          "defaultValue": 29
        }
      ]
    },
    {
      "id": 2010411,
      "skillType": "EGO_AWAKEN",
      "skillTier": 3,
      "requireIDList": [],
      "skillData": [
        {
          "gaksungLevel": 1,
          "attributeType": "INDIGO",
          "atkType": "PENETRATE",
          "defType": "ATTACK",
          "skillTargetType": "BACK",
          "targetNum": 1,
          "mpUsage": 25,
          "skillLevelCorrection": 3,
          "defaultValue": 15,
          "canTeamKill": false,
          "canDuel": true,
          "canChangeTarget": true,
          "skillMotion": "Default",
          "viewType": "SKILL",
          "parryingCloseType": "NEAR",
          "coinList": [
            {
              "operatorType": "ADD",
              "scale": 18,
              "abilityScriptList": [
                {
                  "scriptName": "2010411_1"
                },
                {
                  "scriptName": "2010411_2"
                }
              ]
            }
          ]
        },
        {
          "gaksungLevel": 3,
          "defaultValue": 20,
          "coinList": [
            {
              "operatorType": "ADD",
              "scale": 18,
              "abilityScriptList": [
                {
                  "scriptName": "2010411_1_gaksung"
                },
                {
                  "scriptName": "2010411_2_gaksung"
                }
              ]
            }
          ]
        },
        {
          "gaksungLevel": 4,
          "coinList": [
            {
              "operatorType": "ADD",
              "scale": 18,
              "abilityScriptList": [
                {
                  "scriptName": "2010411_1_gaksung4th"
                },
                {
                  "scriptName": "2010411_2_gaksung"
                }
              ]
            }
          ]
        }
      ]
    },
    {
      "id": 2010421,
      "skillType": "EGO_EROSION",
      "skillTier": 3,
      "requireIDList": [],
      "skillData": [
        {
          "gaksungLevel": 1,
          "attributeType": "INDIGO",
          "atkType": "PENETRATE",
          "defType": "ATTACK",
          "skillTargetType": "RANDOM",
          "targetNum": 1,
          "mpUsage": 30,
          "skillLevelCorrection": 5,
          "defaultValue": 36,
          "canTeamKill": true,
          "canDuel": true,
          "canChangeTarget": true,
          "skillMotion": "Default",
          "viewType": "SKILL",
          "parryingCloseType": "NEAR",
          "coinList": [
            {
              "operatorType": "SUB",
              "scale": 24,
              "abilityScriptList": [
                {
                  "scriptName": "2010421_1"
                },
                {
                  "scriptName": "GiveBuffOnSucceedAttack",
                  "buffData": {
                    "buffKeyword": "Burst",
                    "target": "Target",
                    "buffOwner": "",
                    "stack": 3,
                    "turn": 0,
                    "activeRound": 0
                  }
                },
                {
                  "scriptName": "2010421_2"
                }
              ]
            }
          ]
        },
        {
          "gaksungLevel": 3,
          "defaultValue": 42,
          "coinList": [
            {
              "operatorType": "SUB",
              "scale": 24,
              "abilityScriptList": [
                {
                  "scriptName": "2010421_1_gaksung"
                },
                {
                  "scriptName": "GiveBuffOnSucceedAttack",
                  "buffData": {
                    "buffKeyword": "Burst",
                    "target": "Target",
                    "buffOwner": "",
                    "stack": 6,
                    "turn": 0,
                    "activeRound": 0
                  }
                },
                {
                  "scriptName": "2010421_2_gaksung"
                }
              ]
            }
          ]
        },
        {
          "gaksungLevel": 4,
          "defaultValue": 42,
          "coinList": [
            {
              "operatorType": "SUB",
              "scale": 24,
              "abilityScriptList": [
                {
                  "scriptName": "2010421_1_gaksung4th"
                },
                {
                  "scriptName": "GiveBuffOnSucceedAttack",
                  "buffData": {
                    "buffKeyword": "Burst",
                    "target": "Target",
                    "buffOwner": "",
                    "stack": 6,
                    "turn": 0,
                    "activeRound": 0
                  }
                },
                {
                  "scriptName": "2010421_2_gaksung"
                }
              ]
            }
          ]
        }
      ]
    },
    {
      "id": 2010511,
      "skillType": "EGO_AWAKEN",
      "skillTier": 3,
      "requireIDList": [],
      "skillData": [
        {
          "gaksungLevel": 1,
          "attributeType": "AMBER",
          "atkType": "PENETRATE",
          "defType": "ATTACK",
          "skillTargetType": "FRONT",
          "targetNum": 5,
          "mpUsage": 35,
          "skillLevelCorrection": -1,
          "defaultValue": 15,
          "canTeamKill": false,
          "canDuel": true,
          "canChangeTarget": true,
          "skillMotion": "Default",
          "viewType": "SKILL",
          "parryingCloseType": "NEAR",
          "abilityScriptList": [
            {
              "scriptName": "GiveBuffBeforeAttack",
              "buffData": {
                "buffKeyword": "AmberResultUp",
                "target": "EveryAlly",
                "buffOwner": "",
                "stack": 1,
                "turn": 0,
                "activeRound": 0
              }
            },
            {
              "scriptName": "GiveBuffBeforeAttack",
              "buffData": {
                "buffKeyword": "AmberResultUp",
                "target": "EveryAlly",
                "buffOwner": "",
                "stack": 1,
                "turn": 0,
                "activeRound": 1
              }
            },
            {
              "scriptName": "GiveBuffBeforeAttack",
              "buffData": {
                "buffKeyword": "AmberDamageUp",
                "target": "EveryAlly",
                "buffOwner": "",
                "stack": 1,
                "turn": 0,
                "activeRound": 0
              }
            },
            {
              "scriptName": "GiveBuffBeforeAttack",
              "buffData": {
                "buffKeyword": "AmberDamageUp",
                "target": "EveryAlly",
                "buffOwner": "",
                "stack": 1,
                "turn": 0,
                "activeRound": 1
              }
            },
            {
              "scriptName": "GiveBuffBeforeAttack",
              "buffData": {
                "buffKeyword": "Protection",
                "target": "EveryAlly",
                "buffOwner": "",
                "stack": 2,
                "turn": 0,
                "activeRound": 0
              }
            },
            {
              "scriptName": "GiveBuffBeforeAttack",
              "buffData": {
                "buffKeyword": "Protection",
                "target": "EveryAlly",
                "buffOwner": "",
                "stack": 2,
                "turn": 0,
                "activeRound": 1
              }
            }
          ],
          "coinList": [
            {
              "operatorType": "ADD",
              "scale": 10
            }
          ]
        },
        {
          "gaksungLevel": 3,
          "defaultValue": 17,
          "abilityScriptList": [
            {
              "scriptName": "GiveBuffBeforeAttack",
              "buffData": {
                "buffKeyword": "AmberResultUp",
                "target": "EveryAlly",
                "buffOwner": "",
                "stack": 1,
                "turn": 0,
                "activeRound": 0
              }
            },
            {
              "scriptName": "GiveBuffBeforeAttack",
              "buffData": {
                "buffKeyword": "AmberResultUp",
                "target": "EveryAlly",
                "buffOwner": "",
                "stack": 1,
                "turn": 0,
                "activeRound": 1
              }
            },
            {
              "scriptName": "GiveBuffBeforeAttack",
              "buffData": {
                "buffKeyword": "AmberDamageUp",
                "target": "EveryAlly",
                "buffOwner": "",
                "stack": 2,
                "turn": 0,
                "activeRound": 0
              }
            },
            {
              "scriptName": "GiveBuffBeforeAttack",
              "buffData": {
                "buffKeyword": "AmberDamageUp",
                "target": "EveryAlly",
                "buffOwner": "",
                "stack": 2,
                "turn": 0,
                "activeRound": 1
              }
            },
            {
              "scriptName": "GiveBuffBeforeAttack",
              "buffData": {
                "buffKeyword": "Protection",
                "target": "EveryAlly",
                "buffOwner": "",
                "stack": 3,
                "turn": 0,
                "activeRound": 0
              }
            },
            {
              "scriptName": "GiveBuffBeforeAttack",
              "buffData": {
                "buffKeyword": "Protection",
                "target": "EveryAlly",
                "buffOwner": "",
                "stack": 3,
                "turn": 0,
                "activeRound": 1
              }
            }
          ],
          "coinList": [
            {
              "operatorType": "ADD",
              "scale": 10,
              "abilityScriptList": [
                {
                  "scriptName": "HealMpOnSucceedAttackHeadSelf15"
                }
              ]
            }
          ]
        },
        {
          "gaksungLevel": 4,
          "targetNum": 7,
          "abilityScriptList": [
            {
              "scriptName": "GiveBuffBeforeAttack",
              "buffData": {
                "buffKeyword": "AmberResultUp",
                "target": "EveryAlly",
                "buffOwner": "",
                "stack": 1,
                "turn": 0,
                "activeRound": 0
              }
            },
            {
              "scriptName": "GiveBuffBeforeAttack",
              "buffData": {
                "buffKeyword": "AmberResultUp",
                "target": "EveryAlly",
                "buffOwner": "",
                "stack": 1,
                "turn": 0,
                "activeRound": 1
              }
            },
            {
              "scriptName": "GiveBuffBeforeAttack",
              "buffData": {
                "buffKeyword": "AmberDamageUp",
                "target": "EveryAlly",
                "buffOwner": "",
                "stack": 2,
                "turn": 0,
                "activeRound": 0
              }
            },
            {
              "scriptName": "GiveBuffBeforeAttack",
              "buffData": {
                "buffKeyword": "AmberDamageUp",
                "target": "EveryAlly",
                "buffOwner": "",
                "stack": 2,
                "turn": 0,
                "activeRound": 1
              }
            },
            {
              "scriptName": "GiveBuffBeforeAttack",
              "buffData": {
                "buffKeyword": "Protection",
                "target": "EveryAlly",
                "buffOwner": "",
                "stack": 3,
                "turn": 0,
                "activeRound": 0
              }
            },
            {
              "scriptName": "GiveBuffBeforeAttack",
              "buffData": {
                "buffKeyword": "Protection",
                "target": "EveryAlly",
                "buffOwner": "",
                "stack": 3,
                "turn": 0,
                "activeRound": 1
              }
            }
          ],
          "coinList": [
            {
              "operatorType": "ADD",
              "scale": 15,
              "abilityScriptList": [
                {
                  "scriptName": "HealMpOnSucceedAttackHeadSelf15"
                }
              ]
            }
          ]
        }
      ]
    },
    {
      "id": 2010521,
      "skillType": "EGO_EROSION",
      "skillTier": 3,
      "requireIDList": [],
      "skillData": [
        {
          "gaksungLevel": 1,
          "attributeType": "AMBER",
          "atkType": "PENETRATE",
          "defType": "ATTACK",
          "skillTargetType": "RANDOM",
          "targetNum": 5,
          "mpUsage": 35,
          "skillLevelCorrection": 3,
          "defaultValue": 28,
          "canTeamKill": true,
          "canDuel": true,
          "canChangeTarget": true,
          "skillMotion": "Default",
          "viewType": "SKILL",
          "parryingCloseType": "NEAR",
          "abilityScriptList": [
            {
              "scriptName": "GiveBuffBeforeAttack",
              "buffData": {
                "buffKeyword": "AmberResultUp",
                "target": "Self",
                "buffOwner": "",
                "stack": 1,
                "turn": 0,
                "activeRound": 0
              }
            },
            {
              "scriptName": "GiveBuffBeforeAttack",
              "buffData": {
                "buffKeyword": "AmberResultUp",
                "target": "Self",
                "buffOwner": "",
                "stack": 1,
                "turn": 0,
                "activeRound": 1
              }
            },
            {
              "scriptName": "GiveBuffBeforeAttack",
              "buffData": {
                "buffKeyword": "AmberDamageUp",
                "target": "Self",
                "buffOwner": "",
                "stack": 1,
                "turn": 0,
                "activeRound": 0
              }
            },
            {
              "scriptName": "GiveBuffBeforeAttack",
              "buffData": {
                "buffKeyword": "AmberDamageUp",
                "target": "Self",
                "buffOwner": "",
                "stack": 1,
                "turn": 0,
                "activeRound": 1
              }
            }
          ],
          "coinList": [
            {
              "operatorType": "SUB",
              "scale": 10,
              "abilityScriptList": [
                {
                  "scriptName": "GiveBuffOnSucceedAttack",
                  "buffData": {
                    "buffKeyword": "AmberTakeDamageUp",
                    "target": "Target",
                    "buffOwner": "",
                    "stack": 1,
                    "turn": 0,
                    "activeRound": 0
                  }
                },
                {
                  "scriptName": "GiveBuffOnSucceedAttack",
                  "buffData": {
                    "buffKeyword": "AmberTakeDamageUp",
                    "target": "Target",
                    "buffOwner": "",
                    "stack": 1,
                    "turn": 0,
                    "activeRound": 1
                  }
                },
                {
                  "scriptName": "GiveBuffOnSucceedAttack",
                  "buffData": {
                    "buffKeyword": "PenetrateTakeDamageUp",
                    "target": "Target",
                    "buffOwner": "",
                    "stack": 1,
                    "turn": 0,
                    "activeRound": 0
                  }
                },
                {
                  "scriptName": "GiveBuffOnSucceedAttack",
                  "buffData": {
                    "buffKeyword": "PenetrateTakeDamageUp",
                    "target": "Target",
                    "buffOwner": "",
                    "stack": 1,
                    "turn": 0,
                    "activeRound": 1
                  }
                }
              ]
            }
          ]
        },
        {
          "gaksungLevel": 3,
          "defaultValue": 30,
          "abilityScriptList": [
            {
              "scriptName": "GiveBuffBeforeAttack",
              "buffData": {
                "buffKeyword": "AmberResultUp",
                "target": "Self",
                "buffOwner": "",
                "stack": 2,
                "turn": 0,
                "activeRound": 0
              }
            },
            {
              "scriptName": "GiveBuffBeforeAttack",
              "buffData": {
                "buffKeyword": "AmberResultUp",
                "target": "Self",
                "buffOwner": "",
                "stack": 2,
                "turn": 0,
                "activeRound": 1
              }
            },
            {
              "scriptName": "GiveBuffBeforeAttack",
              "buffData": {
                "buffKeyword": "AmberDamageUp",
                "target": "Self",
                "buffOwner": "",
                "stack": 2,
                "turn": 0,
                "activeRound": 0
              }
            },
            {
              "scriptName": "GiveBuffBeforeAttack",
              "buffData": {
                "buffKeyword": "AmberDamageUp",
                "target": "Self",
                "buffOwner": "",
                "stack": 2,
                "turn": 0,
                "activeRound": 1
              }
            }
          ],
          "coinList": [
            {
              "operatorType": "SUB",
              "scale": 10,
              "abilityScriptList": [
                {
                  "scriptName": "GiveBuffOnSucceedAttack",
                  "buffData": {
                    "buffKeyword": "AmberTakeDamageUp",
                    "target": "Target",
                    "buffOwner": "",
                    "stack": 2,
                    "turn": 0,
                    "activeRound": 0
                  }
                },
                {
                  "scriptName": "GiveBuffOnSucceedAttack",
                  "buffData": {
                    "buffKeyword": "AmberTakeDamageUp",
                    "target": "Target",
                    "buffOwner": "",
                    "stack": 2,
                    "turn": 0,
                    "activeRound": 1
                  }
                },
                {
                  "scriptName": "GiveBuffOnSucceedAttack",
                  "buffData": {
                    "buffKeyword": "PenetrateTakeDamageUp",
                    "target": "Target",
                    "buffOwner": "",
                    "stack": 2,
                    "turn": 0,
                    "activeRound": 0
                  }
                },
                {
                  "scriptName": "GiveBuffOnSucceedAttack",
                  "buffData": {
                    "buffKeyword": "PenetrateTakeDamageUp",
                    "target": "Target",
                    "buffOwner": "",
                    "stack": 2,
                    "turn": 0,
                    "activeRound": 1
                  }
                }
              ]
            }
          ]
        },
        {
          "gaksungLevel": 4,
          "targetNum": 7,
          "defaultValue": 35,
          "abilityScriptList": [
            {
              "scriptName": "GiveBuffBeforeAttack",
              "buffData": {
                "buffKeyword": "AmberResultUp",
                "target": "Self",
                "buffOwner": "",
                "stack": 2,
                "turn": 0,
                "activeRound": 0
              }
            },
            {
              "scriptName": "GiveBuffBeforeAttack",
              "buffData": {
                "buffKeyword": "AmberResultUp",
                "target": "Self",
                "buffOwner": "",
                "stack": 2,
                "turn": 0,
                "activeRound": 1
              }
            },
            {
              "scriptName": "GiveBuffBeforeAttack",
              "buffData": {
                "buffKeyword": "AmberDamageUp",
                "target": "Self",
                "buffOwner": "",
                "stack": 2,
                "turn": 0,
                "activeRound": 0
              }
            },
            {
              "scriptName": "GiveBuffBeforeAttack",
              "buffData": {
                "buffKeyword": "AmberDamageUp",
                "target": "Self",
                "buffOwner": "",
                "stack": 2,
                "turn": 0,
                "activeRound": 1
              }
            }
          ],
          "coinList": [
            {
              "operatorType": "SUB",
              "scale": 15,
              "abilityScriptList": [
                {
                  "scriptName": "GiveBuffOnSucceedAttack",
                  "buffData": {
                    "buffKeyword": "AmberTakeDamageUp",
                    "target": "Target",
                    "buffOwner": "",
                    "stack": 2,
                    "turn": 0,
                    "activeRound": 0
                  }
                },
                {
                  "scriptName": "GiveBuffOnSucceedAttack",
                  "buffData": {
                    "buffKeyword": "AmberTakeDamageUp",
                    "target": "Target",
                    "buffOwner": "",
                    "stack": 2,
                    "turn": 0,
                    "activeRound": 1
                  }
                },
                {
                  "scriptName": "GiveBuffOnSucceedAttack",
                  "buffData": {
                    "buffKeyword": "PenetrateTakeDamageUp",
                    "target": "Target",
                    "buffOwner": "",
                    "stack": 2,
                    "turn": 0,
                    "activeRound": 0
                  }
                },
                {
                  "scriptName": "GiveBuffOnSucceedAttack",
                  "buffData": {
                    "buffKeyword": "PenetrateTakeDamageUp",
                    "target": "Target",
                    "buffOwner": "",
                    "stack": 2,
                    "turn": 0,
                    "activeRound": 1
                  }
                }
              ]
            }
          ]
        }
      ]
    },
    {
      "id": 2010611,
      "skillType": "EGO_AWAKEN",
      "skillTier": 3,
      "requireIDList": [],
      "skillData": [
        {
          "gaksungLevel": 1,
          "attributeType": "AZURE",
          "atkType": "PENETRATE",
          "defType": "ATTACK",
          "skillTargetType": "FRONT",
          "targetNum": 3,
          "mpUsage": 15,
          "skillLevelCorrection": 0,
          "defaultValue": 15,
          "canTeamKill": false,
          "canDuel": true,
          "canChangeTarget": true,
          "skillMotion": "Default",
          "viewType": "SKILL",
          "parryingCloseType": "NEAR",
          "abilityScriptList": [
            {
              "scriptName": "2010611",
              "buffData": {
                "buffKeyword": "Sinking",
                "target": "",
                "buffOwner": "",
                "stack": 6,
                "turn": 0,
                "activeRound": 0,
                "value": 1,
                "limit": 6
              }
            }
          ],
          "coinList": [
            {
              "operatorType": "ADD",
              "scale": 8,
              "abilityScriptList": [
                {
                  "scriptName": "GiveBuffOnSucceedAttackIfHasStack_Sinking6",
                  "buffData": {
                    "buffKeyword": "Binding",
                    "target": "Target",
                    "buffOwner": "Target",
                    "stack": 1,
                    "turn": 0,
                    "activeRound": 1
                  }
                }
              ]
            }
          ]
        },
        {
          "gaksungLevel": 3,
          "abilityScriptList": [
            {
              "scriptName": "2010611",
              "buffData": {
                "buffKeyword": "Sinking",
                "target": "",
                "buffOwner": "",
                "stack": 6,
                "turn": 0,
                "activeRound": 0,
                "value": 1,
                "limit": 6
              }
            }
          ],
          "coinList": [
            {
              "operatorType": "ADD",
              "scale": 8,
              "abilityScriptList": [
                {
                  "scriptName": "GiveBuffOnSucceedAttackIfHasStack_Sinking6",
                  "buffData": {
                    "buffKeyword": "Binding",
                    "target": "Target",
                    "buffOwner": "Target",
                    "stack": 2,
                    "turn": 0,
                    "activeRound": 1
                  }
                }
              ]
            }
          ]
        },
        {
          "gaksungLevel": 4,
          "abilityScriptList": [
            {
              "scriptName": "2010611",
              "buffData": {
                "buffKeyword": "Sinking",
                "target": "",
                "buffOwner": "",
                "stack": 6,
                "turn": 0,
                "activeRound": 0,
                "value": 1.5,
                "limit": 6
              }
            }
          ]
        }
      ]
    },
    {
      "id": 2010621,
      "skillType": "EGO_EROSION",
      "skillTier": 3,
      "requireIDList": [],
      "skillData": [
        {
          "gaksungLevel": 1,
          "attributeType": "AZURE",
          "atkType": "HIT",
          "defType": "ATTACK",
          "skillTargetType": "RANDOM",
          "targetNum": 3,
          "mpUsage": 15,
          "skillLevelCorrection": 0,
          "defaultValue": 22,
          "canTeamKill": true,
          "canDuel": true,
          "canChangeTarget": true,
          "skillMotion": "Default",
          "viewType": "SKILL",
          "parryingCloseType": "NEAR",
          "abilityScriptList": [
          ],
          "coinList": [
            {
              "operatorType": "SUB",
              "scale": 6,
              "abilityScriptList": [
                {
                  "scriptName": "GiveBuffOnSucceedAttack",
                  "buffData": {
                    "buffKeyword": "Sinking",
                    "target": "Target",
                    "stack": 2,
                    "turn": 0,
                    "activeRound": 0
                  }
                },
                {
                  "scriptName": "GiveBuffOnSucceedAttack",
                  "buffData": {
                    "buffKeyword": "Binding",
                    "target": "Target",
                    "stack": 2,
                    "turn": 0,
                    "activeRound": 1
                  }
                },
                {
                  "scriptName": "GiveBuffOnSucceedAttackIfHasStack_Sinking6",
                  "buffData": {
                    "buffKeyword": "Binding",
                    "target": "Target",
                    "buffOwner": "Target",
                    "stack": 1,
                    "turn": 0,
                    "activeRound": 1
                  }
                }
              ]
            }
          ]
        },
        {
          "gaksungLevel": 3,
          "abilityScriptList": [
            {
              "scriptName": "TargetNumAdder1BBOnRC_AZURE3"
            }
          ]
        },
        {
          "gaksungLevel": 4,
          "abilityScriptList": [
            {
              "scriptName": "TargetNumAdder1BBOnRC_AZURE3"
            },
            {
              "scriptName": "TargetNumAdder1BBOnRC_AZURE5"
            }
          ],
          "coinList": [
            {
              "operatorType": "SUB",
              "scale": 6,
              "abilityScriptList": [
                {
                  "scriptName": "GiveBuffOnSucceedAttack",
                  "buffData": {
                    "buffKeyword": "Sinking",
                    "target": "Target",
                    "stack": 2,
                    "turn": 0,
                    "activeRound": 0
                  }
                },
                {
                  "scriptName": "GiveBuffOnSucceedAttack",
                  "buffData": {
                    "buffKeyword": "Binding",
                    "target": "Target",
                    "stack": 2,
                    "turn": 0,
                    "activeRound": 1
                  }
                },
                {
                  "scriptName": "GiveBuffOnSucceedAttackIfHasStack_Sinking6",
                  "buffData": {
                    "buffKeyword": "Binding",
                    "target": "Target",
                    "buffOwner": "Target",
                    "stack": 2,
                    "turn": 0,
                    "activeRound": 1
                  }
                }
              ]
            }
          ]
        }
      ]
    },
    {
      "id": 2010711,
      "skillType": "EGO_AWAKEN",
      "skillTier": 3,
      "requireIDList": [],
      "skillData": [
        {
          "gaksungLevel": 1,
          "attributeType": "INDIGO",
          "atkType": "PENETRATE",
          "defType": "ATTACK",
          "skillTargetType": "RANDOM",
          "targetNum": 7,
          "mpUsage": 25,
          "skillLevelCorrection": 5,
          "defaultValue": 18,
          "canTeamKill": true,
          "canDuel": true,
          "canChangeTarget": true,
          "skillMotion": "Default",
          "viewType": "SKILL",
          "parryingCloseType": "NEAR",
          "abilityScriptList": [
            {
              "scriptName": "2010711Target"
            },
            {
              "scriptName": "EDerSchutzeGiveBuffSelfByResonanceSync",
              "buffData": {
                "buffKeyword": "BoseProjektil",
                "stack": 1,
                "value": 1,
                "limit": 7
              }
            },
            {
              "scriptName": "EDerSchutzeGiveBuffByBoseProjektil",
              "buffData": {
                "buffKeyword": "Breath",
                "stack": 1,
                "value": 1,
                "limit": 7
              }
            },
            {
              "scriptName": "EDerSchutzeClaerAllBoseProjektilOnEndSkill"
            }
          ],
          "coinList": [
            {
              "operatorType": "ADD",
              "scale": 6,
              "abilityScriptList": [
                {
                  "scriptName": "CanDealOnlyMainTarget"
                },
                {
                  "scriptName": "CheckMainTargetAllyDeadBase20107"
                },
                {
                  "scriptName": "DmgUpByBuffStackWithLimitIfAlly56",
                  "buffData": {
                    "buffKeyword": "BoseProjektil",
                    "target": "",
                    "buffOwner": "Self",
                    "stack": 1,
                    "turn": 0,
                    "value": 0.08
                  }
                },
                {
                  "scriptName": "GiveBuffOnKillTarget20107",
                  "buffData": {
                    "buffKeyword": "Breath",
                    "target": "Custom",
                    "buffOwner": "",
                    "stack": 2,
                    "turn": 0,
                    "activeRound": 0,
                    "limit": 2
                  }
                },
                {
                  "scriptName": "GiveBuffOnFailToKillTarget20107",
                  "buffData": {
                    "buffKeyword": "Breath",
                    "target": "Self",
                    "buffOwner": "",
                    "stack": 1,
                    "turn": 0,
                    "activeRound": 0
                  }
                }
              ]
            },
            {
              "operatorType": "ADD",
              "scale": 6,
              "abilityScriptList": [
                {
                  "scriptName": "CanDealOnlySubTarget"
                },
                {
                  "scriptName": "CheckMainTargetAllyDeadPrevCoin20107"
                },
                {
                  "scriptName": "CriticalDmgUpByRatioViaBuffCheckDevideByStack",
                  "buffData": {
                    "buffKeyword": "BoseProjektil",
                    "target": "",
                    "buffOwner": "Self",
                    "stack": 1,
                    "turn": 0,
                    "value": 0.02,
                    "limit": 14
                  }
                },
                {
                  "scriptName": "GiveBuffOnSuccessCriticalAttack",
                  "buffData": {
                    "buffKeyword": "Laceration",
                    "target": "Target",
                    "buffOwner": "",
                    "stack": 2,
                    "turn": 0,
                    "activeRound": 0
                  }
                }
              ]
            }
          ]
        },
        {
          "gaksungLevel": 3,
          "abilityScriptList": [
            {
              "scriptName": "2010711Target"
            },
            {
              "scriptName": "EDerSchutzeGiveBuffSelfByResonanceSync",
              "buffData": {
                "buffKeyword": "BoseProjektil",
                "stack": 1,
                "value": 1,
                "limit": 7
              }
            },
            {
              "scriptName": "EDerSchutzeGiveBuffByBoseProjektil",
              "buffData": {
                "buffKeyword": "Breath",
                "stack": 1,
                "value": 1,
                "limit": 7
              }
            },
            {
              "scriptName": "EDerSchutzeClaerAllBoseProjektilOnEndSkill"
            }
          ],
          "coinList": [
            {
              "operatorType": "ADD",
              "scale": 6,
              "abilityScriptList": [
                {
                  "scriptName": "CanDealOnlyMainTarget"
                },
                {
                  "scriptName": "CheckMainTargetAllyDeadBase20107"
                },
                {
                  "scriptName": "DmgUpByBuffStackWithLimitIfAlly70",
                  "buffData": {
                    "buffKeyword": "BoseProjektil",
                    "target": "",
                    "buffOwner": "Self",
                    "stack": 1,
                    "turn": 0,
                    "value": 0.1
                  }
                },
                {
                  "scriptName": "GiveBuffOnKillTarget20107",
                  "buffData": {
                    "buffKeyword": "Breath",
                    "target": "Custom",
                    "buffOwner": "",
                    "stack": 3,
                    "turn": 0,
                    "activeRound": 0,
                    "limit": 2
                  }
                },
                {
                  "scriptName": "SuccessKillSinStockBySkillIdx20107_0"
                },
                {
                  "scriptName": "GiveBuffOnFailToKillTarget20107",
                  "buffData": {
                    "buffKeyword": "Breath",
                    "target": "Self",
                    "buffOwner": "",
                    "stack": 3,
                    "turn": 0,
                    "activeRound": 0
                  }
                }
              ]
            },
            {
              "operatorType": "ADD",
              "scale": 6,
              "abilityScriptList": [
                {
                  "scriptName": "CanDealOnlySubTarget"
                },
                {
                  "scriptName": "CheckMainTargetAllyDeadPrevCoin20107"
                },
                {
                  "scriptName": "CriticalDmgUpByRatioViaBuffCheckDevideByStack",
                  "buffData": {
                    "buffKeyword": "BoseProjektil",
                    "target": "",
                    "buffOwner": "Self",
                    "stack": 1,
                    "turn": 0,
                    "value": 0.05,
                    "limit": 35
                  }
                },
                {
                  "scriptName": "GiveBuffOnSuccessCriticalAttack",
                  "buffData": {
                    "buffKeyword": "Laceration",
                    "target": "Target",
                    "buffOwner": "",
                    "stack": 2,
                    "turn": 0,
                    "activeRound": 0
                  }
                }
              ]
            }
          ]
        },
        {
          "gaksungLevel": 4,
          "abilityScriptList": [
            {
              "scriptName": "2010711Target"
            },
            {
              "scriptName": "EDerSchutzeGiveBuffSelfByResonancePerfMultiplyInsteadAdd",
              "buffData": {
                "buffKeyword": "BoseProjektil",
                "stack": 1,
                "value": 2,
                "limit": 7
              }
            },
            {
              "scriptName": "EDerSchutzeGiveBuffByBoseProjektil",
              "buffData": {
                "buffKeyword": "Breath",
                "stack": 1,
                "value": 1,
                "limit": 7
              }
            },
            {
              "scriptName": "EDerSchutzeClaerAllBoseProjektilOnEndSkill"
            }
          ],
          "coinList": [
            {
              "operatorType": "ADD",
              "scale": 6,
              "abilityScriptList": [
                {
                  "scriptName": "CanDealOnlyMainTarget"
                },
                {
                  "scriptName": "CheckMainTargetAllyDeadBase20107"
                },
                {
                  "scriptName": "DmgUpByBuffStackWithLimitIfAlly105",
                  "buffData": {
                    "buffKeyword": "BoseProjektil",
                    "target": "",
                    "buffOwner": "Self",
                    "stack": 1,
                    "turn": 0,
                    "value": 0.15
                  }
                },
                {
                  "scriptName": "GiveBuffOnKillTarget20107",
                  "buffData": {
                    "buffKeyword": "Breath",
                    "target": "Custom",
                    "buffOwner": "",
                    "stack": 3,
                    "turn": 0,
                    "activeRound": 0,
                    "limit": 2
                  }
                },
                {
                  "scriptName": "SuccessKillSinStockBySkillIdx20107_0"
                },
                {
                  "scriptName": "SuccessKillSinStockBySkillIdx20107_1"
                },
                {
                  "scriptName": "GiveBuffOnFailToKillTarget20107",
                  "buffData": {
                    "buffKeyword": "Breath",
                    "target": "Self",
                    "buffOwner": "",
                    "stack": 3,
                    "turn": 0,
                    "activeRound": 0
                  }
                }
              ]
            },
            {
              "operatorType": "ADD",
              "scale": 6,
              "abilityScriptList": [
                {
                  "scriptName": "CanDealOnlySubTarget"
                },
                {
                  "scriptName": "CheckMainTargetAllyDeadPrevCoin20107"
                },
                {
                  "scriptName": "CriticalDmgUpByRatioViaBuffCheckDevideByStack",
                  "buffData": {
                    "buffKeyword": "BoseProjektil",
                    "target": "",
                    "buffOwner": "Self",
                    "stack": 1,
                    "turn": 0,
                    "value": 0.09,
                    "limit": 63
                  }
                },
                {
                  "scriptName": "GiveBuffOnSuccessCriticalAttack",
                  "buffData": {
                    "buffKeyword": "Laceration",
                    "target": "Target",
                    "buffOwner": "",
                    "stack": 3,
                    "turn": 0,
                    "activeRound": 0
                  }
                }
              ]
            }
          ]
        }
      ]
    },
    {
      "id": 2010721,
      "skillType": "EGO_EROSION",
      "skillTier": 3,
      "requireIDList": [],
      "skillData": [
        {
          "gaksungLevel": 1,
          "attributeType": "INDIGO",
          "atkType": "PENETRATE",
          "defType": "ATTACK",
          "skillTargetType": "RANDOM",
          "targetNum": 7,
          "range" :  999,
          "mpUsage": 30,
          "skillLevelCorrection": 5,
          "defaultValue": 30,
          "canTeamKill": true,
          "canDuel": true,
          "canChangeTarget": true,
          "skillMotion": "Default",
          "viewType": "SKILL",
          "parryingCloseType": "NEAR",
          "abilityScriptList": [
            {
              "scriptName": "2010721Target"
            },
            {
              "scriptName": "EDerSchutzeGiveBuffSelfByResonanceSync",
              "buffData": {
                "buffKeyword": "BoseProjektil",
                "stack": 1,
                "value": 1,
                "limit": 7
              }
            },
            {
              "scriptName": "EDerSchutzeDmgMultiplierByBuffStack",
              "buffData": {
                "buffKeyword": "BoseProjektil",
                "value": 2,
                "limit": 14
              }
            },
            {
              "scriptName": "EDerSchutzeGiveBuffByBoseProjektil",
              "buffData": {
                "buffKeyword": "Breath",
                "stack": 1,
                "value": 1,
                "limit": 7
              }
            },
            {
              "scriptName": "EDerSchutzeClaerAllBoseProjektilOnEndSkill"
            }
          ],
          "coinList": [
            {
              "operatorType": "SUB",
              "scale": 8,
              "abilityScriptList": [
                {
                  "scriptName": "CanDealOnlyMainTarget"
                },
                {
                  "scriptName": "CheckMainTargetAllyDeadBase20107"
                },
                {
                  "scriptName": "DmgUpByBuffStackWithLimitIfAlly70",
                  "buffData": {
                    "buffKeyword": "BoseProjektil",
                    "target": "",
                    "buffOwner": "Self",
                    "stack": 1,
                    "turn": 0,
                    "value": 0.1
                  }
                },
                {
                  "scriptName": "DmgUpByBuffStackWithLimitIfAlly50",
                  "buffData": {
                    "buffKeyword": "Breath",
                    "target": "",
                    "buffOwner": "Self",
                    "stack": 1,
                    "turn": 0,
                    "value": 0.02
                  }
                },
                {
                  "scriptName": "GiveBuffOnKillTarget20107",
                  "buffData": {
                    "buffKeyword": "Breath",
                    "target": "Custom",
                    "buffOwner": "",
                    "stack": 2,
                    "turn": 0,
                    "activeRound": 0,
                    "limit": 3
                  }
                },
                {
                  "scriptName": "NextCoinDmgUpByBuffStackOnKill2010721",
                  "buffData": {
                    "buffKeyword": "BoseProjektil",
                    "target": "",
                    "buffOwner": "Self",
                    "stack": 1,
                    "turn": 0,
                    "value": 0.02,
                    "limit": 14
                  }
                },
                {
                  "scriptName": "SuccessKillSinStockBySkillIdx20107_0"
                },
                {
                  "scriptName": "SuccessKillSinStockBySkillIdx20107_1"
                },
                {
                  "scriptName": "GiveBuffOnFailToKillTarget20107",
                  "buffData": {
                    "buffKeyword": "Breath",
                    "target": "Self",
                    "buffOwner": "",
                    "stack": 1,
                    "turn": 0,
                    "activeRound": 0
                  }
                }
              ]
            },
            {
              "operatorType": "SUB",
              "scale": 8,
              "abilityScriptList": [
                {
                  "scriptName": "CanDealOnlySubTarget"
                },
                {
                  "scriptName": "CheckMainTargetAllyDeadPrevCoin20107"
                },
                {
                  "scriptName": "CriticalDmgUpByRatioViaBuffCheckDevideByStack",
                  "buffData": {
                    "buffKeyword": "BoseProjektil",
                    "target": "",
                    "buffOwner": "Self",
                    "stack": 1,
                    "turn": 0,
                    "value": 0.02,
                    "limit": 14
                  }
                },
                {
                  "scriptName": "GiveBuffOnSuccessCriticalAttack",
                  "buffData": {
                    "buffKeyword": "Laceration",
                    "target": "Target",
                    "buffOwner": "",
                    "stack": 3,
                    "turn": 0,
                    "activeRound": 0
                  }
                }
              ]
            }
          ]
        },
        {
          "gaksungLevel": 3,
          "abilityScriptList": [
            {
              "scriptName": "2010721Target"
            },
            {
              "scriptName": "EDerSchutzeGiveBuffSelfByResonanceSync",
              "buffData": {
                "buffKeyword": "BoseProjektil",
                "stack": 1,
                "value": 1,
                "limit": 7
              }
            },
            {
              "scriptName": "EDerSchutzeDmgMultiplierByBuffStack",
              "buffData": {
                "buffKeyword": "BoseProjektil",
                "value": 3,
                "limit": 21
              }
            },
            {
              "scriptName": "EDerSchutzeGiveBuffByBoseProjektil",
              "buffData": {
                "buffKeyword": "Breath",
                "stack": 1,
                "value": 1,
                "limit": 7
              }
            },
            {
              "scriptName": "EDerSchutzeClaerAllBoseProjektilOnEndSkill"
            }
          ],
          "coinList": [
            {
              "operatorType": "SUB",
              "scale": 8,
              "abilityScriptList": [
                {
                  "scriptName": "CanDealOnlyMainTarget"
                },
                {
                  "scriptName": "CheckMainTargetAllyDeadBase20107"
                },
                {
                  "scriptName": "DmgUpByBuffStackWithLimitIfAlly84",
                  "buffData": {
                    "buffKeyword": "BoseProjektil",
                    "target": "",
                    "buffOwner": "Self",
                    "stack": 1,
                    "turn": 0,
                    "value": 0.12
                  }
                },
                {
                  "scriptName": "DmgUpByBuffStackWithLimitIfAlly50",
                  "buffData": {
                    "buffKeyword": "Breath",
                    "target": "",
                    "buffOwner": "Self",
                    "stack": 1,
                    "turn": 0,
                    "value": 0.02
                  }
                },
                {
                  "scriptName": "GiveBuffOnKillTarget20107",
                  "buffData": {
                    "buffKeyword": "Breath",
                    "target": "Custom",
                    "buffOwner": "",
                    "stack": 3,
                    "turn": 0,
                    "activeRound": 0,
                    "limit": 3
                  }
                },
                {
                  "scriptName": "NextCoinDmgUpByBuffStackOnKill2010721",
                  "buffData": {
                    "buffKeyword": "BoseProjektil",
                    "target": "",
                    "buffOwner": "Self",
                    "stack": 1,
                    "turn": 0,
                    "value": 0.05,
                    "limit": 35
                  }
                },
                {
                  "scriptName": "SuccessKillSinStockBySkillIdx20107_0"
                },
                {
                  "scriptName": "SuccessKillSinStockBySkillIdx20107_1"
                },
                {
                  "scriptName": "SuccessKillSinStockBySkillIdx20107_2"
                },
                {
                  "scriptName": "GiveBuffOnFailToKillTarget20107",
                  "buffData": {
                    "buffKeyword": "Breath",
                    "target": "Self",
                    "buffOwner": "",
                    "stack": 2,
                    "turn": 0,
                    "activeRound": 0
                  }
                }
              ]
            },
            {
              "operatorType": "SUB",
              "scale": 8,
              "abilityScriptList": [
                {
                  "scriptName": "CanDealOnlySubTarget"
                },
                {
                  "scriptName": "CheckMainTargetAllyDeadPrevCoin20107"
                },
                {
                  "scriptName": "CriticalDmgUpByRatioViaBuffCheckDevideByStack",
                  "buffData": {
                    "buffKeyword": "BoseProjektil",
                    "target": "",
                    "buffOwner": "Self",
                    "stack": 1,
                    "turn": 0,
                    "value": 0.03,
                    "limit": 21
                  }
                },
                {
                  "scriptName": "GiveBuffOnSuccessCriticalAttack",
                  "buffData": {
                    "buffKeyword": "Laceration",
                    "target": "Target",
                    "buffOwner": "",
                    "stack": 4,
                    "turn": 0,
                    "activeRound": 0
                  }
                }
              ]
            }
          ]
        },
        {
          "gaksungLevel": 4,
          "abilityScriptList": [
            {
              "scriptName": "2010721Target"
            },
            {
              "scriptName": "EDerSchutzeGiveBuffSelfByResonancePerfMultiplyInsteadAdd",
              "buffData": {
                "buffKeyword": "BoseProjektil",
                "stack": 1,
                "value": 2,
                "limit": 7
              }
            },
            {
              "scriptName": "EDerSchutzeDmgMultiplierByBuffStack",
              "buffData": {
                "buffKeyword": "BoseProjektil",
                "value": 4,
                "limit": 28
              }
            },
            {
              "scriptName": "EDerSchutzeGiveBuffByBoseProjektil",
              "buffData": {
                "buffKeyword": "Breath",
                "stack": 1,
                "value": 1,
                "limit": 7
              }
            },
            {
              "scriptName": "EDerSchutzeClaerAllBoseProjektilOnEndSkill"
            }
          ],
          "coinList": [
            {
              "operatorType": "SUB",
              "scale": 8,
              "abilityScriptList": [
                {
                  "scriptName": "CanDealOnlyMainTarget"
                },
                {
                  "scriptName": "CheckMainTargetAllyDeadBase20107"
                },
                {
                  "scriptName": "DmgUpByBuffStackWithLimitIfAlly105",
                  "buffData": {
                    "buffKeyword": "BoseProjektil",
                    "target": "",
                    "buffOwner": "Self",
                    "stack": 1,
                    "turn": 0,
                    "value": 0.15
                  }
                },
                {
                  "scriptName": "DmgUpByBuffStackWithLimitIfAlly50",
                  "buffData": {
                    "buffKeyword": "Breath",
                    "target": "",
                    "buffOwner": "Self",
                    "stack": 1,
                    "turn": 0,
                    "value": 0.02
                  }
                },
                {
                  "scriptName": "CriticalDmgUpByRatio30"
                },
                {
                  "scriptName": "GiveBuffOnKillTarget20107",
                  "buffData": {
                    "buffKeyword": "Breath",
                    "target": "Custom",
                    "buffOwner": "",
                    "stack": 4,
                    "turn": 0,
                    "activeRound": 0,
                    "limit": 3
                  }
                },
                {
                  "scriptName": "NextCoinDmgUpByBuffStackOnKill2010721",
                  "buffData": {
                    "buffKeyword": "BoseProjektil",
                    "target": "",
                    "buffOwner": "Self",
                    "stack": 1,
                    "turn": 0,
                    "value": 0.07,
                    "limit": 49
                  }
                },
                {
                  "scriptName": "SuccessKillSinStockBySkillIdx20107_0"
                },
                {
                  "scriptName": "SuccessKillSinStockBySkillIdx20107_1"
                },
                {
                  "scriptName": "SuccessKillSinStockBySkillIdx20107_2"
                },
                {
                  "scriptName": "GiveBuffOnFailToKillTarget20107",
                  "buffData": {
                    "buffKeyword": "Breath",
                    "target": "Self",
                    "buffOwner": "",
                    "stack": 3,
                    "turn": 0,
                    "activeRound": 0
                  }
                }
              ]
            },
            {
              "operatorType": "SUB",
              "scale": 8,
              "abilityScriptList": [
                {
                  "scriptName": "CanDealOnlySubTarget"
                },
                {
                  "scriptName": "CheckMainTargetAllyDeadPrevCoin20107"
                },
                {
                  "scriptName": "CriticalDmgUpByRatioViaBuffCheckDevideByStack",
                  "buffData": {
                    "buffKeyword": "BoseProjektil",
                    "target": "",
                    "buffOwner": "Self",
                    "stack": 1,
                    "turn": 0,
                    "value": 0.04,
                    "limit": 28
                  }
                },
                {
                  "scriptName": "GiveBuffOnSuccessCriticalAttack",
                  "buffData": {
                    "buffKeyword": "Laceration",
                    "target": "Target",
                    "buffOwner": "",
                    "stack": 5,
                    "turn": 0,
                    "activeRound": 0
                  }
                }
              ]
            }
          ]
        }
      ]
    }
  ]
}