{
  "list": [
    {
      "id": 2030811,
      "skillType": "EGO_AWAKEN",
      "skillTier": 3,
      "requireIDList": [],
      "skillData": [
        {
          "gaksungLevel": 1,
          "attributeType": "SHAMROCK",
          "atkType": "SLASH",
          "defType": "ATTACK",
          "skillTargetType": "FRONT",
          "targetNum": 3,
          "mpUsage": 25,
          "skillLevelCorrection": 3,
          "defaultValue": 16,
          "canTeamKill": false,
          "canDuel": true,
          "canChangeTarget": true,
          "skillMotion": "Default",
          "viewType": "SKILL",
          "parryingCloseType": "NEAR",
          "coinList": [
            {
              "operatorType": "ADD",
              "scale": 4,
              "abilityScriptList": [
                {
                  "scriptName": "GiveBuffOSAAddStackByShamrockResonanceDevideByValue",
                  "buffData": {
                    "buffKeyword": "EntangledCurseTalisman",
                    "target": "Target",
                    "stack": 4,
                    "turn": 0,
                    "activeRound": 0,
                    "value": 1,
                    "limit": 10
                  }
                }
              ]
            },
            {
              "operatorType": "ADD",
              "scale": 4,
              "abilityScriptList": [
                {
                  "scriptName": "GiveBuffOnSucceedAttackByDuplicateStackDevideByValue_EntangledCurseTalisman",
                  "buffData": {
                    "buffKeyword": "Burst",
                    "target": "Target",
                    "buffOwner": "Target",
                    "stack": -1,
                    "turn": 0,
                    "activeRound": 0,
                    "value": 2,
                    "limit": 3
                  }
                },
                {
                  "scriptName": "GiveBuffOnSucceedAttackByDuplicateTurnByStackDevideByValue_EntangledCurseTalisman",
                  "buffData": {
                    "buffKeyword": "Burst",
                    "target": "Target",
                    "buffOwner": "Target",
                    "stack": 0,
                    "turn": -1,
                    "activeRound": 0,
                    "value": 4,
                    "limit": 2
                  }
                }
              ]
            }
          ]
        },
        {
          "gaksungLevel": 3,
          "coinList": [
            {
              "operatorType": "ADD",
              "scale": 4,
              "abilityScriptList": [
                {
                  "scriptName": "GiveBuffOSAAddStackByShamrockResonanceDevideByValue",
                  "buffData": {
                    "buffKeyword": "EntangledCurseTalisman",
                    "target": "Target",
                    "stack": 4,
                    "turn": 0,
                    "activeRound": 0,
                    "value": 1,
                    "limit": 10
                  }
                }
              ]
            },
            {
              "operatorType": "ADD",
              "scale": 4,
              "abilityScriptList": [
                {
                  "scriptName": "DmgUpByBuffStack",
                  "buffData": {
                    "buffKeyword": "EntangledCurseTalisman",
                    "buffOwner": "Target",
                    "target": "",
                    "stack": 1,
                    "turn": 0,
                    "activeRound": 0,
                    "value": 0.03,
                    "limit": 30
                  }
                },
                {
                  "scriptName": "GiveBuffOnSucceedAttackByDuplicateStackDevideByValue_EntangledCurseTalisman",
                  "buffData": {
                    "buffKeyword": "Burst",
                    "target": "Target",
                    "buffOwner": "Target",
                    "stack": -1,
                    "turn": 0,
                    "activeRound": 0,
                    "value": 2,
                    "limit": 3
                  }
                },
                {
                  "scriptName": "GiveBuffOnSucceedAttackByDuplicateTurnByStackDevideByValue_EntangledCurseTalisman",
                  "buffData": {
                    "buffKeyword": "Burst",
                    "target": "Target",
                    "buffOwner": "Target",
                    "stack": 0,
                    "turn": -1,
                    "activeRound": 0,
                    "value": 4,
                    "limit": 2
                  }
                }
              ]
            }
          ]
        },
        {
          "gaksungLevel": 4,
          "coinList": [
            {
              "operatorType": "ADD",
              "scale": 4,
              "abilityScriptList": [
                {
                  "scriptName": "GiveBuffOSAAddStackByShamrockResonanceDevideByValue",
                  "buffData": {
                    "buffKeyword": "EntangledCurseTalisman",
                    "target": "Target",
                    "stack": 4,
                    "turn": 0,
                    "activeRound": 0,
                    "value": 1,
                    "limit": 10
                  }
                }
              ]
            },
            {
              "operatorType": "ADD",
              "scale": 4,
              "abilityScriptList": [
                {
                  "scriptName": "DmgUpByBuffStack",
                  "buffData": {
                    "buffKeyword": "EntangledCurseTalisman",
                    "buffOwner": "Target",
                    "target": "",
                    "stack": 1,
                    "turn": 0,
                    "activeRound": 0,
                    "value": 0.05,
                    "limit": 50
                  }
                },
                {
                  "scriptName": "GiveBuffOnSucceedAttackByDuplicateStackDevideByValue_EntangledCurseTalisman",
                  "buffData": {
                    "buffKeyword": "Burst",
                    "target": "Target",
                    "buffOwner": "Target",
                    "stack": -1,
                    "turn": 0,
                    "activeRound": 0,
                    "value": 2,
                    "limit": 4
                  }
                },
                {
                  "scriptName": "GiveBuffOnSucceedAttackByDuplicateTurnByStackDevideByValue_EntangledCurseTalisman",
                  "buffData": {
                    "buffKeyword": "Burst",
                    "target": "Target",
                    "buffOwner": "Target",
                    "stack": 0,
                    "turn": -1,
                    "activeRound": 0,
                    "value": 4,
                    "limit": 2
                  }
                }
              ]
            }
          ]
        }
      ]
    },
    {
      "id": 2030821,
      "skillType": "EGO_EROSION",
      "skillTier": 3,
      "requireIDList": [],
      "skillData": [
        {
          "gaksungLevel": 1,
          "attributeType": "SHAMROCK",
          "atkType": "SLASH",
          "defType": "ATTACK",
          "skillTargetType": "RANDOM",
          "targetNum": 3,
          "mpUsage": 30,
          "skillLevelCorrection": 5,
          "defaultValue": 26,
          "canTeamKill": true,
          "canDuel": true,
          "canChangeTarget": true,
          "skillMotion": "Default",
          "viewType": "SKILL",
          "parryingCloseType": "NEAR",
          "coinList": [
            {
              "operatorType": "SUB",
              "scale": 10,
              "abilityScriptList": [
                {
                  "scriptName": "GiveBuffOSAAddStackByShamrockResonanceDevideByValue",
                  "buffData": {
                    "buffKeyword": "EntangledCurseTalisman",
                    "target": "Target",
                    "stack": 6,
                    "turn": 0,
                    "activeRound": 0,
                    "value": 1,
                    "limit": 10
                  }
                }
              ]
            },
            {
              "operatorType": "SUB",
              "scale": 10,
              "abilityScriptList": [
                {
                  "scriptName": "DmgUpByBuffStack",
                  "buffData": {
                    "buffKeyword": "EntangledCurseTalisman",
                    "buffOwner": "Target",
                    "target": "",
                    "stack": 1,
                    "turn": 0,
                    "activeRound": 0,
                    "value": 0.05,
                    "limit": 50
                  }
                },
                {
                  "scriptName": "GiveBuffOnSucceedAttackByDuplicateStackDevideByValue_EntangledCurseTalisman",
                  "buffData": {
                    "buffKeyword": "Burst",
                    "target": "Target",
                    "buffOwner": "Target",
                    "stack": -1,
                    "turn": 0,
                    "activeRound": 0,
                    "value": 2,
                    "limit": 3
                  }
                },
                {
                  "scriptName": "GiveBuffOnSucceedAttackByDuplicateTurnByStackDevideByValue_EntangledCurseTalisman",
                  "buffData": {
                    "buffKeyword": "Burst",
                    "target": "Target",
                    "buffOwner": "Target",
                    "stack": 0,
                    "turn": -1,
                    "activeRound": 0,
                    "value": 3,
                    "limit": 2
                  }
                }
              ]
            }
          ]
        },
        {
          "gaksungLevel": 3,
          "coinList": [
            {
              "operatorType": "SUB",
              "scale": 10,
              "abilityScriptList": [
                {
                  "scriptName": "GiveBuffOSAAddStackByShamrockResonanceDevideByValue",
                  "buffData": {
                    "buffKeyword": "EntangledCurseTalisman",
                    "target": "Target",
                    "stack": 6,
                    "turn": 0,
                    "activeRound": 0,
                    "value": 1,
                    "limit": 10
                  }
                }
              ]
            },
            {
              "operatorType": "SUB",
              "scale": 10,
              "abilityScriptList": [
                {
                  "scriptName": "DmgUpByBuffStack",
                  "buffData": {
                    "buffKeyword": "EntangledCurseTalisman",
                    "buffOwner": "Target",
                    "target": "",
                    "stack": 1,
                    "turn": 0,
                    "activeRound": 0,
                    "value": 0.1,
                    "limit": 100
                  }
                },
                {
                  "scriptName": "GiveBuffOnSucceedAttackByDuplicateStackDevideByValue_EntangledCurseTalisman",
                  "buffData": {
                    "buffKeyword": "Burst",
                    "target": "Target",
                    "buffOwner": "Target",
                    "stack": -1,
                    "turn": 0,
                    "activeRound": 0,
                    "value": 2,
                    "limit": 3
                  }
                },
                {
                  "scriptName": "GiveBuffOnSucceedAttackByDuplicateTurnByStackDevideByValue_EntangledCurseTalisman",
                  "buffData": {
                    "buffKeyword": "Burst",
                    "target": "Target",
                    "buffOwner": "Target",
                    "stack": 0,
                    "turn": -1,
                    "activeRound": 0,
                    "value": 3,
                    "limit": 2
                  }
                }
              ]
            }
          ]
        },
        {
          "gaksungLevel": 4,
          "coinList": [
            {
              "operatorType": "SUB",
              "scale": 10,
              "abilityScriptList": [
                {
                  "scriptName": "GiveBuffOSAAddStackByShamrockResonanceDevideByValue",
                  "buffData": {
                    "buffKeyword": "EntangledCurseTalisman",
                    "target": "Target",
                    "stack": 6,
                    "turn": 0,
                    "activeRound": 0,
                    "value": 1,
                    "limit": 10
                  }
                }
              ]
            },
            {
              "operatorType": "SUB",
              "scale": 10,
              "abilityScriptList": [
                {
                  "scriptName": "DmgUpByBuffStack",
                  "buffData": {
                    "buffKeyword": "EntangledCurseTalisman",
                    "buffOwner": "Target",
                    "target": "",
                    "stack": 1,
                    "turn": 0,
                    "activeRound": 0,
                    "value": 0.1,
                    "limit": 100
                  }
                },
                {
                  "scriptName": "GiveBuffOnSucceedAttackByDuplicateStackDevideByValue_EntangledCurseTalisman",
                  "buffData": {
                    "buffKeyword": "Burst",
                    "target": "Target",
                    "buffOwner": "Target",
                    "stack": -1,
                    "turn": 0,
                    "activeRound": 0,
                    "value": 2,
                    "limit": 4
                  }
                },
                {
                  "scriptName": "GiveBuffOnSucceedAttackByDuplicateTurnByStackDevideByValue_EntangledCurseTalisman",
                  "buffData": {
                    "buffKeyword": "Burst",
                    "target": "Target",
                    "buffOwner": "Target",
                    "stack": 0,
                    "turn": -1,
                    "activeRound": 0,
                    "value": 3,
                    "limit": 2
                  }
                }
              ]
            }
          ]
        }
      ]
    },


    {
      "id": 2080911,
      "skillType": "EGO_AWAKEN",
      "skillTier": 3,
      "requireIDList": [],
      "skillData": [
        {
          "gaksungLevel": 1,
          "attributeType": "AZURE",
          "atkType": "HIT",
          "defType": "ATTACK",
          "skillTargetType": "FRONT",
          "targetNum": 3,
          "mpUsage": 20,
          "skillLevelCorrection": 2,
          "defaultValue": 10,
          "canTeamKill": false,
          "canDuel": true,
          "canChangeTarget": true,
          "skillMotion": "Default",
          "viewType": "SKILL",
          "parryingCloseType": "NEAR",
          "abilityScriptList": [
            {
              "scriptName": "GiveBuffOnEndSkill20809",
              "buffData": {
                "buffKeyword": "CentipedePoison",
                "target": "Target",
                "buffOwner": "",
                "stack": -1,
                "turn": 0,
                "activeRound": 0,
                "limit": 5
              }
            }
          ],
          "coinList": [
            {
              "operatorType": "ADD",
              "scale": 5,
              "abilityScriptList": [
                {
                  "scriptName": "GiveBuffOnSucceedAttack",
                  "buffData": {
                    "buffKeyword": "Sinking",
                    "target": "Target",
                    "buffOwner": "",
                    "stack": 1,
                    "turn": 0,
                    "activeRound": 0
                  }
                }
              ]
            },
            {
              "operatorType": "ADD",
              "scale": 5,
              "abilityScriptList": [
                {
                  "scriptName": "GiveBuffOnSucceedAttack",
                  "buffData": {
                    "buffKeyword": "Burst",
                    "target": "Target",
                    "buffOwner": "",
                    "stack": 1,
                    "turn": 0,
                    "activeRound": 0
                  }
                },
                {
                  "scriptName": "GiveBuffOSAByReso20809",
                  "value": 4,
                  "buffData": {
                    "buffKeyword": "CentipedePoison",
                    "target": "Target",
                    "buffOwner": "",
                    "stack": -1,
                    "turn": 0,
                    "activeRound": 0,
                    "limit": 4
                  }
                }
              ]
            }
          ]
        },
        {
          "gaksungLevel": 3,
          "abilityScriptList": [
            {
              "scriptName": "GiveBuffOnEndSkill20809",
              "buffData": {
                "buffKeyword": "CentipedePoison",
                "target": "Target",
                "buffOwner": "",
                "stack": -1,
                "turn": 0,
                "activeRound": 0,
                "limit": 8
              }
            }
          ]
        },
        {
          "gaksungLevel": 4,
          "abilityScriptList": [
            {
              "scriptName": "GiveBuffOnEndSkill20809",
              "buffData": {
                "buffKeyword": "CentipedePoison",
                "target": "Target",
                "buffOwner": "",
                "stack": -1,
                "turn": 0,
                "activeRound": 0,
                "limit": 10
              }
            }
          ],
          "coinList": [
            {
              "operatorType": "ADD",
              "scale": 5,
              "abilityScriptList": [
                {
                  "scriptName": "GiveBuffOnSucceedAttack",
                  "buffData": {
                    "buffKeyword": "Sinking",
                    "target": "Target",
                    "buffOwner": "",
                    "stack": 2,
                    "turn": 0,
                    "activeRound": 0
                  }
                }
              ]
            },
            {
              "operatorType": "ADD",
              "scale": 5,
              "abilityScriptList": [
                {
                  "scriptName": "GiveBuffOnSucceedAttack",
                  "buffData": {
                    "buffKeyword": "Burst",
                    "target": "Target",
                    "buffOwner": "",
                    "stack": 2,
                    "turn": 0,
                    "activeRound": 0
                  }
                },
                {
                  "scriptName": "GiveBuffOSAByReso20809",
                  "value": 4,
                  "buffData": {
                    "buffKeyword": "CentipedePoison",
                    "target": "Target",
                    "buffOwner": "",
                    "stack": -1,
                    "turn": 0,
                    "activeRound": 0,
                    "limit": 5
                  }
                }
              ]
            }
          ]
        }
      ]
    },
    {
      "id": 2080921,
      "skillType": "EGO_EROSION",
      "skillTier": 3,
      "requireIDList": [],
      "skillData": [
        {
          "gaksungLevel": 1,
          "attributeType": "AZURE",
          "atkType": "HIT",
          "defType": "ATTACK",
          "skillTargetType": "RANDOM",
          "targetNum": 3,
          "mpUsage": 20,
          "skillLevelCorrection": 3,
          "defaultValue": 16,
          "canTeamKill": true,
          "canDuel": true,
          "canChangeTarget": true,
          "skillMotion": "Default",
          "viewType": "SKILL",
          "parryingCloseType": "NEAR",
          "abilityScriptList": [
            {
              "scriptName": "GiveBuffOnEndSkill20809",
              "buffData": {
                "buffKeyword": "CentipedePoison",
                "target": "Target",
                "buffOwner": "",
                "stack": -1,
                "turn": 0,
                "activeRound": 0,
                "limit": 8
              }
            }
          ],
          "coinList": [
            {
              "operatorType": "SUB",
              "scale": 7,
              "abilityScriptList": [
                {
                  "scriptName": "GiveBuffOnSucceedAttack",
                  "buffData": {
                    "buffKeyword": "Sinking",
                    "target": "Target",
                    "buffOwner": "",
                    "stack": 2,
                    "turn": 0,
                    "activeRound": 0
                  }
                }
              ]
            },
            {
              "operatorType": "SUB",
              "scale": 7,
              "abilityScriptList": [
                {
                  "scriptName": "GiveBuffOnSucceedAttack",
                  "buffData": {
                    "buffKeyword": "Burst",
                    "target": "Target",
                    "buffOwner": "",
                    "stack": 2,
                    "turn": 0,
                    "activeRound": 0
                  }
                },
                {
                  "scriptName": "GiveBuffOSAByReso20809",
                  "value": 4,
                  "buffData": {
                    "buffKeyword": "CentipedePoison",
                    "target": "Target",
                    "buffOwner": "",
                    "stack": -1,
                    "turn": 0,
                    "activeRound": 0,
                    "limit": 4
                  }
                }
              ]
            }
          ]
        },
        {
          "gaksungLevel": 3,
          "abilityScriptList": [
            {
              "scriptName": "GiveBuffOnEndSkill20809",
              "buffData": {
                "buffKeyword": "CentipedePoison",
                "target": "Target",
                "buffOwner": "",
                "stack": -1,
                "turn": 0,
                "activeRound": 0,
                "limit": 10
              }
            }
          ]
        },
        {
          "gaksungLevel": 4,
          "coinList": [
            {
              "operatorType": "SUB",
              "scale": 7,
              "abilityScriptList": [
                {
                  "scriptName": "GiveBuffOnSucceedAttack",
                  "buffData": {
                    "buffKeyword": "Sinking",
                    "target": "Target",
                    "buffOwner": "",
                    "stack": 2,
                    "turn": 0,
                    "activeRound": 0
                  }
                }
              ]
            },
            {
              "operatorType": "SUB",
              "scale": 7,
              "abilityScriptList": [
                {
                  "scriptName": "GiveBuffOnSucceedAttack",
                  "buffData": {
                    "buffKeyword": "Burst",
                    "target": "Target",
                    "buffOwner": "",
                    "stack": 2,
                    "turn": 0,
                    "activeRound": 0
                  }
                },
                {
                  "scriptName": "GiveBuffOSAByReso20809",
                  "value": 4,
                  "buffData": {
                    "buffKeyword": "CentipedePoison",
                    "target": "Target",
                    "buffOwner": "",
                    "stack": -1,
                    "turn": 0,
                    "activeRound": 0,
                    "limit": 5
                  }
                }
              ]
            }
          ]
        }
      ]
    }
  ]
}