{
  "list": [
    {
      "id": 2080111,
      "skillType": "EGO_AWAKEN",
      "skillTier": 3,
      "requireIDList": [],
      "skillData": [
        {
          "gaksungLevel": 1,
          "attributeType": "AZURE",
          "atkType": "HIT",
          "defType": "ATTACK",
          "skillTargetType": "BACK",
          "targetNum": 1,
          "mpUsage": 10,
          "skillLevelCorrection": -4,
          "defaultValue": 15,
          "canTeamKill": false,
          "canDuel": true,
          "canChangeTarget": true,
          "actionScript": "2080121",
          "skillMotion": "Default",
          "viewType": "SKILL",
          "parryingCloseType": "NEAR",
          "coinList": [
            {
              "operatorType": "ADD",
              "scale": 4,
              "abilityScriptList": [
                {
                  "scriptName": "GiveBuffOnSucceedAttack",
                  "buffData": {
                    "buffKeyword": "Binding",
                    "target": "Target",
                    "buffOwner": "",
                    "stack": 4,
                    "turn": 0,
                    "activeRound": 1
                  }
                },
                {
                  "scriptName": "GiveBuffOnSucceedAttackHead",
                  "buffData": {
                    "buffKeyword": "Vibration",
                    "target": "Target",
                    "buffOwner": "",
                    "stack": 1,
                    "turn": 0,
                    "activeRound": 0
                  }
                }
              ]
            }
          ]
        },
        {
          "gaksungLevel": 3,
          "defaultValue": 19,
          "coinList": [
            {
              "operatorType": "ADD",
              "scale": 4,
              "abilityScriptList": [
                {
                  "scriptName": "GiveBuffOnSucceedAttack",
                  "buffData": {
                    "buffKeyword": "Binding",
                    "target": "Target",
                    "buffOwner": "",
                    "stack": 6,
                    "turn": 0,
                    "activeRound": 1
                  }
                },
                {
                  "scriptName": "GiveBuffOnSucceedAttack",
                  "buffData": {
                    "buffKeyword": "Vibration",
                    "target": "Target",
                    "buffOwner": "",
                    "stack": 3,
                    "turn": 0,
                    "activeRound": 0
                  }
                }
              ]
            }
          ]
        },
        {
          "gaksungLevel": 4,
          "coinList": [
            {
              "operatorType": "ADD",
              "scale": 4,
              "abilityScriptList": [
                {
                  "scriptName": "GiveBuffOnSucceedAttack",
                  "buffData": {
                    "buffKeyword": "Binding",
                    "target": "Target",
                    "buffOwner": "",
                    "stack": 6,
                    "turn": 0,
                    "activeRound": 1
                  }
                },
                {
                  "scriptName": "GiveBuffOnSucceedAttack",
                  "buffData": {
                    "buffKeyword": "Vibration",
                    "target": "Target",
                    "buffOwner": "",
                    "stack": 3,
                    "turn": 0,
                    "activeRound": 0
                  }
                },
                {
                  "scriptName": "VibrationExplosionOnSucceedAttack"
                }
              ]
            }
          ]
        }
      ]
    },
    {
      "id": 2080211,
      "skillType": "EGO_AWAKEN",
      "skillTier": 3,
      "requireIDList": [],
      "skillData": [
        {
          "gaksungLevel": 1,
          "attributeType": "SCARLET",
          "atkType": "PENETRATE",
          "defType": "ATTACK",
          "skillTargetType": "BACK",
          "targetNum": 1,
          "mpUsage": 20,
          "skillLevelCorrection": 0,
          "defaultValue": 26,
          "canTeamKill": false,
          "canDuel": true,
          "canChangeTarget": true,
          "skillMotion": "Default",
          "viewType": "SKILL",
          "parryingCloseType": "NEAR",
          "coinList": [
            {
              "operatorType": "SUB",
              "scale": 13,
              "abilityScriptList": [
                {
                  "scriptName": "GiveBuffOnSucceedAttack",
                  "buffData": {
                    "buffKeyword": "AttackDown",
                    "target": "Target",
                    "buffOwner": "",
                    "stack": 4,
                    "turn": 0,
                    "activeRound": 0
                  }
                },
                {
                  "scriptName": "GiveBuffOnSucceedAttack",
                  "buffData": {
                    "buffKeyword": "Paralysis",
                    "target": "Target",
                    "buffOwner": "",
                    "stack": 2,
                    "turn": 0,
                    "activeRound": 0
                  }
                }
              ]
            }
          ]
        },
        {
          "gaksungLevel": 3,
          "defaultValue": 29,
          "coinList": [
            {
              "operatorType": "SUB",
              "scale": 13,
              "abilityScriptList": [
                {
                  "scriptName": "GiveBuffOnSucceedAttack",
                  "buffData": {
                    "buffKeyword": "AttackDown",
                    "target": "Target",
                    "buffOwner": "",
                    "stack": 7,
                    "turn": 0,
                    "activeRound": 0
                  }
                },
                {
                  "scriptName": "GiveBuffOnSucceedAttack",
                  "buffData": {
                    "buffKeyword": "Paralysis",
                    "target": "Target",
                    "buffOwner": "",
                    "stack": 3,
                    "turn": 0,
                    "activeRound": 0
                  }
                }
              ]
            }
          ]
        },
        {
          "gaksungLevel": 4,
          "coinList": [
            {
              "operatorType": "SUB",
              "scale": 13,
              "abilityScriptList": [
                {
                  "scriptName": "GiveBuffOnSucceedAttack",
                  "buffData": {
                    "buffKeyword": "AttackDown",
                    "target": "Target",
                    "buffOwner": "",
                    "stack": 10,
                    "turn": 0,
                    "activeRound": 0
                  }
                },
                {
                  "scriptName": "GiveBuffOnSucceedAttack",
                  "buffData": {
                    "buffKeyword": "Paralysis",
                    "target": "Target",
                    "buffOwner": "",
                    "stack": 3,
                    "turn": 0,
                    "activeRound": 0
                  }
                },
                {
                  "scriptName": "GiveBuffOnSucceedAttack",
                  "buffData": {
                    "buffKeyword": "Binding",
                    "target": "Target",
                    "buffOwner": "",
                    "stack": 3,
                    "turn": 0,
                    "activeRound": 1
                  }
                }
              ]
            }
          ]
        }
      ]
    },
    {
      "id": 2080221,
      "skillType": "EGO_EROSION",
      "skillTier": 3,
      "requireIDList": [],
      "skillData": [
        {
          "gaksungLevel": 1,
          "attributeType": "SCARLET",
          "atkType": "PENETRATE",
          "defType": "ATTACK",
          "skillTargetType": "BACK",
          "targetNum": 1,
          "mpUsage": 20,
          "skillLevelCorrection": 0,
          "defaultValue": 16,
          "canTeamKill": true,
          "canDuel": true,
          "canChangeTarget": true,
          "abilityScriptList": [
            {
              "scriptName": "AttackFastestTarget"
            }
          ],
          "skillMotion": "Default",
          "viewType": "SKILL",
          "parryingCloseType": "NEAR",
          "coinList": [
            {
              "operatorType": "ADD",
              "scale": 9,
              "abilityScriptList": [
                {
                  "scriptName": "GiveBuffOnSucceedAttack",
                  "buffData": {
                    "buffKeyword": "AttackDown",
                    "target": "Target",
                    "buffOwner": "",
                    "stack": 4,
                    "turn": 0,
                    "activeRound": 0
                  }
                },
                {
                  "scriptName": "GiveBuffOnSucceedAttack",
                  "buffData": {
                    "buffKeyword": "Paralysis",
                    "target": "Target",
                    "buffOwner": "",
                    "stack": 2,
                    "turn": 0,
                    "activeRound": 0
                  }
                },
                {
                  "scriptName": "GiveBuffOnSucceedAttackHead",
                  "buffData": {
                    "buffKeyword": "Binding",
                    "target": "Target",
                    "buffOwner": "",
                    "stack": 4,
                    "turn": 0,
                    "activeRound": 1
                  }
                }
              ]
            }
          ]
        },
        {
          "gaksungLevel": 3,
          "defaultValue": 19,
          "abilityScriptList": [
            {
              "scriptName": "AttackFastestTarget"
            }
          ],
          "coinList": [
            {
              "operatorType": "ADD",
              "scale": 9,
              "abilityScriptList": [
                {
                  "scriptName": "GiveBuffOnSucceedAttack",
                  "buffData": {
                    "buffKeyword": "AttackDown",
                    "target": "Target",
                    "buffOwner": "",
                    "stack": 7,
                    "turn": 0,
                    "activeRound": 0
                  }
                },
                {
                  "scriptName": "GiveBuffOnSucceedAttack",
                  "buffData": {
                    "buffKeyword": "Paralysis",
                    "target": "Target",
                    "buffOwner": "",
                    "stack": 3,
                    "turn": 0,
                    "activeRound": 0
                  }
                },
                {
                  "scriptName": "GiveBuffOnSucceedAttack",
                  "buffData": {
                    "buffKeyword": "Binding",
                    "target": "Target",
                    "buffOwner": "",
                    "stack": 4,
                    "turn": 0,
                    "activeRound": 1
                  }
                }
              ]
            }
          ]
        },
        {
          "gaksungLevel": 4,
          "abilityScriptList": [
            {
              "scriptName": "AttackFastestTarget"
            }
          ],
          "coinList": [
            {
              "operatorType": "ADD",
              "scale": 9,
              "abilityScriptList": [
                {
                  "scriptName": "GiveBuffOnSucceedAttack",
                  "buffData": {
                    "buffKeyword": "AttackDown",
                    "target": "Target",
                    "buffOwner": "",
                    "stack": 10,
                    "turn": 0,
                    "activeRound": 0
                  }
                },
                {
                  "scriptName": "GiveBuffOnSucceedAttack",
                  "buffData": {
                    "buffKeyword": "Paralysis",
                    "target": "Target",
                    "buffOwner": "",
                    "stack": 5,
                    "turn": 0,
                    "activeRound": 0
                  }
                },
                {
                  "scriptName": "GiveBuffOnSucceedAttack",
                  "buffData": {
                    "buffKeyword": "Binding",
                    "target": "Target",
                    "buffOwner": "",
                    "stack": 5,
                    "turn": 0,
                    "activeRound": 1
                  }
                }
              ]
            }
          ]
        }
      ]
    },
    {
      "id": 2080311,
      "skillType": "EGO_AWAKEN",
      "skillTier": 3,
      "requireIDList": [],
      "skillData": [
        {
          "gaksungLevel": 1,
          "attributeType": "CRIMSON",
          "atkType": "PENETRATE",
          "defType": "ATTACK",
          "skillTargetType": "BACK",
          "targetNum": 1,
          "mpUsage": 20,
          "skillLevelCorrection": 3,
          "defaultValue": 14,
          "canTeamKill": false,
          "canDuel": true,
          "canChangeTarget": true,
          "skillMotion": "Default",
          "viewType": "SKILL",
          "parryingCloseType": "NEAR",
          "coinList": [
            {
              "operatorType": "ADD",
              "scale": 22,
              "abilityScriptList": [
                {
                  "scriptName": "GiveBuffOnSucceedAttackStackByCrimsonResonance",
                  "buffData": {
                    "buffKeyword": "Combustion",
                    "target": "Target",
                    "buffOwner": "",
                    "stack": -1,
                    "turn": 0,
                    "activeRound": 0,
                    "value": 0.5
                  }
                },
                {
                  "scriptName": "GiveBuffOnSucceedAttackHead",
                  "buffData": {
                    "buffKeyword": "Combustion",
                    "target": "RandomEnemy3",
                    "buffOwner": "",
                    "stack": 3,
                    "turn": 0,
                    "activeRound": 0
                  }
                }
              ]
            }
          ]
        },
        {
          "gaksungLevel": 3,
          "defaultValue": 19,
          "coinList": [
            {
              "operatorType": "ADD",
              "scale": 22,
              "abilityScriptList": [
                {
                  "scriptName": "DamageFirstBreakSectionOnSuccessAttackHeadByDamageRatio4"
                },
                {
                  "scriptName": "GiveBuffOnSucceedAttackStackByCrimsonResonance",
                  "buffData": {
                    "buffKeyword": "Combustion",
                    "target": "Target",
                    "buffOwner": "",
                    "stack": -1,
                    "turn": 0,
                    "activeRound": 0,
                    "value": 1
                  }
                },
                {
                  "scriptName": "GiveBuffOnSucceedAttackHead",
                  "buffData": {
                    "buffKeyword": "Combustion",
                    "target": "RandomEnemy3",
                    "buffOwner": "",
                    "stack": 3,
                    "turn": 0,
                    "activeRound": 0
                  }
                }
              ]
            }
          ]
        },
        {
          "gaksungLevel": 4,
          "targetNum": 3,
          "coinList": [
            {
              "operatorType": "ADD",
              "scale": 22,
              "abilityScriptList": [
                {
                  "scriptName": "DamageFirstBreakSectionOnSuccessAttackHeadByDamageRatio4"
                },
                {
                  "scriptName": "GiveBuffOnSucceedAttackStackByCrimsonResonance",
                  "buffData": {
                    "buffKeyword": "Combustion",
                    "target": "Target",
                    "buffOwner": "",
                    "stack": -1,
                    "turn": 0,
                    "activeRound": 0,
                    "value": 1
                  }
                },
                {
                  "scriptName": "GiveBuffOnEndCoinHead",
                  "buffData": {
                    "buffKeyword": "Combustion",
                    "target": "RandomEnemy3",
                    "buffOwner": "",
                    "stack": 5,
                    "turn": 0,
                    "activeRound": 0
                  }
                }
              ]
            }
          ]
        }
      ]
    },
    {
      "id": 2080321,
      "skillType": "EGO_EROSION",
      "skillTier": 3,
      "requireIDList": [],
      "skillData": [
        {
          "gaksungLevel": 1,
          "attributeType": "CRIMSON",
          "atkType": "HIT",
          "defType": "ATTACK",
          "skillTargetType": "RANDOM",
          "targetNum": 1,
          "mpUsage": 20,
          "skillLevelCorrection": 3,
          "defaultValue": 36,
          "canTeamKill": true,
          "canDuel": true,
          "canChangeTarget": true,
          "abilityScriptList": [
            {
              "scriptName": "LoseHpOnUseAttackSelfByRatio10"
            }
          ],
          "skillMotion": "Default",
          "viewType": "SKILL",
          "parryingCloseType": "NEAR",
          "coinList": [
            {
              "operatorType": "SUB",
              "scale": 22,
              "abilityScriptList": [
                {
                  "scriptName": "GiveBuffOnSucceedAttackStackByCrimsonResonance",
                  "buffData": {
                    "buffKeyword": "Combustion",
                    "target": "EveryUnit",
                    "buffOwner": "",
                    "stack": -1,
                    "turn": 0,
                    "activeRound": 0,
                    "value": 1
                  }
                }
              ]
            }
          ]
        },
        {
          "gaksungLevel": 3,
          "defaultValue": 41,
          "abilityScriptList": [
            {
              "scriptName": "LoseHpOnUseAttackSelfByRatio10"
            }
          ],
          "coinList": [
            {
              "operatorType": "SUB",
              "scale": 22,
              "abilityScriptList": [
                {
                  "scriptName": "GiveBuffOnSucceedAttackStackByCrimsonResonance",
                  "buffData": {
                    "buffKeyword": "Combustion",
                    "target": "EveryUnit",
                    "buffOwner": "",
                    "stack": -1,
                    "turn": 0,
                    "activeRound": 0,
                    "value": 2
                  }
                },
                {
                  "scriptName": "DamageFirstBreakSectionOnSuccessAttackByDamageRatio6"
                }
              ]
            }
          ]
        },
        {
          "gaksungLevel": 4,
          "targetNum": 5,
          "abilityScriptList": [
            {
              "scriptName": "LoseHpOnUseAttackSelfByRatio10"
            }
          ],
          "coinList": [
            {
              "operatorType": "SUB",
              "scale": 22,
              "abilityScriptList": [
                {
                  "scriptName": "GiveBuffOnEndCoinStackByCrimsonResonance",
                  "buffData": {
                    "buffKeyword": "Combustion",
                    "target": "EveryUnit",
                    "buffOwner": "",
                    "stack": -1,
                    "turn": 0,
                    "activeRound": 0,
                    "value": 2
                  }
                },
                {
                  "scriptName": "DamageFirstBreakSectionOnSuccessAttackByDamageRatio6"
                }
              ]
            }
          ]
        }
      ]
    },
    {
      "id": 2080411,
      "skillType": "EGO_AWAKEN",
      "skillTier": 3,
      "requireIDList": [],
      "skillData": [
        {
          "gaksungLevel": 1,
          "attributeType": "CRIMSON",
          "atkType": "HIT",
          "defType": "ATTACK",
          "skillTargetType": "FRONT",
          "targetNum": 1,
          "mpUsage": 20,
          "skillLevelCorrection": 0,
          "defaultValue": 17,
          "canTeamKill": false,
          "canDuel": true,
          "canChangeTarget": true,
          "skillMotion": "Default",
          "viewType": "SKILL",
          "parryingCloseType": "NEAR",
          "abilityScriptList": [
            {
              "scriptName": "GiveBuffOnEndSkill",
              "buffData": {
                "buffKeyword": "CrimsonDamageUp",
                "target": "EveryAlly",
                "buffOwner": "",
                "stack": 1,
                "turn": 0,
                "activeRound": 1
              }
            }
          ],
          "coinList": [
            {
              "operatorType": "ADD",
              "scale": 7,
              "abilityScriptList": [
                {
                  "scriptName": "GiveBuffOnSucceedAttack",
                  "buffData": {
                    "buffKeyword": "Combustion",
                    "target": "Target",
                    "buffOwner": "",
                    "stack": 3,
                    "turn": 0,
                    "activeRound": 0
                  }
                },
                {
                  "scriptName": "GiveMpDmgOnSucceedAttackTarget7"
                }
              ]
            }
          ]
        },
        {
          "gaksungLevel": 3,
          "defaultValue": 20,
          "abilityScriptList": [
            {
              "scriptName": "GiveBuffOnEndSkill",
              "buffData": {
                "buffKeyword": "CrimsonDamageUp",
                "target": "EveryAlly",
                "buffOwner": "",
                "stack": 1,
                "turn": 0,
                "activeRound": 1
              }
            }
          ],
          "coinList": [
            {
              "operatorType": "ADD",
              "scale": 7,
              "abilityScriptList": [
                {
                  "scriptName": "GiveBuffOnSucceedAttack",
                  "buffData": {
                    "buffKeyword": "Combustion",
                    "target": "Target",
                    "buffOwner": "",
                    "stack": 4,
                    "turn": 0,
                    "activeRound": 0
                  }
                },
                {
                  "scriptName": "GiveMpDmgOnSucceedAttackTarget15"
                }
              ]
            }
          ]
        },
        {
          "gaksungLevel": 4,
          "targetNum": 2
        }
      ]
    },
    {
      "id": 2080421,
      "skillType": "EGO_EROSION",
      "skillTier": 3,
      "requireIDList": [],
      "skillData": [
        {
          "gaksungLevel": 1,
          "attributeType": "CRIMSON",
          "atkType": "HIT",
          "defType": "ATTACK",
          "skillTargetType": "RANDOM",
          "targetNum": 1,
          "mpUsage": 25,
          "skillLevelCorrection": 3,
          "defaultValue": 24,
          "canTeamKill": true,
          "canDuel": true,
          "canChangeTarget": true,
          "abilityScriptList": [
            {
              "scriptName": "GiveBuffOnEndSkill",
              "buffData": {
                "buffKeyword": "CrimsonTakeDamageUp",
                "target": "EveryUnit",
                "buffOwner": "",
                "stack": 1,
                "turn": 0,
                "activeRound": 1
              }
            },
            {
              "scriptName": "GiveBuffOnEndSkill",
              "buffData": {
                "buffKeyword": "CrimsonDamageUp",
                "target": "EveryUnit",
                "buffOwner": "",
                "stack": 1,
                "turn": 0,
                "activeRound": 1
              }
            }
          ],
          "skillMotion": "Default",
          "viewType": "SKILL",
          "parryingCloseType": "NEAR",
          "coinList": [
            {
              "operatorType": "SUB",
              "scale": 7,
              "abilityScriptList": [
                {
                  "scriptName": "GiveBuffOnSucceedAttack",
                  "buffData": {
                    "buffKeyword": "Combustion",
                    "target": "Target",
                    "buffOwner": "",
                    "stack": 3,
                    "turn": 0,
                    "activeRound": 0
                  }
                },
                {
                  "scriptName": "GiveMpDmgOnSucceedAttackTarget7"
                },
                {
                  "scriptName": "VibrationExplosionOnSucceedAttackThenLoseTargetVibrationTurn2"
                }
              ]
            }
          ]
        },
        {
          "gaksungLevel": 3,
          "defaultValue": 27,
          "abilityScriptList": [
            {
              "scriptName": "GiveBuffOnEndSkill",
              "buffData": {
                "buffKeyword": "CrimsonTakeDamageUp",
                "target": "EveryUnit",
                "buffOwner": "",
                "stack": 1,
                "turn": 0,
                "activeRound": 1
              }
            },
            {
              "scriptName": "GiveBuffOnEndSkill",
              "buffData": {
                "buffKeyword": "CrimsonDamageUp",
                "target": "EveryUnit",
                "buffOwner": "",
                "stack": 1,
                "turn": 0,
                "activeRound": 1
              }
            }
          ],
          "coinList": [
            {
              "operatorType": "SUB",
              "scale": 7,
              "abilityScriptList": [
                {
                  "scriptName": "GiveBuffOnSucceedAttack",
                  "buffData": {
                    "buffKeyword": "Combustion",
                    "target": "Target",
                    "buffOwner": "",
                    "stack": 5,
                    "turn": 0,
                    "activeRound": 0
                  }
                },
                {
                  "scriptName": "GiveMpDmgOnSucceedAttackTarget15"
                },
                {
                  "scriptName": "VibrationExplosionOnSucceedAttackThenLoseTargetVibrationTurn2ThenGiveBuffIfBreakByThis",
                  "buffData": {
                    "buffKeyword": "Combustion",
                    "target": "RandomUnit3",
                    "buffOwner": "",
                    "stack": 2,
                    "turn": 0,
                    "activeRound": 0
                  }
                }
              ]
            }
          ]
        },
        {
          "gaksungLevel": 4,
          "targetNum": 4
        }
      ]
    },
    {
      "id": 2080611,
      "skillType": "EGO_AWAKEN",
      "skillTier": 3,
      "requireIDList": [],
      "skillData": [
        {
          "gaksungLevel": 1,
          "attributeType": "SHAMROCK",
          "atkType": "SLASH",
          "defType": "ATTACK",
          "skillTargetType": "FRONT",
          "targetNum": 1,
          "mpUsage": 25,
          "skillLevelCorrection": 0,
          "defaultValue": 3,
          "canTeamKill": false,
          "canDuel": true,
          "canChangeTarget": true,
          "skillMotion": "Default",
          "viewType": "SKILL",
          "parryingCloseType": "NEAR",
          "abilityScriptList": [
          ],
          "coinList": [
            {
              "operatorType": "ADD",
              "scale": 7,
              "abilityScriptList": [
                {
                  "scriptName": "IshmaelSixthEgoFirstCoinHealAbility15"
                }
              ]
            },
            {
              "operatorType": "ADD",
              "scale": 7,
              "abilityScriptList": [
                {
                  "scriptName": "IshmaelSixthEgoSecondCoinMpDmgAbility1And2"
                },
                {
                  "scriptName": "RerollOnSAHUpto5"
                },
                {
                  "scriptName": "IshmaelSixthEgoSecondCoinHealAbility4And8"
                },
                {
                  "scriptName": "GiveBuffOnSucceedAttack",
                  "buffData": {
                    "buffKeyword": "ShamrockTakeDamageUp",
                    "target": "Target",
                    "buffOwner": "",
                    "stack": 1,
                    "turn": 0,
                    "activeRound": 0
                  }
                },
                {
                  "scriptName": "GiveBuffOnSucceedAttackWithRangeStackByValue",
                  "buffData": {
                    "buffKeyword": "Laceration",
                    "target": "Target",
                    "buffOwner": "",
                    "stack": 1,
                    "turn": 0,
                    "activeRound": 0,
                    "value": 3
                  }
                }
              ]
            }
          ]
        },
        {
          "gaksungLevel": 3,
          "abilityScriptList": [
            {
              "scriptName": "IshmaelSixthEgoSkillAbility"
            }
          ],
          "coinList": [
            {
              "operatorType": "ADD",
              "scale": 7,
              "abilityScriptList": [
                {
                  "scriptName": "IshmaelSixthEgoFirstCoinHealAbility18"
                }
              ]
            },
            {
              "operatorType": "ADD",
              "scale": 7,
              "abilityScriptList": [
                {
                  "scriptName": "IshmaelSixthEgoSecondCoinMpDmgAbility1And2"
                },
                {
                  "scriptName": "RerollOnSAHUpto5"
                },
                {
                  "scriptName": "IshmaelSixthEgoSecondCoinHealAbility6And10"
                },
                {
                  "scriptName": "GiveBuffOnSucceedAttack",
                  "buffData": {
                    "buffKeyword": "ShamrockTakeDamageUp",
                    "target": "Target",
                    "buffOwner": "",
                    "stack": 1,
                    "turn": 0,
                    "activeRound": 0
                  }
                },
                {
                  "scriptName": "GiveBuffOnSucceedAttackWithRangeStackByValue",
                  "buffData": {
                    "buffKeyword": "Laceration",
                    "target": "Target",
                    "buffOwner": "",
                    "stack": 1,
                    "turn": 0,
                    "activeRound": 0,
                    "value": 3
                  }
                }
              ]
            }
          ]
        },
        {
          "gaksungLevel": 4,
          "coinList": [
            {
              "operatorType": "ADD",
              "scale": 7,
              "abilityScriptList": [
                {
                  "scriptName": "IshmaelSixthEgoFirstCoinHealAbility20"
                }
              ]
            },
            {
              "operatorType": "ADD",
              "scale": 7,
              "abilityScriptList": [
                {
                  "scriptName": "IshmaelSixthEgoSecondCoinMpDmgAbility1And2"
                },
                {
                  "scriptName": "RerollOnSAHUpto5"
                },
                {
                  "scriptName": "IshmaelSixthEgoSecondCoinHealAbility8And12"
                },
                {
                  "scriptName": "GiveBuffOnSucceedAttack",
                  "buffData": {
                    "buffKeyword": "ShamrockTakeDamageUp",
                    "target": "Target",
                    "buffOwner": "",
                    "stack": 1,
                    "turn": 0,
                    "activeRound": 0
                  }
                },
                {
                  "scriptName": "GiveBuffOnSucceedAttackWithRangeStackByValue",
                  "buffData": {
                    "buffKeyword": "Laceration",
                    "target": "Target",
                    "buffOwner": "",
                    "stack": 1,
                    "turn": 0,
                    "activeRound": 0,
                    "value": 4
                  }
                }
              ]
            }
          ]
        }
      ]
    },
    {
      "id": 2080621,
      "skillType": "EGO_EROSION",
      "skillTier": 3,
      "requireIDList": [],
      "skillData": [
        {
          "gaksungLevel": 1,
          "attributeType": "SHAMROCK",
          "atkType": "SLASH",
          "defType": "ATTACK",
          "skillTargetType": "RANDOM",
          "targetNum": 3,
          "mpUsage": 25,
          "skillLevelCorrection": 0,
          "defaultValue": 39,
          "canTeamKill": true,
          "canDuel": true,
          "canChangeTarget": true,
          "skillMotion": "Default",
          "viewType": "SKILL",
          "parryingCloseType": "NEAR",
          "abilityScriptList": [
            {
              "scriptName": "AttackLowestHpAbnormalityTarget"
            },
            {
              "scriptName": "IshmaelSixthErodedEgoFirstMainSkillAbility5And5"
            },
            {
              "scriptName": "IshmaelSixthErodedEgoFirstSubSkillAbility",
              "buffData": {
                "buffKeyword": "Enhancement",
                "target": "Self",
                "stack": 2,
                "turn": 0,
                "activeRound": 0
              }
            },
            {
              "scriptName": "IshmaelSixthErodedEgoFirstSubSkillAbility",
              "buffData": {
                "buffKeyword": "Agility",
                "target": "Self",
                "stack": 2,
                "turn": 0,
                "activeRound": 1
              }
            }
          ],
          "coinList": [
            {
              "operatorType": "SUB",
              "scale": 24,
              "abilityScriptList": [
                {
                  "scriptName": "IshmaelSixthErodedEgoCoinHealAbility10"
                },
                {
                  "scriptName": "GiveBuffOnSucceedAttackTailWithRangeStackByValue",
                  "buffData": {
                    "buffKeyword": "Laceration",
                    "target": "Target",
                    "buffOwner": "",
                    "stack": 1,
                    "turn": 0,
                    "activeRound": 0,
                    "value": 4
                  }
                }
              ]
            }
          ]
        },
        {
          "gaksungLevel": 3,
          "abilityScriptList": [
            {
              "scriptName": "AttackLowestHpAbnormalityTarget"
            },
            {
              "scriptName": "TargetNumAdderBBViaMaxRCWithMinCount3Upto1"
            },
            {
              "scriptName": "IshmaelSixthErodedEgoFirstMainSkillAbility5And5"
            },
            {
              "scriptName": "IshmaelSixthErodedEgoFirstSubSkillAbility",
              "buffData": {
                "buffKeyword": "Enhancement",
                "target": "Self",
                "stack": 2,
                "turn": 0,
                "activeRound": 0
              }
            },
            {
              "scriptName": "IshmaelSixthErodedEgoFirstSubSkillAbility",
              "buffData": {
                "buffKeyword": "Agility",
                "target": "Self",
                "stack": 2,
                "turn": 0,
                "activeRound": 1
              }
            },
            {
              "scriptName": "IshmaelSixthErodedEgoSecondSkillAbility",
              "buffData": {
                "buffKeyword": "AttackUp",
                "target": "Self",
                "stack": -1,
                "turn": 0,
                "activeRound": 1,
                "value": 10,
                "limit": 3
              }
            }
          ],
          "coinList": [
            {
              "operatorType": "SUB",
              "scale": 24,
              "abilityScriptList": [
                {
                  "scriptName": "IshmaelSixthErodedEgoCoinHealAbility15"
                },
                {
                  "scriptName": "GiveBuffOnSucceedAttackTailWithRangeStackByValue",
                  "buffData": {
                    "buffKeyword": "Laceration",
                    "target": "Target",
                    "buffOwner": "",
                    "stack": 2,
                    "turn": 0,
                    "activeRound": 0,
                    "value": 5
                  }
                }
              ]
            }
          ]
        },
        {
          "gaksungLevel": 4,
          "abilityScriptList": [
            {
              "scriptName": "AttackLowestHpAbnormalityTarget"
            },
            {
              "scriptName": "TargetNumAdderBBViaMaxRCWithMinCount3Upto2"
            },
            {
              "scriptName": "IshmaelSixthErodedEgoFirstMainSkillAbility5And5"
            },
            {
              "scriptName": "IshmaelSixthErodedEgoFirstSubSkillAbility",
              "buffData": {
                "buffKeyword": "Enhancement",
                "target": "Self",
                "stack": 2,
                "turn": 0,
                "activeRound": 0
              }
            },
            {
              "scriptName": "IshmaelSixthErodedEgoFirstSubSkillAbility",
              "buffData": {
                "buffKeyword": "Agility",
                "target": "Self",
                "stack": 2,
                "turn": 0,
                "activeRound": 1
              }
            },
            {
              "scriptName": "IshmaelSixthErodedEgoSecondSkillAbility",
              "buffData": {
                "buffKeyword": "AttackUp",
                "target": "Self",
                "stack": -1,
                "turn": 0,
                "activeRound": 1,
                "value": 10,
                "limit": 6
              }
            }
          ],
          "coinList": [
            {
              "operatorType": "SUB",
              "scale": 24,
              "abilityScriptList": [
                {
                  "scriptName": "IshmaelSixthErodedEgoCoinHealAbility20"
                },
                {
                  "scriptName": "GiveBuffOnSucceedAttackTailWithRangeStackByValue",
                  "buffData": {
                    "buffKeyword": "Laceration",
                    "target": "Target",
                    "buffOwner": "",
                    "stack": 3,
                    "turn": 0,
                    "activeRound": 0,
                    "value": 6
                  }
                },
                {
                  "scriptName": "GiveBuffOnKillTarget",
                  "buffData": {
                    "buffKeyword": "Enhancement",
                    "target": "Self",
                    "buffOwner": "",
                    "stack": 1,
                    "turn": 0,
                    "activeRound": 1,
                    "limit": 3
                  }
                }
              ]
            }
          ]
        }
      ]
    },
    {
      "id": 2080711,
      "skillType": "EGO_AWAKEN",
      "skillTier": 3,
      "requireIDList": [],
      "skillData": [
        {
          "gaksungLevel": 1,
          "attributeType": "AZURE",
          "atkType": "SLASH",
          "defType": "ATTACK",
          "skillTargetType": "FRONT",
          "targetNum": 1,
          "mpUsage": 20,
          "skillLevelCorrection": 2,
          "defaultValue": 17,
          "canTeamKill": false,
          "canDuel": true,
          "canChangeTarget": true,
          "skillMotion": "Default",
          "viewType": "SKILL",
          "parryingCloseType": "NEAR",
          "abilityScriptList": [
            {
              "scriptName": "SeventhIshmaelEgoAwakenSkillAbility2And5And3And15And4And1And0And0"
            }
          ],
          "coinList": [
            {
              "operatorType": "ADD",
              "scale": 9,
              "abilityScriptList": [
                {
                  "scriptName": "GiveBuffOnSucceedAttack",
                  "buffData": {
                    "buffKeyword": "Sinking",
                    "target": "Target",
                    "buffOwner": "",
                    "stack": 0,
                    "turn": 2,
                    "activeRound": 0
                  }
                },
                {
                  "scriptName": "GiveBuffOnSucceedAttack",
                  "buffData": {
                    "buffKeyword": "Curse",
                    "target": "Target",
                    "buffOwner": "",
                    "stack": 1,
                    "turn": 0,
                    "activeRound": 0
                  }
                },
                {
                  "scriptName": "GiveBuffOnSucceedAttack",
                  "buffData": {
                    "buffKeyword": "UninvitedGuestPersonality",
                    "target": "AbnormalityTarget",
                    "buffOwner": "",
                    "stack": 2,
                    "turn": 0,
                    "activeRound": 0
                  }
                }
              ]
            }
          ]
        },
        {
          "gaksungLevel": 3,
          "abilityScriptList": [
            {
              "scriptName": "SeventhIshmaelEgoAwakenSkillAbility2And10And3And15And4And1And1And0"
            }
          ],
          "coinList": [
            {
              "operatorType": "ADD",
              "scale": 9,
              "abilityScriptList": [
                {
                  "scriptName": "GiveBuffOnSucceedAttack",
                  "buffData": {
                    "buffKeyword": "Sinking",
                    "target": "Target",
                    "buffOwner": "",
                    "stack": 0,
                    "turn": 2,
                    "activeRound": 0
                  }
                },
                {
                  "scriptName": "GiveBuffOnSucceedAttack",
                  "buffData": {
                    "buffKeyword": "Curse",
                    "target": "Target",
                    "buffOwner": "",
                    "stack": 1,
                    "turn": 0,
                    "activeRound": 0
                  }
                },
                {
                  "scriptName": "GiveBuffOnSAOnRC_AZURE4",
                  "buffData": {
                    "buffKeyword": "AzureTakeDamageUp",
                    "target": "Target",
                    "buffOwner": "",
                    "stack": 1,
                    "turn": 0,
                    "activeRound": 0
                  }
                },
                {
                  "scriptName": "GiveBuffOnSucceedAttack",
                  "buffData": {
                    "buffKeyword": "UninvitedGuestPersonality",
                    "target": "AbnormalityTarget",
                    "buffOwner": "",
                    "stack": 2,
                    "turn": 0,
                    "activeRound": 0
                  }
                }
              ]
            }
          ]
        },
        {
          "gaksungLevel": 4,
          "abilityScriptList": [
            {
              "scriptName": "SeventhIshmaelEgoAwakenSkillAbility2And10And3And20And4And1And1And10"
            }
          ],
          "coinList": [
            {
              "operatorType": "ADD",
              "scale": 9,
              "abilityScriptList": [
                {
                  "scriptName": "GiveBuffOnSucceedAttack",
                  "buffData": {
                    "buffKeyword": "Sinking",
                    "target": "Target",
                    "buffOwner": "",
                    "stack": 0,
                    "turn": 3,
                    "activeRound": 0
                  }
                },
                {
                  "scriptName": "GiveBuffOnSucceedAttack",
                  "buffData": {
                    "buffKeyword": "Curse",
                    "target": "Target",
                    "buffOwner": "",
                    "stack": 2,
                    "turn": 0,
                    "activeRound": 0
                  }
                },
                {
                  "scriptName": "GiveBuffOnSAOnRC_AZURE4",
                  "buffData": {
                    "buffKeyword": "AzureTakeDamageUp",
                    "target": "Target",
                    "buffOwner": "",
                    "stack": 1,
                    "turn": 0,
                    "activeRound": 0
                  }
                },
                {
                  "scriptName": "GiveBuffOnSucceedAttack",
                  "buffData": {
                    "buffKeyword": "UninvitedGuestPersonality",
                    "target": "AbnormalityTarget",
                    "buffOwner": "",
                    "stack": 2,
                    "turn": 0,
                    "activeRound": 0
                  }
                }
              ]
            }
          ]
        }
      ]
    },
    {
      "id": 2080721,
      "skillType": "EGO_EROSION",
      "skillTier": 3,
      "requireIDList": [],
      "skillData": [
        {
          "gaksungLevel": 1,
          "attributeType": "AZURE",
          "atkType": "SLASH",
          "defType": "ATTACK",
          "skillTargetType": "RANDOM",
          "targetNum": 3,
          "mpUsage": 30,
          "skillLevelCorrection": -3,
          "defaultValue": 28,
          "canTeamKill": true,
          "canDuel": true,
          "canChangeTarget": true,
          "skillMotion": "Default",
          "viewType": "SKILL",
          "parryingCloseType": "NEAR",
          "abilityScriptList": [
            {
              "scriptName": "AttackHighestStackTarget_Sinking"
            },
            {
              "scriptName": "LoseHpBeforeAttackSelfByRatioWithoutDie10"
            },
            {
              "scriptName": "SeventhIshmaelEgoErosionSkillAbilityExceptSelf3And5And3And10And4And1And0And0"
            }
          ],
          "coinList": [
            {
              "operatorType": "SUB",
              "scale": 10,
              "abilityScriptList": [
                {
                  "scriptName": "GiveBuffOnSucceedAttack",
                  "buffData": {
                    "buffKeyword": "Sinking",
                    "target": "Target",
                    "buffOwner": "",
                    "stack": 0,
                    "turn": 2,
                    "activeRound": 0
                  }
                },
                {
                  "scriptName": "GiveBuffOnSucceedAttack",
                  "buffData": {
                    "buffKeyword": "Curse",
                    "target": "Target",
                    "buffOwner": "",
                    "stack": 1,
                    "turn": 0,
                    "activeRound": 0
                  }
                },
                {
                  "scriptName": "GiveBuffOnSAOnRC_AZURE3",
                  "buffData": {
                    "buffKeyword": "AzureTakeDamageUp",
                    "target": "Target",
                    "buffOwner": "",
                    "stack": 1,
                    "turn": 0,
                    "activeRound": 0
                  }
                },
                {
                  "scriptName": "GiveBuffOnSucceedAttack",
                  "buffData": {
                    "buffKeyword": "UninvitedGuestPersonality",
                    "target": "AbnormalityTarget",
                    "buffOwner": "",
                    "stack": 2,
                    "turn": 0,
                    "activeRound": 0
                  }
                }
              ]
            }
          ]
        },
        {
          "gaksungLevel": 3,
          "abilityScriptList": [
            {
              "scriptName": "AttackHighestStackTarget_Sinking"
            },
            {
              "scriptName": "LoseHpBeforeAttackSelfByRatioWithoutDie10"
            },
            {
              "scriptName": "SeventhIshmaelEgoErosionSkillAbilityExceptSelf3And10And3And15And4And1And0And0"
            }
          ],
          "coinList": [
            {
              "operatorType": "SUB",
              "scale": 10,
              "abilityScriptList": [
                {
                  "scriptName": "GiveBuffOnSucceedAttack",
                  "buffData": {
                    "buffKeyword": "Sinking",
                    "target": "Target",
                    "buffOwner": "",
                    "stack": 0,
                    "turn": 2,
                    "activeRound": 0
                  }
                },
                {
                  "scriptName": "GiveBuffOnSucceedAttack",
                  "buffData": {
                    "buffKeyword": "Curse",
                    "target": "Target",
                    "buffOwner": "",
                    "stack": 2,
                    "turn": 0,
                    "activeRound": 0
                  }
                },
                {
                  "scriptName": "GiveBuffOnSAOnRC_AZURE3",
                  "buffData": {
                    "buffKeyword": "AzureTakeDamageUp",
                    "target": "Target",
                    "buffOwner": "",
                    "stack": 1,
                    "turn": 0,
                    "activeRound": 0
                  }
                },
                {
                  "scriptName": "GiveBuffOnSucceedAttack",
                  "buffData": {
                    "buffKeyword": "UninvitedGuestPersonality",
                    "target": "AbnormalityTarget",
                    "buffOwner": "",
                    "stack": 2,
                    "turn": 0,
                    "activeRound": 0
                  }
                },
                {
                  "scriptName": "GiveBuffOnSucceedAttack",
                  "buffData": {
                    "buffKeyword": "EchoOfMansion",
                    "target": "AbnormalityTarget",
                    "buffOwner": "",
                    "stack": 2,
                    "turn": 0,
                    "activeRound": 1
                  }
                }
              ]
            }
          ]
        },
        {
          "gaksungLevel": 4,
          "abilityScriptList": [
            {
              "scriptName": "AttackHighestStackTarget_Sinking"
            },
            {
              "scriptName": "LoseHpBeforeAttackSelfByRatioWithoutDie10"
            },
            {
              "scriptName": "SeventhIshmaelEgoErosionSkillAbilityExceptSelf3And10And3And15And4And1And0And5"
            }
          ],
          "coinList": [
            {
              "operatorType": "SUB",
              "scale": 10,
              "abilityScriptList": [
                {
                  "scriptName": "GiveBuffOnSucceedAttack",
                  "buffData": {
                    "buffKeyword": "Sinking",
                    "target": "Target",
                    "buffOwner": "",
                    "stack": 0,
                    "turn": 3,
                    "activeRound": 0
                  }
                },
                {
                  "scriptName": "GiveBuffOnSucceedAttack",
                  "buffData": {
                    "buffKeyword": "Curse",
                    "target": "Target",
                    "buffOwner": "",
                    "stack": 2,
                    "turn": 0,
                    "activeRound": 0
                  }
                },
                {
                  "scriptName": "GiveBuffOnSADevideByRC_AZURE3",
                  "buffData": {
                    "buffKeyword": "AzureTakeDamageUp",
                    "target": "Target",
                    "buffOwner": "",
                    "stack": 1,
                    "turn": 0,
                    "activeRound": 0,
                    "limit": 2
                  }
                },
                {
                  "scriptName": "GiveBuffOnSucceedAttack",
                  "buffData": {
                    "buffKeyword": "UninvitedGuestPersonality",
                    "target": "AbnormalityTarget",
                    "buffOwner": "",
                    "stack": 2,
                    "turn": 0,
                    "activeRound": 0
                  }
                },
                {
                  "scriptName": "GiveBuffOnSucceedAttack",
                  "buffData": {
                    "buffKeyword": "EchoOfMansion",
                    "target": "AbnormalityTarget",
                    "buffOwner": "",
                    "stack": 2,
                    "turn": 0,
                    "activeRound": 1
                  }
                }
              ]
            }
          ]
        }
      ]
    },
    {
      "id": 2080811,
      "skillType": "EGO_AWAKEN",
      "skillTier": 3,
      "requireIDList": [],
      "skillData": [
        {
          "gaksungLevel": 1,
          "attributeType": "AMBER",
          "atkType": "HIT",
          "defType": "ATTACK",
          "skillTargetType": "FRONT",
          "targetNum": 3,
          "mpUsage": 20,
          "skillLevelCorrection": 1,
          "defaultValue": 12,
          "canTeamKill": false,
          "canDuel": true,
          "canChangeTarget": true,
          "skillMotion": "Default",
          "viewType": "SKILL",
          "parryingCloseType": "NEAR",
          "abilityScriptList": [
            {
              "scriptName": "GiveBuffBeforeAttackByReso20808",
              "buffData": {
                "buffKeyword": "Vibration",
                "target": "Self",
                "buffOwner": "",
                "stack": 0,
                "turn": 5,
                "activeRound": 0,
                "limit": 10
              }
            },
            {
              "scriptName": "EighthIshmaelEgoAwakenSkillMpHeal10"
            }
          ],
          "coinList": [
            {
              "operatorType": "ADD",
              "scale": 5,
              "abilityScriptList": [
                {
                  "scriptName": "GiveBuffOnSucceedAttack",
                  "buffData": {
                    "buffKeyword": "Vibration",
                    "target": "Target",
                    "buffOwner": "",
                    "stack": 0,
                    "turn": 5,
                    "activeRound": 0
                  }
                }
              ]
            },
            {
              "operatorType": "ADD",
              "scale": 5,
              "abilityScriptList": [
                {
                  "scriptName": "VibrationExplosionOnSucceedAttackAndLoseTargetVibrationTurn1"
                }
              ]
            }
          ]
        },
        {
          "gaksungLevel": 3,
          "abilityScriptList": [
            {
              "scriptName": "EighthIshmaelEgoAttackDmgMultiplier0And1And10And450"
            },
            {
              "scriptName": "GiveBuffBeforeAttackByReso20808",
              "buffData": {
                "buffKeyword": "Vibration",
                "target": "Self",
                "buffOwner": "",
                "stack": 0,
                "turn": 5,
                "activeRound": 0,
                "limit": 10
              }
            },
            {
              "scriptName": "EighthIshmaelEgoAwakenSkillMpHeal10"
            }
          ],
          "coinList": [
            {
              "operatorType": "ADD",
              "scale": 5,
              "abilityScriptList": [
                {
                  "scriptName": "GiveBuffOnSucceedAttack",
                  "buffData": {
                    "buffKeyword": "Vibration",
                    "target": "Target",
                    "buffOwner": "",
                    "stack": 0,
                    "turn": 5,
                    "activeRound": 0
                  }
                },
                {
                  "scriptName": "GiveBuffOnSucceedAttackByCheckCondition20808",
                  "buffData": {
                    "buffKeyword": "Sinking",
                    "target": "Target",
                    "buffOwner": "",
                    "stack": 5,
                    "turn": 0,
                    "activeRound": 0
                  }
                },
                {
                  "scriptName": "EighthIshmaelEgoVEOSAAndLoseTargetVibrationTurn1And2"
                }
              ]
            },
            {
              "operatorType": "ADD",
              "scale": 5,
              "abilityScriptList": [
                {
                  "scriptName": "VibrationExplosionOnSucceedAttackAndLoseTargetVibrationTurn1"
                }
              ]
            }
          ]
        },
        {
          "gaksungLevel": 4,
          "abilityScriptList": [
            {
              "scriptName": "EighthIshmaelEgoAttackDmgMultiplier0And1And10And450"
            },
            {
              "scriptName": "GiveBuffBeforeAttackByReso20808",
              "buffData": {
                "buffKeyword": "Vibration",
                "target": "Self",
                "buffOwner": "",
                "stack": 0,
                "turn": 5,
                "activeRound": 0,
                "limit": 10
              }
            },
            {
              "scriptName": "EighthIshmaelEgoAwakenSkillMpHeal10"
            }
          ],
          "coinList": [
            {
              "operatorType": "ADD",
              "scale": 5,
              "abilityScriptList": [
                {
                  "scriptName": "GiveBuffOnSucceedAttack",
                  "buffData": {
                    "buffKeyword": "Vibration",
                    "target": "Target",
                    "buffOwner": "",
                    "stack": 0,
                    "turn": 5,
                    "activeRound": 0
                  }
                },
                {
                  "scriptName": "GiveBuffOnSucceedAttackByCheckCondition20808",
                  "buffData": {
                    "buffKeyword": "Sinking",
                    "target": "Target",
                    "buffOwner": "",
                    "stack": 5,
                    "turn": 0,
                    "activeRound": 0
                  }
                },
                {
                  "scriptName": "EighthIshmaelEgoVEOSAAndLoseTargetVibrationTurn2And2"
                }
              ]
            },
            {
              "operatorType": "ADD",
              "scale": 5,
              "abilityScriptList": [
                {
                  "scriptName": "VibrationExplosionOnSucceedAttackAndLoseTargetVibrationTurn1"
                }
              ]
            }
          ]
        }
      ]
    },
    {
      "id": 2080821,
      "skillType": "EGO_EROSION",
      "skillTier": 3,
      "requireIDList": [],
      "skillData": [
        {
          "gaksungLevel": 1,
          "attributeType": "AMBER",
          "atkType": "HIT",
          "defType": "ATTACK",
          "skillTargetType": "RANDOM",
          "targetNum": 5,
          "mpUsage": 20,
          "skillLevelCorrection": 2,
          "defaultValue": 18,
          "canTeamKill": true,
          "canDuel": true,
          "canChangeTarget": true,
          "skillMotion": "Default",
          "viewType": "SKILL",
          "parryingCloseType": "NEAR",
          "abilityScriptList": [
            {
              "scriptName": "GiveBuffBeforeAttackByReso20808",
              "buffData": {
                "buffKeyword": "Vibration",
                "target": "Self",
                "buffOwner": "",
                "stack": 0,
                "turn": 5,
                "activeRound": 0,
                "limit": 10
              }
            },
            {
              "scriptName": "HealHpBeforeAttackSelf10"
            }
          ],
          "coinList": [
            {
              "operatorType": "SUB",
              "scale": 5,
              "abilityScriptList": [
                {
                  "scriptName": "GiveBuffOnSucceedAttack",
                  "buffData": {
                    "buffKeyword": "Vibration",
                    "target": "Target",
                    "buffOwner": "",
                    "stack": 0,
                    "turn": 5,
                    "activeRound": 0
                  }
                }
              ]
            },
            {
              "operatorType": "SUB",
              "scale": 5,
              "abilityScriptList": [
                {
                  "scriptName": "VibrationExplosionOnSucceedAttackAndLoseTargetVibrationTurn1"
                }
              ]
            },
            {
              "operatorType": "SUB",
              "scale": 5,
              "abilityScriptList": [
                {
                  "scriptName": "VibrationExplosionOnSucceedAttackAndLoseTargetVibrationTurn1"
                }
              ]
            }
          ]
        },
        {
          "gaksungLevel": 3,
          "abilityScriptList": [
            {
              "scriptName": "EighthIshmaelEgoSkillPowerAdder1"
            },
            {
              "scriptName": "GiveBuffBeforeAttackByReso20808",
              "buffData": {
                "buffKeyword": "Vibration",
                "target": "Self",
                "buffOwner": "",
                "stack": 0,
                "turn": 5,
                "activeRound": 0,
                "limit": 10
              }
            },
            {
              "scriptName": "HealHpBeforeAttackSelf10"
            },
            {
              "scriptName": "EighthIshmaelEgoErosionSkillMpHeal5"
            }
          ],
          "coinList": [
            {
              "operatorType": "SUB",
              "scale": 5,
              "abilityScriptList": [
                {
                  "scriptName": "GiveBuffOnSucceedAttack",
                  "buffData": {
                    "buffKeyword": "Vibration",
                    "target": "Target",
                    "buffOwner": "",
                    "stack": 0,
                    "turn": 5,
                    "activeRound": 0
                  }
                },
                {
                  "scriptName": "GiveBuffOnSucceedAttackByCheckCondition20808",
                  "buffData": {
                    "buffKeyword": "Sinking",
                    "target": "Target",
                    "buffOwner": "",
                    "stack": 5,
                    "turn": 2,
                    "activeRound": 0
                  }
                }
              ]
            },
            {
              "operatorType": "SUB",
              "scale": 5,
              "abilityScriptList": [
                {
                  "scriptName": "VibrationExplosionOnSucceedAttackAndLoseTargetVibrationTurn1"
                }
              ]
            },
            {
              "operatorType": "SUB",
              "scale": 5,
              "abilityScriptList": [
                {
                  "scriptName": "EighthIshmaelEgoVEOSAAndLoseTargetVibrationTurn1And1"
                },
                {
                  "scriptName": "VibrationExplosionOnSucceedAttackAndLoseTargetVibrationTurn1"
                }
              ]
            }
          ]
        },
        {
          "gaksungLevel": 4,
          "abilityScriptList": [
            {
              "scriptName": "EighthIshmaelEgoSkillPowerAdder2"
            },
            {
              "scriptName": "GiveBuffBeforeAttackByReso20808",
              "buffData": {
                "buffKeyword": "Vibration",
                "target": "Self",
                "buffOwner": "",
                "stack": 0,
                "turn": 5,
                "activeRound": 0,
                "limit": 10
              }
            },
            {
              "scriptName": "HealHpBeforeAttackSelf10"
            },
            {
              "scriptName": "EighthIshmaelEgoErosionSkillMpHeal5"
            }
          ],
          "coinList": [
            {
              "operatorType": "SUB",
              "scale": 5,
              "abilityScriptList": [
                {
                  "scriptName": "GiveBuffOnSucceedAttack",
                  "buffData": {
                    "buffKeyword": "Vibration",
                    "target": "Target",
                    "buffOwner": "",
                    "stack": 0,
                    "turn": 5,
                    "activeRound": 0
                  }
                },
                {
                  "scriptName": "GiveBuffOnSucceedAttackByCheckCondition20808",
                  "buffData": {
                    "buffKeyword": "Sinking",
                    "target": "Target",
                    "buffOwner": "",
                    "stack": 5,
                    "turn": 2,
                    "activeRound": 0
                  }
                }
              ]
            },
            {
              "operatorType": "SUB",
              "scale": 5,
              "abilityScriptList": [
                {
                  "scriptName": "EighthIshmaelEgoVEOSAAndLoseTargetVibrationTurn1And1"
                },
                {
                  "scriptName": "VibrationExplosionOnSucceedAttackAndLoseTargetVibrationTurn1"
                }
              ]
            },
            {
              "operatorType": "SUB",
              "scale": 5,
              "abilityScriptList": [
                {
                  "scriptName": "EighthIshmaelEgoVEOSAAndLoseTargetVibrationTurn1And1"
                },
                {
                  "scriptName": "VibrationExplosionOnSucceedAttackAndLoseTargetVibrationTurn1"
                }
              ]
            }
          ]
        }
      ]
    }
  ]
}