{
  "list": [
    {
      "id": 1021201,
      "skillType": "SKILL",
      "skillTier": 1,
      "requireIDList": [],
      "skillData": [
        {
          "gaksungLevel": 1,
          "attributeType": "AMBER",
          "atkType": "SLASH",
          "defType": "ATTACK",
          "skillTargetType": "FRONT",
          "targetNum": 1,
          "mpUsage": 0,
          "range": 10,
          "arearange": 3,
          "skillLevelCorrection": 1,
          "defaultValue": 2,
          "canTeamKill": false,
          "canDuel": true,
          "canChangeTarget": true,
          "skillMotion": "S1",
          "viewType": "BATTLE",
          "parryingCloseType": "NEAR",
          "abilityScriptList": [
            {
              "scriptName": "CoinScaleAdderOnStartTurnViaBuffCheck",
              "buffData": {
                "buffKeyword": "Burst",
                "target": "",
                "buffOwner": "Target",
                "stack": 6,
                "turn": 0,
                "value": 1,
                "activeRound": 0
              }
            }
          ],
          "coinList": [
            {
              "operatorType": "ADD",
              "scale": 4,
              "abilityScriptList": [
                {
                  "scriptName": "GiveBuffOnSucceedAttack",
                  "buffData": {
                    "buffKeyword": "Burst",
                    "target": "Target",
                    "buffOwner": "",
                    "stack": 1,
                    "turn": 0,
                    "activeRound": 0
                  }
                }
              ]
            },
            {
              "operatorType": "ADD",
              "scale": 4,
              "abilityScriptList": [
                {
                  "scriptName": "GiveBuffOnSucceedAttack",
                  "buffData": {
                    "buffKeyword": "Burst",
                    "target": "Target",
                    "buffOwner": "",
                    "stack": 0,
                    "turn": 1,
                    "activeRound": 0
                  }
                }
              ]
            }
          ]
        },
        {
          "gaksungLevel": 2,
          "abilityScriptList": [
            {
              "scriptName": "CoinScaleAdderOnStartTurnViaBuffCheck",
              "buffData": {
                "buffKeyword": "Burst",
                "target": "",
                "buffOwner": "Target",
                "stack": 4,
                "turn": 0,
                "value": 1,
                "activeRound": 0
              }
            },
            {
              "scriptName": "GiveBuffOnWinDuel",
              "buffData": {
                "buffKeyword": "Burst",
                "buffOwner": "",
                "target": "Target",
                "stack": 0,
                "turn": 1,
                "activeRound": 0
              }
            }
          ],
          "coinList": [
            {
              "operatorType": "ADD",
              "scale": 4,
              "abilityScriptList": [
                {
                  "scriptName": "GiveBuffOnSucceedAttack",
                  "buffData": {
                    "buffKeyword": "Burst",
                    "target": "Target",
                    "buffOwner": "",
                    "stack": 1,
                    "turn": 0,
                    "activeRound": 0
                  }
                }
              ]
            },
            {
              "operatorType": "ADD",
              "scale": 4,
              "abilityScriptList": [
                {
                  "scriptName": "GiveBuffOnSucceedAttack",
                  "buffData": {
                    "buffKeyword": "Burst",
                    "target": "Target",
                    "buffOwner": "",
                    "stack": 0,
                    "turn": 1,
                    "activeRound": 0
                  }
                },
                {
                  "scriptName": "RerollOnSAIfSelfSpeedNotLessThan10Upto1"
                }
              ]
            }
          ]
        },
        {
          "gaksungLevel": 3,
          "defaultValue": 3
        },
        {
          "gaksungLevel": 4,
          "abilityScriptList": [
            {
              "scriptName": "CoinScaleAdder1IfFasterThanMainTargetMinDiff3"
            },
            {
              "scriptName": "CoinScaleAdderOnStartTurnViaBuffCheck",
              "buffData": {
                "buffKeyword": "Burst",
                "target": "",
                "buffOwner": "Target",
                "stack": 4,
                "turn": 0,
                "value": 1,
                "activeRound": 0
              }
            },
            {
              "scriptName": "GiveBuffOnWinDuel",
              "buffData": {
                "buffKeyword": "Burst",
                "buffOwner": "",
                "target": "Target",
                "stack": 0,
                "turn": 1,
                "activeRound": 0
              }
            }
          ]
        }
      ]
    },
    {
      "id": 1021202,
      "skillType": "SKILL",
      "skillTier": 2,
      "requireIDList": [],
      "skillData": [
        {
          "gaksungLevel": 1,
          "attributeType": "INDIGO",
          "atkType": "SLASH",
          "defType": "ATTACK",
          "skillTargetType": "FRONT",
          "targetNum": 1,
          "mpUsage": 0,
          "range": 10,
          "arearange": 3,
          "skillLevelCorrection": 2,
          "defaultValue": 3,
          "canTeamKill": false,
          "canDuel": true,
          "canChangeTarget": true,
          "skillMotion": "S2",
          "viewType": "BATTLE",
          "parryingCloseType": "NEAR",
          "abilityScriptList": [
            {
              "scriptName": "CoinScaleAdderOnStartTurnViaBuffCheck",
              "buffData": {
                "buffKeyword": "Burst",
                "target": "",
                "buffOwner": "Target",
                "stack": 4,
                "turn": 0,
                "value": 1,
                "activeRound": 0
              }
            },
            {
              "scriptName": "GiveBuffOnWinDuel",
              "buffData": {
                "buffKeyword": "Burst",
                "buffOwner": "",
                "target": "Target",
                "stack": 0,
                "turn": 1,
                "activeRound": 0
              }
            }
          ],
          "coinList": [
            {
              "operatorType": "ADD",
              "scale": 6,
              "actionIndex": 1,
              "abilityScriptList": [
                {
                  "scriptName": "GiveBuffOnSucceedAttack",
                  "buffData": {
                    "buffKeyword": "Burst",
                    "target": "Target",
                    "buffOwner": "",
                    "stack": 0,
                    "turn": 1,
                    "activeRound": 0
                  }
                }
              ]
            },
            {
              "operatorType": "ADD",
              "scale": 6,
              "actionIndex": 2,
              "abilityScriptList": [
                {
                  "scriptName": "DmgUp1021202",
                  "value": 0.3
                }
              ]
            }
          ]
        },
        {
          "gaksungLevel": 2,
          "abilityScriptList": [
            {
              "scriptName": "CoinScaleAdderOnStartTurnViaBuffCheck",
              "buffData": {
                "buffKeyword": "Burst",
                "target": "",
                "buffOwner": "Target",
                "stack": 4,
                "turn": 0,
                "value": 1,
                "activeRound": 0
              }
            },
            {
              "scriptName": "GiveBuffOnUse",
              "turnLimit": 1,
              "buffData": {
                "buffKeyword": "Agility",
                "target": "Self",
                "buffOwner": "",
                "stack": 2,
                "turn": 0,
                "activeRound": 1
              }
            },
            {
              "scriptName": "GiveBuffOnWinDuel",
              "buffData": {
                "buffKeyword": "Burst",
                "buffOwner": "",
                "target": "Target",
                "stack": 0,
                "turn": 1,
                "activeRound": 0
              }
            }
          ]
        },
        {
          "gaksungLevel": 3,
          "defaultValue": 4
        },
        {
          "gaksungLevel": 4,
          "abilityScriptList": [
            {
              "scriptName": "AttackDmgUp1021202",
              "buffData": {
                "buffKeyword": "EnhanceZilu",
                "target": "",
                "buffOwner": "Self",
                "value": 0.01,
                "limit": 50
              }
            },
            {
              "scriptName": "CoinScaleAdder1IfFasterThanMainTargetMinDiff3"
            },
            {
              "scriptName": "CoinScaleAdderOnStartTurnViaBuffCheck",
              "buffData": {
                "buffKeyword": "Burst",
                "target": "",
                "buffOwner": "Target",
                "stack": 4,
                "turn": 0,
                "value": 1,
                "activeRound": 0
              }
            },
            {
              "scriptName": "GiveBuffOnUse",
              "turnLimit": 1,
              "buffData": {
                "buffKeyword": "Agility",
                "target": "Self",
                "buffOwner": "",
                "stack": 2,
                "turn": 0,
                "activeRound": 1
              }
            },
            {
              "scriptName": "GiveBuffOnWinDuel",
              "buffData": {
                "buffKeyword": "Burst",
                "buffOwner": "",
                "target": "Target",
                "stack": 0,
                "turn": 1,
                "activeRound": 0
              }
            }
          ],
          "coinList": [
            {
              "operatorType": "ADD",
              "scale": 6,
              "actionIndex": 1,
              "abilityScriptList": [
                {
                  "scriptName": "GiveBuffOnSucceedAttack",
                  "buffData": {
                    "buffKeyword": "Burst",
                    "target": "Target",
                    "buffOwner": "",
                    "stack": 0,
                    "turn": 1,
                    "activeRound": 0
                  }
                }
              ]
            },
            {
              "operatorType": "ADD",
              "scale": 6,
              "actionIndex": 2,
              "abilityScriptList": [
                {
                  "scriptName": "GiveBuffOnSucceedAttack",
                  "buffData": {
                    "buffKeyword": "Burst",
                    "target": "Target",
                    "buffOwner": "",
                    "stack": 1,
                    "turn": 0,
                    "activeRound": 0
                  }
                },
                {
                  "scriptName": "DmgUp1021202",
                  "value": 0.5
                }
              ]
            }
          ]
        }
      ]
    },
    {
      "id": 1021203,
      "skillType": "SKILL",
      "skillTier": 3,
      "requireIDList": [
        "CheckAwakenLevel3"
      ],
      "skillData": [
        {
          "gaksungLevel": 3,
          "attributeType": "SHAMROCK",
          "atkType": "SLASH",
          "defType": "ATTACK",
          "skillTargetType": "FRONT",
          "targetNum": 1,
          "mpUsage": 0,
          "range": 20,
          "arearange": 3,
          "skillLevelCorrection": 3,
          "defaultValue": 5,
          "canTeamKill": false,
          "canDuel": true,
          "canChangeTarget": true,
          "skillMotion": "S3",
          "viewType": "ENCOUNTER",
          "parryingCloseType": "NEAR",
          "abilityScriptList": [
            {
              "scriptName": "DmgUp1021203",
              "buffData": {
                "buffKeyword": "Burst",
                "buffOwner": "Target",
                "target": "",
                "stack": 0,
                "turn": 0,
                "activeRound": 0,
                "value": 0.01,
                "limit": 50
              }
            },
            {
              "scriptName": "CoinScaleAdder1IfFasterThanMainTargetMinDiff2"
            },
            {
              "scriptName": "GiveBuffOnBattleStart",
              "turnLimit": 1,
              "buffData": {
                "buffKeyword": "SupportProtect",
                "target": "Self",
                "buffOwner": "",
                "stack": 1,
                "turn": 0,
                "activeRound": 0
              }
            },
            {
              "scriptName": "SpecialSkill1021203",
              "buffData": {
                "buffKeyword": "EnhanceZilu",
                "target": "",
                "buffOwner": "Self",
                "stack": 10,
                "turn": 0,
                "activeRound": 0
              }
            },
            {
              "scriptName": "GiveBuffOnUse",
              "buffData": {
                "buffKeyword": "LegStrength",
                "target": "Self",
                "buffOwner": "",
                "stack": 3,
                "turn": 0,
                "activeRound": 0
              }
            },
            {
              "scriptName": "GiveBuffOnWinDuel",
              "buffData": {
                "buffKeyword": "Burst",
                "buffOwner": "",
                "target": "Target",
                "stack": 0,
                "turn": 2,
                "activeRound": 0
              }
            }
          ],
          "coinList": [
            {
              "operatorType": "ADD",
              "scale": 3,
              "actionIndex": 1,
              "abilityScriptList": [
                {
                  "scriptName": "GiveBuffOnSucceedAttack",
                  "buffData": {
                    "buffKeyword": "Burst",
                    "target": "Target",
                    "buffOwner": "",
                    "stack": 0,
                    "turn": 1,
                    "activeRound": 0
                  }
                },
                {
                  "scriptName": "GiveBuffOnSucceedAttack",
                  "buffData": {
                    "buffKeyword": "BurstAgility",
                    "target": "Target",
                    "buffOwner": "",
                    "stack": 3,
                    "turn": 0,
                    "activeRound": 0
                  }
                }
              ]
            },
            {
              "operatorType": "ADD",
              "scale": 3,
              "actionIndex": 2,
              "abilityScriptList": [
                {
                  "scriptName": "GiveBuffOnSucceedAttack",
                  "buffData": {
                    "buffKeyword": "Burst",
                    "target": "Target",
                    "buffOwner": "",
                    "stack": 1,
                    "turn": 0,
                    "activeRound": 0
                  }
                }
              ]
            },
            {
              "operatorType": "ADD",
              "scale": 3,
              "actionIndex": 3,
              "cutsceneStart": true,
              "abilityScriptList": [
                {
                  "scriptName": "AttackDmgUpByRatio30IfSelfSpeedNotLessThan10"
                },
                {
                  "scriptName": "GiveBuffOnSucceedAttack",
                  "buffData": {
                    "buffKeyword": "Burst",
                    "target": "Target",
                    "buffOwner": "",
                    "stack": 3,
                    "turn": 0,
                    "activeRound": 0
                  }
                },
                {
                  "scriptName": "RerollOnSAIfSelfSpeedNotLessThan10Upto1"
                }
              ]
            }
          ]
        },
        {
          "gaksungLevel": 4,
          "abilityScriptList": [
            {
              "scriptName": "DmgUp1021203",
              "buffData": {
                "buffKeyword": "Burst",
                "buffOwner": "Target",
                "target": "",
                "stack": 0,
                "turn": 0,
                "activeRound": 0,
                "value": 0.01,
                "limit": 50
              }
            },
            {
              "scriptName": "CoinScaleAdder1IfFasterThanMTPerSpeedDiff2WithMax2"
            },
            {
              "scriptName": "GiveBuffOnBattleStart",
              "turnLimit": 1,
              "buffData": {
                "buffKeyword": "SupportProtect",
                "target": "Self",
                "buffOwner": "",
                "stack": 1,
                "turn": 0,
                "activeRound": 0
              }
            },
            {
              "scriptName": "SpecialSkill1021203",
              "buffData": {
                "buffKeyword": "EnhanceZilu",
                "target": "",
                "buffOwner": "Self",
                "stack": 10,
                "turn": 0,
                "activeRound": 0
              }
            },
            {
              "scriptName": "CoinScaleAdderOnStartTurnViaBuffCheck",
              "buffData": {
                "buffKeyword": "Burst",
                "target": "",
                "buffOwner": "Target",
                "stack": 15,
                "turn": 0,
                "value": 1,
                "activeRound": 0
              }
            },
            {
              "scriptName": "GiveBuffOnUse",
              "buffData": {
                "buffKeyword": "LegStrength",
                "target": "Self",
                "buffOwner": "",
                "stack": 3,
                "turn": 0,
                "activeRound": 0
              }
            },
            {
              "scriptName": "GiveBuffOnWinDuel",
              "buffData": {
                "buffKeyword": "Burst",
                "buffOwner": "",
                "target": "Target",
                "stack": 0,
                "turn": 2,
                "activeRound": 0
              }
            }
          ],
          "coinList": [
            {
              "operatorType": "ADD",
              "scale": 4,
              "actionIndex": 1,
              "abilityScriptList": [
                {
                  "scriptName": "GiveBuffOnSucceedAttack",
                  "buffData": {
                    "buffKeyword": "Burst",
                    "target": "Target",
                    "buffOwner": "",
                    "stack": 0,
                    "turn": 1,
                    "activeRound": 0
                  }
                },
                {
                  "scriptName": "GiveBuffOnSucceedAttack",
                  "buffData": {
                    "buffKeyword": "BurstAgility",
                    "target": "Target",
                    "buffOwner": "",
                    "stack": 3,
                    "turn": 0,
                    "activeRound": 0
                  }
                }
              ]
            },
            {
              "operatorType": "ADD",
              "scale": 4,
              "actionIndex": 2,
              "abilityScriptList": [
                {
                  "scriptName": "GiveBuffOnSucceedAttack",
                  "buffData": {
                    "buffKeyword": "Burst",
                    "target": "Target",
                    "buffOwner": "",
                    "stack": 1,
                    "turn": 0,
                    "activeRound": 0
                  }
                }
              ]
            },
            {
              "operatorType": "ADD",
              "scale": 4,
              "actionIndex": 3,
              "cutsceneStart": true,
              "abilityScriptList": [
                {
                  "scriptName": "AttackDmgUpByRatio30IfSelfSpeedNotLessThan10"
                },
                {
                  "scriptName": "GiveBuffOnSucceedAttack",
                  "buffData": {
                    "buffKeyword": "Burst",
                    "target": "Target",
                    "buffOwner": "",
                    "stack": 3,
                    "turn": 0,
                    "activeRound": 0
                  }
                },
                {
                  "scriptName": "RerollOnSAIfSelfSpeedNotLessThan10Upto1"
                },
                {
                  "scriptName": "GiveBuffOnSAIfRerolled",
                  "buffData": {
                    "buffKeyword": "BurstAgility",
                    "target": "Target",
                    "buffOwner": "",
                    "stack": 3,
                    "turn": 0,
                    "activeRound": 0
                  }
                }
              ]
            }
          ]
        }
      ]
    },
    {
      "id": 1021204,
      "skillType": "SKILL",
      "skillTier": 1,
      "requireIDList": [],
      "skillData": [
        {
          "gaksungLevel": 1,
          "attributeType": "SHAMROCK",
          "atkType": "SLASH",
          "defType": "COUNTER",
          "skillTargetType": "FRONT",
          "targetNum": 1,
          "mpUsage": 0,
          "range": 10,
          "arearange": 3,
          "skillLevelCorrection": 2,
          "defaultValue": 5,
          "canTeamKill": false,
          "canDuel": true,
          "canChangeTarget": true,
          "skillMotion": "S5",
          "viewType": "BATTLE",
          "parryingCloseType": "NEAR",
          "abilityScriptList": [
            {
              "scriptName": "GiveBuffOnBattleStart",
              "turnLimit": 1,
              "buffData": {
                "buffKeyword": "SupportProtect",
                "target": "Self",
                "buffOwner": "",
                "stack": 1,
                "turn": 0,
                "activeRound": 0
              }
            },
            {
              "scriptName": "SkillLevelAdder1021204_1_6",
              "value": 0.1
            },
            {
              "scriptName": "GiveBuffOnUse",
              "buffData": {
                "buffKeyword": "LegStrength",
                "target": "Self",
                "buffOwner": "",
                "stack": 3,
                "turn": 0,
                "activeRound": 0
              }
            }
          ],
          "coinList": [
            {
              "operatorType": "ADD",
              "scale": 4,
              "abilityScriptList": [
                {
                  "scriptName": "GiveBuffOnSucceedAttack",
                  "buffData": {
                    "buffKeyword": "Burst",
                    "target": "Target",
                    "buffOwner": "",
                    "stack": 1,
                    "turn": 0,
                    "activeRound": 0
                  }
                }
              ]
            },
            {
              "operatorType": "ADD",
              "scale": 4,
              "abilityScriptList": [
                {
                  "scriptName": "GiveBuffOnSucceedAttack",
                  "buffData": {
                    "buffKeyword": "Burst",
                    "target": "Target",
                    "buffOwner": "",
                    "stack": 1,
                    "turn": 0,
                    "activeRound": 0
                  }
                }
              ]
            }
          ]
        },
        {
          "gaksungLevel": 4,
          "abilityScriptList": [
            {
              "scriptName": "GiveBuffOnBattleStart",
              "turnLimit": 1,
              "buffData": {
                "buffKeyword": "SupportProtect",
                "target": "Self",
                "buffOwner": "",
                "stack": 1,
                "turn": 0,
                "activeRound": 0
              }
            },
            {
              "scriptName": "SkillLevelAdder1021204_1_6",
              "value": 0.1
            },
            {
              "scriptName": "GiveBuffOnUse",
              "buffData": {
                "buffKeyword": "LegStrength",
                "target": "Self",
                "buffOwner": "",
                "stack": 3,
                "turn": 0,
                "activeRound": 0
              }
            },
            {
              "scriptName": "SkillPowerAdder1OnUseIfFasterThanMTSpeedPerDiff2WithMax2"
            }
          ]
        }
      ]
    },
    {
      "id": 1021205,
      "skillType": "SKILL",
      "skillTier": 3,
      "requireIDList": [
        "CheckAwakenLevel3"
      ],
      "skillData": [
        {
          "gaksungLevel": 3,
          "attributeType": "SHAMROCK",
          "atkType": "SLASH",
          "defType": "ATTACK",
          "skillTargetType": "FRONT",
          "targetNum": 1,
          "mpUsage": 0,
          "range": 20,
          "arearange": 3,
          "skillLevelCorrection": 4,
          "defaultValue": 5,
          "canTeamKill": false,
          "canDuel": true,
          "canChangeTarget": true,
          "skillMotion": "S4",
          "viewType": "ENCOUNTER",
          "parryingCloseType": "NEAR",
          "abilityScriptList": [
            {
              "scriptName": "DmgUp1021203",
              "buffData": {
                "buffKeyword": "Burst",
                "buffOwner": "Target",
                "target": "",
                "stack": 0,
                "turn": 0,
                "activeRound": 0,
                "value": 0.01,
                "limit": 50
              }
            },
            {
              "scriptName": "CoinScaleAdder1IfFasterThanMainTargetMinDiff2"
            },
            {
              "scriptName": "CoinScaleAdderOnStartTurnViaBuffCheck",
              "buffData": {
                "buffKeyword": "Burst",
                "target": "",
                "buffOwner": "Target",
                "stack": 15,
                "turn": 0,
                "value": 1
              }
            },
            {
              "scriptName": "GiveBuffOnUse1021205",
              "value": 10,
              "buffData": {
                "buffKeyword": "Breath",
                "target": "Self",
                "buffOwner": "",
                "stack": 20,
                "turn": -1,
                "activeRound": 0,
                "limit": 4
              }
            },
            {
              "scriptName": "GiveBuffOnUse",
              "buffData": {
                "buffKeyword": "LegStrength",
                "target": "Self",
                "buffOwner": "",
                "stack": 3,
                "turn": 0,
                "activeRound": 0
              }
            },
            {
              "scriptName": "GiveBuffOnWinDuel",
              "buffData": {
                "buffKeyword": "Burst",
                "buffOwner": "",
                "target": "Target",
                "stack": 0,
                "turn": 2,
                "activeRound": 0
              }
            },
            {
              "scriptName": "UseBuffOnEndSkill",
              "buffData": {
                "buffKeyword": "EnhanceZilu",
                "stack": 10,
                "turn": 0,
                "target": "Self"
              }
            }
          ],
          "coinList": [
            {
              "operatorType": "ADD",
              "scale": 3,
              "actionIndex": 1,
              "abilityScriptList": [
                {
                  "scriptName": "GiveBuffOnSucceedAttack",
                  "buffData": {
                    "buffKeyword": "Burst",
                    "target": "Target",
                    "buffOwner": "",
                    "stack": 0,
                    "turn": 1,
                    "activeRound": 0
                  }
                },
                {
                  "scriptName": "GiveBuffOnSucceedAttack",
                  "buffData": {
                    "buffKeyword": "BurstZilu",
                    "target": "Target",
                    "buffOwner": "",
                    "stack": 3,
                    "turn": 0,
                    "activeRound": 0
                  }
                },
                {
                  "scriptName": "GiveBuffOnSucceedAttack",
                  "buffData": {
                    "buffKeyword": "BurstAgility",
                    "target": "Target",
                    "buffOwner": "",
                    "stack": 3,
                    "turn": 0,
                    "activeRound": 0
                  }
                }
              ]
            },
            {
              "operatorType": "ADD",
              "scale": 3,
              "actionIndex": 2,
              "abilityScriptList": [
                {
                  "scriptName": "GiveBuffOnSucceedAttack",
                  "buffData": {
                    "buffKeyword": "Burst",
                    "target": "Target",
                    "buffOwner": "",
                    "stack": 1,
                    "turn": 0,
                    "activeRound": 0
                  }
                }
              ]
            },
            {
              "operatorType": "ADD",
              "scale": 3,
              "actionIndex": 3,
              "cutsceneStart": true,
              "abilityScriptList": [
                {
                  "scriptName": "AttackDmgUpByRatio30IfSelfSpeedNotLessThan10"
                },
                {
                  "scriptName": "GiveBuffOnSucceedAttack",
                  "buffData": {
                    "buffKeyword": "Burst",
                    "target": "Target",
                    "buffOwner": "",
                    "stack": 3,
                    "turn": 0,
                    "activeRound": 0
                  }
                },
                {
                  "scriptName": "RerollOnSAIfSelfSpeedNotLessThan10Upto1"
                },
                {
                  "scriptName": "GiveBuffOnSAIfRerolled",
                  "buffData": {
                    "buffKeyword": "BurstZilu",
                    "target": "Target",
                    "buffOwner": "",
                    "stack": 3,
                    "turn": 0,
                    "activeRound": 0
                  }
                }
              ]
            }
          ]
        },
        {
          "gaksungLevel": 4,
          "abilityScriptList": [
            {
              "scriptName": "DmgUp1021203",
              "buffData": {
                "buffKeyword": "Burst",
                "buffOwner": "Target",
                "target": "",
                "stack": 0,
                "turn": 0,
                "activeRound": 0,
                "value": 0.01,
                "limit": 50
              }
            },
            {
              "scriptName": "CoinScaleAdder1IfFasterThanMTPerSpeedDiff2WithMax2"
            },
            {
              "scriptName": "CoinScaleAdderOnStartTurnViaBuffCheckDevideByStackWithLimit2",
              "buffData": {
                "buffKeyword": "Burst",
                "target": "",
                "buffOwner": "Target",
                "stack": 10,
                "turn": 0,
                "value": 1
              }
            },
            {
              "scriptName": "GiveBuffOnUse1021205",
              "value": 10,
              "buffData": {
                "buffKeyword": "Breath",
                "target": "Self",
                "buffOwner": "",
                "stack": 20,
                "turn": -1,
                "activeRound": 0,
                "limit": 4
              }
            },
            {
              "scriptName": "GiveBuffOnUse",
              "buffData": {
                "buffKeyword": "LegStrength",
                "target": "Self",
                "buffOwner": "",
                "stack": 3,
                "turn": 0,
                "activeRound": 0
              }
            },
            {
              "scriptName": "GiveBuffOnWinDuel",
              "buffData": {
                "buffKeyword": "Burst",
                "buffOwner": "",
                "target": "Target",
                "stack": 0,
                "turn": 2,
                "activeRound": 0
              }
            },
            {
              "scriptName": "UseBuffOnEndSkill",
              "buffData": {
                "buffKeyword": "EnhanceZilu",
                "stack": 10,
                "turn": 0,
                "target": "Self"
              }
            }
          ],
          "coinList": [
            {
              "operatorType": "ADD",
              "scale": 4,
              "actionIndex": 1,
              "abilityScriptList": [
                {
                  "scriptName": "GiveBuffOnSucceedAttack",
                  "buffData": {
                    "buffKeyword": "Burst",
                    "target": "Target",
                    "buffOwner": "",
                    "stack": 0,
                    "turn": 1,
                    "activeRound": 0
                  }
                },
                {
                  "scriptName": "GiveBuffOnSucceedAttack",
                  "buffData": {
                    "buffKeyword": "BurstZilu",
                    "target": "Target",
                    "buffOwner": "",
                    "stack": 3,
                    "turn": 0,
                    "activeRound": 0
                  }
                },
                {
                  "scriptName": "GiveBuffOnSucceedAttack",
                  "buffData": {
                    "buffKeyword": "BurstAgility",
                    "target": "Target",
                    "buffOwner": "",
                    "stack": 3,
                    "turn": 0,
                    "activeRound": 0
                  }
                }
              ]
            },
            {
              "operatorType": "ADD",
              "scale": 4,
              "actionIndex": 2,
              "abilityScriptList": [
                {
                  "scriptName": "GiveBuffOnSucceedAttack",
                  "buffData": {
                    "buffKeyword": "Burst",
                    "target": "Target",
                    "buffOwner": "",
                    "stack": 1,
                    "turn": 0,
                    "activeRound": 0
                  }
                }
              ]
            },
            {
              "operatorType": "ADD",
              "scale": 4,
              "actionIndex": 3,
              "cutsceneStart": true,
              "abilityScriptList": [
                {
                  "scriptName": "AttackDmgUpByRatio30IfSelfSpeedNotLessThan10"
                },
                {
                  "scriptName": "GiveBuffOnSucceedAttack",
                  "buffData": {
                    "buffKeyword": "Burst",
                    "target": "Target",
                    "buffOwner": "",
                    "stack": 3,
                    "turn": 0,
                    "activeRound": 0
                  }
                },
                {
                  "scriptName": "RerollOnSAIfSelfSpeedNotLessThan10Upto1"
                },
                {
                  "scriptName": "GiveBuffOnSAIfRerolled",
                  "buffData": {
                    "buffKeyword": "BurstZilu",
                    "target": "Target",
                    "buffOwner": "",
                    "stack": 3,
                    "turn": 0,
                    "activeRound": 0
                  }
                },
                {
                  "scriptName": "GiveBuffOnSAIfRerolled",
                  "buffData": {
                    "buffKeyword": "BurstAgility",
                    "target": "Target",
                    "buffOwner": "",
                    "stack": 3,
                    "turn": 0,
                    "activeRound": 0
                  }
                }
              ]
            }
          ]
        }
      ]
    },
    {
      "id": 1021206,
      "skillType": "SKILL",
      "skillTier": 1,
      "requireIDList": [],
      "skillData": [
        {
          "gaksungLevel": 1,
          "attributeType": "SHAMROCK",
          "atkType": "NONE",
          "defType": "GUARD",
          "skillTargetType": "FRONT",
          "targetNum": 1,
          "mpUsage": 0,
          "range": 999,
          "arearange": 3,
          "skillLevelCorrection": 2,
          "defaultValue": 4,
          "canTeamKill": false,
          "canDuel": true,
          "canChangeTarget": true,
          "skillMotion": "S6",
          "viewType": "ENCOUNTER",
          "parryingCloseType": "NEAR",
          "abilityScriptList": [
            {
              "scriptName": "SkillLevelAdder1021204_1_6",
              "value": 0.1
            },
            {
              "scriptName": "IgnoreBreak10212"
            },
            {
              "scriptName": "GiveBuffOnUse",
              "turnLimit": 1,
              "buffData": {
                "buffKeyword": "Protection",
                "target": "Self",
                "buffOwner": "",
                "stack": 2,
                "turn": 0,
                "activeRound": 0
              }
            },
            {
              "scriptName": "SupportiveDefense"
            }
          ],
          "coinList": [
            {
              "operatorType": "ADD",
              "grade": 2,
              "color": "GREY",
              "scale": 8,
              "abilityScriptList": [
                {
                  "scriptName": "SuperCoin"
                }
              ]
            }
          ]
        },
        {
          "gaksungLevel": 4,
          "abilityScriptList": [
            {
              "scriptName": "SkillLevelAdder1021204_1_6",
              "value": 0.1
            },
            {
              "scriptName": "IgnoreBreak10212"
            },
            {
              "scriptName": "GiveBuffOnUse",
              "turnLimit": 1,
              "buffData": {
                "buffKeyword": "Protection",
                "target": "Self",
                "buffOwner": "",
                "stack": 2,
                "turn": 0,
                "activeRound": 0
              }
            },
            {
              "scriptName": "SupportiveDefense"
            }
          ],
          "coinList": [
            {
              "operatorType": "ADD",
              "grade": 2,
              "color": "GREY",
              "scale": 10,
              "abilityScriptList": [
                {
                  "scriptName": "SuperCoin"
                }
              ]
            }
          ]
        }
      ]
    },
    {
      "id": 1021207,
      "skillType": "SKILL",
      "skillTier": 3,
      "textID": 1021205,
      "requireIDList": [
        "CheckAwakenLevel3"
      ],
      "skillData": [
        {
          "gaksungLevel": 3,
          "iconID": 1021205,
          "attributeType": "SHAMROCK",
          "atkType": "SLASH",
          "defType": "COUNTER",
          "skillTargetType": "FRONT",
          "targetNum": 1,
          "mpUsage": 0,
          "range": 20,
          "arearange" :  3,
          "skillLevelCorrection": 4,
          "defaultValue": 5,
          "canTeamKill": false,
          "canDuel": true,
          "canChangeTarget": true,
          "skillMotion": "S4",
          "viewType": "ENCOUNTER",
          "parryingCloseType": "NEAR",
          "abilityScriptList": [
            {
              "scriptName": "DmgUp1021203",
              "buffData": {
                "buffKeyword": "Burst",
                "buffOwner": "Target",
                "target": "",
                "stack": 0,
                "turn": 0,
                "activeRound": 0,
                "value": 0.01,
                "limit": 50
              }
            },
            {
              "scriptName": "CoinScaleAdder1IfFasterThanMainTargetMinDiff2"
            },
            {
              "scriptName": "CoinScaleAdderOnStartTurnViaBuffCheck",
              "buffData": {
                "buffKeyword": "Burst",
                "target": "",
                "buffOwner": "Target",
                "stack": 15,
                "turn": 0,
                "value": 1
              }
            },
            {
              "scriptName": "GiveBuffOnUse1021205",
              "value": 10,
              "buffData": {
                "buffKeyword": "Breath",
                "target": "Self",
                "buffOwner": "",
                "stack": 20,
                "turn": -1,
                "activeRound": 0,
                "limit": 4
              }
            },
            {
              "scriptName": "GiveBuffOnUse",
              "buffData": {
                "buffKeyword": "LegStrength",
                "target": "Self",
                "buffOwner": "",
                "stack": 3,
                "turn": 0,
                "activeRound": 0
              }
            },
            {
              "scriptName": "GiveBuffOnWinDuel",
              "buffData": {
                "buffKeyword": "Burst",
                "buffOwner": "",
                "target": "Target",
                "stack": 0,
                "turn": 2,
                "activeRound": 0
              }
            },
            {
              "scriptName": "UseBuffOnEndSkill",
              "buffData": {
                "buffKeyword": "EnhanceZilu",
                "stack": 10,
                "turn": 0,
                "target": "Self"
              }
            },
            {
              "scriptName": "SupportiveDefense"
            },
            {
              "scriptName": "HiddenSkill"
            }
          ],
          "coinList": [
            {
              "operatorType": "ADD",
              "scale": 3,
              "actionIndex": 1,
              "abilityScriptList": [
                {
                  "scriptName": "GiveBuffOnSucceedAttack",
                  "buffData": {
                    "buffKeyword": "Burst",
                    "target": "Target",
                    "buffOwner": "",
                    "stack": 0,
                    "turn": 1,
                    "activeRound": 0
                  }
                },
                {
                  "scriptName": "GiveBuffOnSucceedAttack",
                  "buffData": {
                    "buffKeyword": "BurstZilu",
                    "target": "Target",
                    "buffOwner": "",
                    "stack": 3,
                    "turn": 0,
                    "activeRound": 0
                  }
                },
                {
                  "scriptName": "GiveBuffOnSucceedAttack",
                  "buffData": {
                    "buffKeyword": "BurstAgility",
                    "target": "Target",
                    "buffOwner": "",
                    "stack": 3,
                    "turn": 0,
                    "activeRound": 0
                  }
                }
              ]
            },
            {
              "operatorType": "ADD",
              "scale": 3,
              "actionIndex": 2,
              "abilityScriptList": [
                {
                  "scriptName": "GiveBuffOnSucceedAttack",
                  "buffData": {
                    "buffKeyword": "Burst",
                    "target": "Target",
                    "buffOwner": "",
                    "stack": 1,
                    "turn": 0,
                    "activeRound": 0
                  }
                }
              ]
            },
            {
              "operatorType": "ADD",
              "scale": 3,
              "actionIndex": 3,
              "cutsceneStart": true,
              "abilityScriptList": [
                {
                  "scriptName": "AttackDmgUpByRatio30IfSelfSpeedNotLessThan10"
                },
                {
                  "scriptName": "GiveBuffOnSucceedAttack",
                  "buffData": {
                    "buffKeyword": "Burst",
                    "target": "Target",
                    "buffOwner": "",
                    "stack": 3,
                    "turn": 0,
                    "activeRound": 0
                  }
                },
                {
                  "scriptName": "RerollOnSAIfSelfSpeedNotLessThan10Upto1"
                },
                {
                  "scriptName": "GiveBuffOnSAIfRerolled",
                  "buffData": {
                    "buffKeyword": "BurstZilu",
                    "target": "Target",
                    "buffOwner": "",
                    "stack": 3,
                    "turn": 0,
                    "activeRound": 0
                  }
                }
              ]
            }
          ]
        },
        {
          "gaksungLevel": 4,
          "abilityScriptList": [
            {
              "scriptName": "DmgUp1021203",
              "buffData": {
                "buffKeyword": "Burst",
                "buffOwner": "Target",
                "target": "",
                "stack": 0,
                "turn": 0,
                "activeRound": 0,
                "value": 0.01,
                "limit": 50
              }
            },
            {
              "scriptName": "CoinScaleAdder1IfFasterThanMTPerSpeedDiff2WithMax2"
            },
            {
              "scriptName": "CoinScaleAdderOnStartTurnViaBuffCheckDevideByStackWithLimit2",
              "buffData": {
                "buffKeyword": "Burst",
                "target": "",
                "buffOwner": "Target",
                "stack": 10,
                "turn": 0,
                "value": 1
              }
            },
            {
              "scriptName": "GiveBuffOnUse1021205",
              "value": 10,
              "buffData": {
                "buffKeyword": "Breath",
                "target": "Self",
                "buffOwner": "",
                "stack": 20,
                "turn": -1,
                "activeRound": 0,
                "limit": 4
              }
            },
            {
              "scriptName": "GiveBuffOnUse",
              "buffData": {
                "buffKeyword": "LegStrength",
                "target": "Self",
                "buffOwner": "",
                "stack": 3,
                "turn": 0,
                "activeRound": 0
              }
            },
            {
              "scriptName": "GiveBuffOnWinDuel",
              "buffData": {
                "buffKeyword": "Burst",
                "buffOwner": "",
                "target": "Target",
                "stack": 0,
                "turn": 2,
                "activeRound": 0
              }
            },
            {
              "scriptName": "UseBuffOnEndSkill",
              "buffData": {
                "buffKeyword": "EnhanceZilu",
                "stack": 10,
                "turn": 0,
                "target": "Self"
              }
            },
            {
              "scriptName": "SupportiveDefense"
            },
            {
              "scriptName": "HiddenSkill"
            }
          ],
          "coinList": [
            {
              "operatorType": "ADD",
              "scale": 4,
              "actionIndex": 1,
              "abilityScriptList": [
                {
                  "scriptName": "GiveBuffOnSucceedAttack",
                  "buffData": {
                    "buffKeyword": "Burst",
                    "target": "Target",
                    "buffOwner": "",
                    "stack": 0,
                    "turn": 1,
                    "activeRound": 0
                  }
                },
                {
                  "scriptName": "GiveBuffOnSucceedAttack",
                  "buffData": {
                    "buffKeyword": "BurstZilu",
                    "target": "Target",
                    "buffOwner": "",
                    "stack": 3,
                    "turn": 0,
                    "activeRound": 0
                  }
                },
                {
                  "scriptName": "GiveBuffOnSucceedAttack",
                  "buffData": {
                    "buffKeyword": "BurstAgility",
                    "target": "Target",
                    "buffOwner": "",
                    "stack": 3,
                    "turn": 0,
                    "activeRound": 0
                  }
                }
              ]
            },
            {
              "operatorType": "ADD",
              "scale": 4,
              "actionIndex": 2,
              "abilityScriptList": [
                {
                  "scriptName": "GiveBuffOnSucceedAttack",
                  "buffData": {
                    "buffKeyword": "Burst",
                    "target": "Target",
                    "buffOwner": "",
                    "stack": 1,
                    "turn": 0,
                    "activeRound": 0
                  }
                }
              ]
            },
            {
              "operatorType": "ADD",
              "scale": 4,
              "actionIndex": 3,
              "cutsceneStart": true,
              "abilityScriptList": [
                {
                  "scriptName": "AttackDmgUpByRatio30IfSelfSpeedNotLessThan10"
                },
                {
                  "scriptName": "GiveBuffOnSucceedAttack",
                  "buffData": {
                    "buffKeyword": "Burst",
                    "target": "Target",
                    "buffOwner": "",
                    "stack": 3,
                    "turn": 0,
                    "activeRound": 0
                  }
                },
                {
                  "scriptName": "RerollOnSAIfSelfSpeedNotLessThan10Upto1"
                },
                {
                  "scriptName": "GiveBuffOnSAIfRerolled",
                  "buffData": {
                    "buffKeyword": "BurstZilu",
                    "target": "Target",
                    "buffOwner": "",
                    "stack": 3,
                    "turn": 0,
                    "activeRound": 0
                  }
                },
                {
                  "scriptName": "GiveBuffOnSAIfRerolled",
                  "buffData": {
                    "buffKeyword": "BurstAgility",
                    "target": "Target",
                    "buffOwner": "",
                    "stack": 3,
                    "turn": 0,
                    "activeRound": 0
                  }
                }
              ]
            }
          ]
        }
      ]
    }
  ]
}