{
  "list": [
    {
      "id": 122301,
      "skillTier": 1,
      "skillType": "SKILL",
      "skillData": [
        {
          "attributeType": "AZURE",
          "atkType": "PENETRATE",
          "defType": "ATTACK",
          "targetNum": 1,
          "skillTargetType": "RANDOM",
          "canTeamKill": false,
          "canDuel": true,
          "canChangeTarget": true,
          "skillLevelCorrection": 0,
          "defaultValue": 4,
          "skillMotion": "S1",
          "range": 8,
          "arearange":  4,
          "viewType": "BATTLE",
          "parryingCloseType": "NEAR",
          "abilityScriptList": [
            {
              "scriptName": "CoinScaleAdderOnStartTurnViaBuffCheck",
              "buffData": {
                "buffKeyword": "Sinking",
                "buffOwner": "Target",
                "stack": 4,
                "turn": 0,
                "activeRound": 0,
                "value": 1
              }
            },
            {
              "scriptName": "GiveBuffStackViaUsableCoinNumOnWinDuel",
              "buffData": {
                "buffKeyword": "ColdBlackTear",
                "target": "Target",
                "activeRound": 0
              }
            },
            {
              "scriptName": "EmptyBody"
            }
          ],
          "coinList": [
            {
              "operatorType": "ADD",
              "scale": 3,
              "abilityScriptList": [
                {
                  "scriptName": "GiveBuffOnSucceedAttack",
                  "buffData": {
                    "buffKeyword": "Sinking",
                    "target": "Target",
                    "stack": 2,
                    "turn": 0,
                    "activeRound": 0
                  }
                }
              ]
            },
            {
              "operatorType": "ADD",
              "scale": 3,
              "abilityScriptList": [
                {
                  "scriptName": "GiveBuffOnSucceedAttack",
                  "buffData": {
                    "buffKeyword": "Sinking",
                    "target": "Target",
                    "stack": 0,
                    "turn": 1,
                    "activeRound": 0
                  }
                }
              ]
            },
            {
              "operatorType": "ADD",
              "scale": 3,
              "abilityScriptList": [
                {
                  "scriptName": "GiveBuffOnSucceedAttack",
                  "buffData": {
                    "buffKeyword": "Sinking",
                    "target": "Target",
                    "stack": 2,
                    "turn": 0,
                    "activeRound": 0
                  }
                }
              ]
            }
          ]
        }
      ]
    },
    {
      "id": 122302,
      "skillTier": 1,
      "skillType": "SKILL",
      "skillData": [
        {
          "attributeType": "AZURE",
          "atkType": "PENETRATE",
          "defType": "ATTACK",
          "targetNum": 1,
          "skillTargetType": "RANDOM",
          "canTeamKill": false,
          "canDuel": true,
          "canChangeTarget": true,
          "skillLevelCorrection": 0,
          "defaultValue": 4,
          "skillMotion": "S2",
          "range": 8,
          "arearange": 4,
          "viewType": "BATTLE",
          "parryingCloseType": "NEAR",
          "abilityScriptList": [
            {
              "scriptName": "CoinScaleAdderOnStartTurnViaBuffCheck",
              "buffData": {
                "buffKeyword": "Sinking",
                "buffOwner": "Target",
                "stack": 4,
                "turn": 0,
                "activeRound": 0,
                "value": 1
              }
            },
            {
              "scriptName": "SkillPowerAdder1OnUseIfTargetMpNotLessThan20"
            },
            {
              "scriptName": "GiveBuffStackViaUsableCoinNumOnWinDuel",
              "buffData": {
                "buffKeyword": "ColdBlackTear",
                "target": "Target",
                "activeRound": 0
              }
            },
            {
              "scriptName": "EmptyBody"
            }
          ],
          "coinList": [
            {
              "operatorType": "ADD",
              "scale": 4,
              "abilityScriptList": [
                {
                  "scriptName": "GiveBuffOnSucceedAttack",
                  "buffData": {
                    "buffKeyword": "Sinking",
                    "target": "Target",
                    "stack": 2,
                    "turn": 0,
                    "activeRound": 0
                  }
                },
                {
                  "scriptName": "GiveBuffOnSucceedAttack",
                  "buffData": {
                    "buffKeyword": "Sinking",
                    "target": "Target",
                    "stack": 0,
                    "turn": 2,
                    "activeRound": 0
                  }
                }
              ]
            },
            {
              "operatorType": "ADD",
              "scale": 4,
              "abilityScriptList": [
                {
                  "scriptName": "GiveBuffOnSucceedAttack",
                  "buffData": {
                    "buffKeyword": "Sinking",
                    "target": "Target",
                    "stack": 1,
                    "turn": 0,
                    "activeRound": 0
                  }
                },
                {
                  "scriptName": "GiveBuffOnSucceedAttack",
                  "buffData": {
                    "buffKeyword": "Sinking",
                    "target": "Target",
                    "stack": 0,
                    "turn": 1,
                    "activeRound": 0
                  }
                }
              ]
            },
            {
              "operatorType": "ADD",
              "scale": 4,
              "abilityScriptList": [
                {
                  "scriptName": "GiveBuffOnSucceedAttack",
                  "buffData": {
                    "buffKeyword": "Sinking",
                    "target": "Target",
                    "stack": 1,
                    "turn": 0,
                    "activeRound": 0
                  }
                },
                {
                  "scriptName": "GiveBuffOnSucceedAttack",
                  "buffData": {
                    "buffKeyword": "Sinking",
                    "target": "Target",
                    "stack": 0,
                    "turn": 1,
                    "activeRound": 0
                  }
                }
              ]
            }
          ]
        }
      ]
    },
    {
      "id": 122303,
      "skillTier": 3,
      "skillType": "SKILL",
      "skillData": [
        {
          "attributeType": "AZURE",
          "atkType": "PENETRATE",
          "defType": "ATTACK",
          "targetNum": 1,
          "skillTargetType": "RANDOM",
          "canTeamKill": false,
          "canDuel": true,
          "canChangeTarget": true,
          "skillLevelCorrection": 0,
          "defaultValue": 4,
          "skillMotion": "S3",
          "range": 8,
          "arearange": 4,
          "viewType": "ENCOUNTER",
          "parryingCloseType": "NEAR",
          "importanceLevel": 2,
          "abilityScriptList": [
            {
              "scriptName": "SkillPowerAdderOnUseViaBuffCheckDevideByStackWithLimit2",
              "buffData": {
                "buffKeyword": "Sinking",
                "buffOwner": "Target",
                "stack": 4,
                "turn": 0,
                "activeRound": 0,
                "value": 1
              }
            },
            {
              "scriptName": "CoinScaleAdderOnStartTurnViaBuffCheck",
              "buffData": {
                "buffKeyword": "ColdBlackTear",
                "buffOwner": "Target",
                "stack": 1,
                "turn": 0,
                "activeRound": 0,
                "value": 1
              }
            },
            {
              "scriptName": "122303DmgCut",
              "value": -0.8
            },
            {
              "scriptName": "EmptyBody"
            }
          ],
          "coinList": [
            {
              "operatorType": "ADD",
              "scale": 3,
              "grade": 2,
              "color": "GREY",
              "abilityScriptList": [
                {
                  "scriptName": "SuperCoin"
                },
                {
                  "scriptName": "GiveBuffOnSucceedAttackIfUsableInDuel",
                  "buffData": {
                    "buffKeyword": "ColdBlackTear",
                    "target": "Target",
                    "stack": 1,
                    "turn": 0,
                    "activeRound": 0
                  }
                }
              ]
            },
            {
              "operatorType": "ADD",
              "scale": 3,
              "grade": 2,
              "color": "GREY",
              "abilityScriptList": [
                {
                  "scriptName": "SuperCoin"
                },
                {
                  "scriptName": "GiveBuffOnSucceedAttackIfUsableInDuel",
                  "buffData": {
                    "buffKeyword": "ColdBlackTear",
                    "target": "Target",
                    "stack": 1,
                    "turn": 0,
                    "activeRound": 0
                  }
                }
              ]
            },
            {
              "operatorType": "ADD",
              "scale": 3,
              "grade": 2,
              "color": "GREY",
              "abilityScriptList": [
                {
                  "scriptName": "SuperCoin"
                },
                {
                  "scriptName": "GiveBuffOnSucceedAttackIfUsableInDuel",
                  "buffData": {
                    "buffKeyword": "ColdBlackTear",
                    "target": "Target",
                    "stack": 1,
                    "turn": 0,
                    "activeRound": 0
                  }
                }
              ]
            },
            {
              "operatorType": "ADD",
              "scale": 3,
              "grade": 2,
              "color": "GREY",
              "abilityScriptList": [
                {
                  "scriptName": "SuperCoin"
                },
                {
                  "scriptName": "GiveBuffOnSucceedAttackIfUsableInDuel",
                  "buffData": {
                    "buffKeyword": "ColdBlackTear",
                    "target": "Target",
                    "stack": 1,
                    "turn": 0,
                    "activeRound": 0
                  }
                }
              ]
            },
            {
              "operatorType": "ADD",
              "scale": 3,
              "grade": 2,
              "color": "GREY",
              "abilityScriptList": [
                {
                  "scriptName": "SuperCoin"
                },
                {
                  "scriptName": "GiveBuffOnSucceedAttackIfUsableInDuel",
                  "buffData": {
                    "buffKeyword": "ColdBlackTear",
                    "target": "Target",
                    "stack": 1,
                    "turn": 0,
                    "activeRound": 0
                  }
                }
              ]
            }
          ]
        }
      ]
    },
    {
      "id": 122304,
      "skillTier": 2,
      "skillType": "SKILL",
      "skillData": [
        {
          "attributeType": "AZURE",
          "atkType": "PENETRATE",
          "defType": "ATTACK",
          "targetNum": 1,
          "skillTargetType": "RANDOM",
          "canTeamKill": false,
          "canDuel": true,
          "canChangeTarget": true,
          "skillLevelCorrection": 0,
          "defaultValue": 5,
          "skillMotion": "S4",
          "range": 8,
          "arearange": 4,
          "viewType": "ENCOUNTER",
          "parryingCloseType": "NEAR",
          "importanceLevel": 1,
          "abilityScriptList": [
            {
              "scriptName": "GiveBuffOnUse",
              "buffData": {
                "buffKeyword": "ColdBlackTear",
                "target": "Target",
                "stack": 1,
                "turn": 0,
                "activeRound": 0
              }
            },
            {
              "scriptName": "EmptyBody"
            }
          ],
          "coinList": [
            {
              "operatorType": "ADD",
              "scale": 11,
              "abilityScriptList": [
                {
                  "scriptName": "GiveBuffOnSucceedAttackIfHasStack_ColdBlackTear3",
                  "buffData": {
                    "buffKeyword": "Vulnerable",
                    "buffOwner": "Target",
                    "target": "Target",
                    "stack": 1,
                    "turn": 0,
                    "activeRound": 0
                  }
                }
              ]
            }
          ]
        }
      ]
    },
    {
      "id": 122305,
      "skillTier": 3,
      "skillType": "SKILL",
      "skillData": [
        {
          "attributeType": "AZURE",
          "atkType": "PENETRATE",
          "defType": "ATTACK",
          "targetNum": 10,
          "skillTargetType": "RANDOM",
          "canTeamKill": false,
          "canDuel": true,
          "canChangeTarget": true,
          "skillLevelCorrection": 0,
          "defaultValue": 6,
          "range": 8,
          "arearange": 4,
          "skillMotion": "S5",
          "viewType": "ENCOUNTER",
          "parryingCloseType": "NEAR",
          "importanceLevel": 3,
          "abilityScriptList": [
            {
              "scriptName": "AttackHighestStackTarget_ColdBlackTear"
            },
            {
              "scriptName": "CoinScaleAdderOnStartTurnViaBuffCheck",
              "buffData": {
                "buffKeyword": "ColdBlackTear",
                "buffOwner": "Target",
                "stack": 5,
                "turn": 0,
                "activeRound": 0,
                "value": 5
              }
            },
            {
              "scriptName": "EmptyBody"
            }
          ],
          "coinList": [
            {
              "operatorType": "ADD",
              "scale": 10,
              "grade": 2,
              "color": "GREY",
              "abilityScriptList": [
                {
                  "scriptName": "SuperCoin"
                },
                {
                  "scriptName": "GiveAdditionalDmgViaEachTargetBuffStackAndMaxHpRatioOnSuccessAttackUsableCoin",
                  "buffData": {
                    "buffKeyword": "ColdBlackTear",
                    "value": 0.06
                  }
                },
                {
                  "scriptName": "UseBuffAllStackOnSucceedttIfUsableInDuel",
                  "buffData": {
                    "buffKeyword": "ColdBlackTear",
                    "target": "Target"
                  }
                }
              ]
            }
          ]
        }
      ]
    },
    {
      "id": 122306,
      "skillTier": 3,
      "skillType": "SKILL",
      "skillData": [
        {
          "attributeType": "AZURE",
          "atkType": "PENETRATE",
          "defType": "COUNTER",
          "targetNum": 10,
          "skillTargetType": "RANDOM",
          "canTeamKill": false,
          "canDuel": false,
          "canChangeTarget": false,
          "skillLevelCorrection": 0,
          "defaultValue": 4,
          "skillMotion": "S6",
          "range": 8,
          "arearange": 4,
          "viewType": "ENCOUNTER",
          "parryingCloseType": "NEAR",
          "importanceLevel": 3,
          "abilityScriptList": [
            {
              "scriptName": "122306Info"
            },
            {
              "scriptName": "EmptyBody"
            }
          ],
          "coinList": [
            {
              "operatorType": "ADD",
              "scale": 4,
              "grade": 2,
              "color": "GREY",
              "abilityScriptList": [
                {
                  "scriptName": "SuperCoin"
                },
                {
                  "scriptName": "GiveBuffOnSucceedAttack",
                  "buffData": {
                    "buffKeyword": "ColdBlackTear",
                    "target": "Target",
                    "stack": 2,
                    "turn": 0,
                    "activeRound": 0
                  }
                }
              ]
            },
            {
              "operatorType": "ADD",
              "scale": 4,
              "grade": 2,
              "color": "GREY",
              "abilityScriptList": [
                {
                  "scriptName": "SuperCoin"
                },
                {
                  "scriptName": "GiveBuffOnSucceedAttack",
                  "buffData": {
                    "buffKeyword": "ColdBlackTear",
                    "target": "Target",
                    "stack": 1,
                    "turn": 0,
                    "activeRound": 0
                  }
                }
              ]
            },
            {
              "operatorType": "ADD",
              "scale": 4,
              "grade": 2,
              "color": "GREY",
              "abilityScriptList": [
                {
                  "scriptName": "SuperCoin"
                },
                {
                  "scriptName": "GiveBuffOnSucceedAttack",
                  "buffData": {
                    "buffKeyword": "ColdBlackTear",
                    "target": "Target",
                    "stack": 1,
                    "turn": 0,
                    "activeRound": 0
                  }
                }
              ]
            },
            {
              "operatorType": "ADD",
              "scale": 4,
              "grade": 2,
              "color": "GREY",
              "abilityScriptList": [
                {
                  "scriptName": "SuperCoin"
                },
                {
                  "scriptName": "GiveBuffOnSucceedAttack",
                  "buffData": {
                    "buffKeyword": "ColdBlackTear",
                    "target": "Target",
                    "stack": 1,
                    "turn": 0,
                    "activeRound": 0
                  }
                }
              ]
            },
            {
              "operatorType": "ADD",
              "scale": 4,
              "grade": 2,
              "color": "GREY",
              "abilityScriptList": [
                {
                  "scriptName": "SuperCoin"
                },
                {
                  "scriptName": "GiveAdditionalDmgViaEachTargetBuffStackAndMaxHpRatioOnSuccessAttack",
                  "buffData": {
                    "buffKeyword": "ColdBlackTear",
                    "value": 0.06
                  }
                },
                {
                  "scriptName": "UseBuffAllStackOnSucceedAttack",
                  "buffData": {
                    "buffKeyword": "ColdBlackTear",
                    "target": "Target"
                  }
                }
              ]
            }
          ]
        }
      ]
    },
    {
      "id": 122401,
      "skillTier": 1,
      "skillType": "SKILL",
      "skillData": [
        {
          "attributeType": "AZURE",
          "atkType": "SLASH",
          "defType": "ATTACK",
          "targetNum": 1,
          "skillTargetType": "RANDOM",
          "canTeamKill": false,
          "canDuel": true,
          "canChangeTarget": true,
          "skillLevelCorrection": 1,
          "defaultValue": 3,
          "skillMotion": "S1",
          "viewType": "BATTLE",
          "range": 8,
          "arearange": 4,
          "parryingCloseType": "NEAR",
          "abilityScriptList": [
            {
              "scriptName": "ParryingPowerResultAdderOnStartTurnSelfViaBuffCheckDevideByStack",
              "buffData": {
                "buffKeyword": "Sinking",
                "buffOwner": "Target",
                "stack": 4,
                "turn": 0,
                "activeRound": 0,
                "value": 1,
                "limit": 2
              }
            },
            {
              "scriptName": "SkillPowerAdder1OnUseIfTargetMpNotLessThan10"
            },
            {
              "scriptName": "CoinScaleAdder1OnUseIfTargetMpNotLessThan20"
            },
            {
              "scriptName": "EmptyBody"
            }
          ],
          "coinList": [
            {
              "operatorType": "ADD",
              "scale": 4,
              "abilityScriptList": [
                {
                  "scriptName": "GiveBuffOnSucceedAttack",
                  "buffData": {
                    "buffKeyword": "Sinking",
                    "target": "Target",
                    "stack": 2,
                    "turn": 0,
                    "activeRound": 0
                  }
                }
              ]
            },
            {
              "operatorType": "ADD",
              "scale": 4,
              "abilityScriptList": [
                {
                  "scriptName": "GiveBuffOnSucceedAttack",
                  "buffData": {
                    "buffKeyword": "Sinking",
                    "target": "Target",
                    "stack": 2,
                    "turn": 0,
                    "activeRound": 0
                  }
                }
              ]
            }
          ]
        }
      ]
    },
    {
      "id": 122402,
      "skillTier": 2,
      "skillType": "SKILL",
      "skillData": [
        {
          "attributeType": "AZURE",
          "atkType": "PENETRATE",
          "defType": "ATTACK",
          "targetNum": 1,
          "skillTargetType": "RANDOM",
          "canTeamKill": false,
          "canDuel": true,
          "canChangeTarget": true,
          "skillLevelCorrection": 1,
          "defaultValue": 4,
          "skillMotion": "S2",
          "viewType": "BATTLE",
          "range": 8,
          "arearange": 4,
          "parryingCloseType": "NEAR",
          "abilityScriptList": [
            {
              "scriptName": "ParryingPowerResultAdderOnStartTurnSelfViaBuffCheckDevideByStack",
              "buffData": {
                "buffKeyword": "Sinking",
                "buffOwner": "Target",
                "stack": 4,
                "turn": 0,
                "activeRound": 0,
                "value": 1,
                "limit": 2
              }
            },
            {
              "scriptName": "SkillPowerAdder1OnUseIfTargetMpNotLessThan10"
            },
            {
              "scriptName": "CoinScaleAdder1OnUseIfTargetMpNotLessThan20"
            },
            {
              "scriptName": "EmptyBody"
            }
          ],
          "coinList": [
            {
              "operatorType": "ADD",
              "scale": 4,
              "abilityScriptList": [
                {
                  "scriptName": "GiveBuffOnSucceedAttack",
                  "buffData": {
                    "buffKeyword": "Sinking",
                    "target": "Target",
                    "stack": 1,
                    "turn": 0,
                    "activeRound": 0
                  }
                }
              ]
            },
            {
              "operatorType": "ADD",
              "scale": 4,
              "abilityScriptList": [
                {
                  "scriptName": "GiveBuffOnSucceedAttack",
                  "buffData": {
                    "buffKeyword": "Sinking",
                    "target": "Target",
                    "stack": 1,
                    "turn": 0,
                    "activeRound": 0
                  }
                },
                {
                  "scriptName": "GiveBuffOnSucceedAttack",
                  "buffData": {
                    "buffKeyword": "Sinking",
                    "target": "Target",
                    "stack": 0,
                    "turn": 1,
                    "activeRound": 0
                  }
                }
              ]
            }
          ]
        }
      ]
    },
    {
      "id": 122403,
      "skillTier": 2,
      "skillType": "SKILL",
      "skillData": [
        {
          "attributeType": "AZURE",
          "atkType": "HIT",
          "defType": "ATTACK",
          "targetNum": 1,
          "skillTargetType": "RANDOM",
          "canTeamKill": false,
          "canDuel": true,
          "canChangeTarget": true,
          "skillLevelCorrection": 1,
          "defaultValue": 5,
          "skillMotion": "S3",
          "viewType": "BATTLE",
          "range": 8,
          "arearange": 4,
          "parryingCloseType": "NEAR",
          "abilityScriptList": [
            {
              "scriptName": "ParryingPowerResultAdderOnStartTurnSelfViaBuffCheckDevideByStack",
              "buffData": {
                "buffKeyword": "Sinking",
                "buffOwner": "Target",
                "stack": 4,
                "turn": 0,
                "activeRound": 0,
                "value": 1,
                "limit": 2
              }
            },
            {
              "scriptName": "SkillPowerAdder1OnUseIfTargetMpNotLessThan10"
            },
            {
              "scriptName": "CoinScaleAdder1OnUseIfTargetMpNotLessThan20"
            },
            {
              "scriptName": "EmptyBody"
            }
          ],
          "coinList": [
            {
              "operatorType": "ADD",
              "scale": 5,
              "abilityScriptList": [
                {
                  "scriptName": "GiveBuffOnSucceedAttack",
                  "buffData": {
                    "buffKeyword": "Sinking",
                    "target": "Target",
                    "stack": 1,
                    "turn": 0,
                    "activeRound": 0
                  }
                },
                {
                  "scriptName": "GiveBuffOnSucceedAttack",
                  "buffData": {
                    "buffKeyword": "Sinking",
                    "target": "Target",
                    "stack": 0,
                    "turn": 1,
                    "activeRound": 0
                  }
                }
              ]
            },
            {
              "operatorType": "ADD",
              "scale": 5,
              "abilityScriptList": [
                {
                  "scriptName": "GiveBuffOnSucceedAttack",
                  "buffData": {
                    "buffKeyword": "Sinking",
                    "target": "Target",
                    "stack": 1,
                    "turn": 0,
                    "activeRound": 0
                  }
                },
                {
                  "scriptName": "GiveBuffOnSucceedAttack",
                  "buffData": {
                    "buffKeyword": "Sinking",
                    "target": "Target",
                    "stack": 0,
                    "turn": 1,
                    "activeRound": 0
                  }
                }
              ]
            }
          ]
        }
      ]
    },
    {
      "id": 122404,
      "skillTier": 3,
      "skillType": "SKILL",
      "skillData": [
        {
          "attributeType": "AZURE",
          "atkType": "SLASH",
          "defType": "ATTACK",
          "targetNum": 1,
          "skillTargetType": "RANDOM",
          "canTeamKill": false,
          "canDuel": true,
          "canChangeTarget": true,
          "skillLevelCorrection": 1,
          "defaultValue": 5,
          "skillMotion": "S4",
          "viewType": "BATTLE",
          "range": 8,
          "arearange": 4,
          "parryingCloseType": "NEAR",
          "importanceLevel": 1,
          "abilityScriptList": [
            {
              "scriptName": "CoinScaleAdderViaBuffCheckDevideByStackWithLimit10",
              "buffData": {
                "buffKeyword": "Sinking",
                "buffOwner": "Target",
                "stack": 6,
                "turn": 0,
                "activeRound": 0,
                "value": 5
              }
            },
            {
              "scriptName": "SkillPowerResultAdderOnUseViaBuffDevide",
              "buffData": {
                "buffKeyword": "ColdBlackTear",
                "buffOwner": "Target",
                "stack": 1,
                "turn": 0,
                "activeRound": 0,
                "value": 1,
                "limit": 1
              }
            },
            {
              "scriptName": "EmptyBody"
            }
          ],
          "coinList": [
            {
              "operatorType": "ADD",
              "scale": 10,
              "abilityScriptList": [
                {
                  "scriptName": "122404CoinBuffCheckToGiveAnotherBuff",
                  "value": 6,
                  "buffData": {
                    "buffKeyword": "DefenseDown",
                    "target": "Target",
                    "stack": 1,
                    "turn": 0,
                    "activeRound": 1,
                    "value": 10
                  }
                }
              ]
            }
          ]
        }
      ]
    },
    {
      "id": 122405,
      "skillTier": 3,
      "skillType": "SKILL",
      "skillData": [
        {
          "attributeType": "AZURE",
          "atkType": "PENETRATE",
          "defType": "ATTACK",
          "targetNum": 1,
          "skillTargetType": "RANDOM",
          "canTeamKill": false,
          "canDuel": true,
          "canChangeTarget": true,
          "skillLevelCorrection": 1,
          "defaultValue": 8,
          "skillMotion": "S5",
          "viewType": "BATTLE",
          "range": 8,
          "arearange": 4,
          "parryingCloseType": "NEAR",
          "importanceLevel": 2,
          "abilityScriptList": [
            {
              "scriptName": "CoinScaleAdderViaBuffCheckDevideByStackWithLimit6",
              "buffData": {
                "buffKeyword": "Sinking",
                "buffOwner": "Target",
                "stack": 6,
                "turn": 0,
                "activeRound": 0,
                "value": 3
              }
            },
            {
              "scriptName": "SkillPowerAdderOnUseViaBuffCheckDevideByStackWithLimit3",
              "buffData": {
                "buffKeyword": "ColdBlackTear",
                "buffOwner": "Target",
                "stack": 1,
                "turn": 0,
                "activeRound": 0,
                "value": 1
              }
            },
            {
              "scriptName": "EmptyBody"
            }
          ],
          "coinList": [
            {
              "operatorType": "ADD",
              "scale": 8,
              "grade": 2,
              "color": "GREY",
              "abilityScriptList": [
                {
                  "scriptName": "SuperCoin"
                },
                {
                  "scriptName": "122405AdditionalDmg",
                  "value": 30
                }
              ]
            }
          ]
        }
      ]
    },
    {
      "id": 122501,
      "skillTier": 1,
      "skillType": "SKILL",
      "skillData": [
        {
          "attributeType": "AZURE",
          "atkType": "HIT",
          "defType": "ATTACK",
          "targetNum": 1,
          "skillTargetType": "RANDOM",
          "canTeamKill": false,
          "canDuel": true,
          "canChangeTarget": true,
          "skillLevelCorrection": 1,
          "defaultValue": 4,
          "skillMotion": "S1",
          "viewType": "BATTLE",
          "range": 8,
          "arearange": 4,
          "parryingCloseType": "NEAR",
          "abilityScriptList": [
            {
              "scriptName": "ParryingPowerResultAdderOnStartTurnSelfViaBuffCheckDevideByStack",
              "buffData": {
                "buffKeyword": "Sinking",
                "buffOwner": "Target",
                "stack": 4,
                "turn": 0,
                "activeRound": 0,
                "value": 1,
                "limit": 2
              }
            },
            {
              "scriptName": "SkillPowerAdder1OnUseIfTargetMpNotLessThan10"
            },
            {
              "scriptName": "CoinScaleAdder1OnUseIfTargetMpNotLessThan20"
            },
            {
              "scriptName": "EmptyBody"
            }
          ],
          "coinList": [
            {
              "operatorType": "ADD",
              "scale": 4,
              "abilityScriptList": [
                {
                  "scriptName": "GiveBuffOnSucceedAttack",
                  "buffData": {
                    "buffKeyword": "Sinking",
                    "target": "Target",
                    "stack": 2,
                    "turn": 0,
                    "activeRound": 0
                  }
                }
              ]
            },
            {
              "operatorType": "ADD",
              "scale": 4,
              "abilityScriptList": [
                {
                  "scriptName": "GiveBuffOnSucceedAttack",
                  "buffData": {
                    "buffKeyword": "Sinking",
                    "target": "Target",
                    "stack": 2,
                    "turn": 0,
                    "activeRound": 0
                  }
                }
              ]
            }
          ]
        }
      ]
    },
    {
      "id": 122502,
      "skillTier": 2,
      "skillType": "SKILL",
      "skillData": [
        {
          "attributeType": "AZURE",
          "atkType": "HIT",
          "defType": "ATTACK",
          "targetNum": 1,
          "skillTargetType": "RANDOM",
          "canTeamKill": false,
          "canDuel": true,
          "canChangeTarget": true,
          "skillLevelCorrection": 1,
          "defaultValue": 4,
          "skillMotion": "S2",
          "viewType": "BATTLE",
          "range": 8,
          "arearange": 4,
          "parryingCloseType": "NEAR",
          "abilityScriptList": [
            {
              "scriptName": "ParryingPowerResultAdderOnStartTurnSelfViaBuffCheckDevideByStack",
              "buffData": {
                "buffKeyword": "Sinking",
                "buffOwner": "Target",
                "stack": 4,
                "turn": 0,
                "activeRound": 0,
                "value": 1,
                "limit": 2
              }
            },
            {
              "scriptName": "SkillPowerAdder1OnUseIfTargetMpNotLessThan10"
            },
            {
              "scriptName": "CoinScaleAdder1OnUseIfTargetMpNotLessThan20"
            },
            {
              "scriptName": "EmptyBody"
            }
          ],
          "coinList": [
            {
              "operatorType": "ADD",
              "scale": 5,
              "abilityScriptList": [
                {
                  "scriptName": "GiveBuffOnSucceedAttack",
                  "buffData": {
                    "buffKeyword": "Sinking",
                    "target": "Target",
                    "stack": 1,
                    "turn": 0,
                    "activeRound": 0
                  }
                }
              ]
            },
            {
              "operatorType": "ADD",
              "scale": 5,
              "abilityScriptList": [
                {
                  "scriptName": "GiveBuffOnSucceedAttack",
                  "buffData": {
                    "buffKeyword": "Sinking",
                    "target": "Target",
                    "stack": 1,
                    "turn": 0,
                    "activeRound": 0
                  }
                },
                {
                  "scriptName": "GiveBuffOnSucceedAttack",
                  "buffData": {
                    "buffKeyword": "Sinking",
                    "target": "Target",
                    "stack": 0,
                    "turn": 1,
                    "activeRound": 0
                  }
                }
              ]
            }
          ]
        }
      ]
    },
    {
      "id": 122503,
      "skillTier": 2,
      "skillType": "SKILL",
      "skillData": [
        {
          "attributeType": "AZURE",
          "atkType": "HIT",
          "defType": "ATTACK",
          "targetNum": 1,
          "skillTargetType": "RANDOM",
          "canTeamKill": false,
          "canDuel": true,
          "canChangeTarget": true,
          "skillLevelCorrection": 1,
          "defaultValue": 5,
          "skillMotion": "S3",
          "viewType": "BATTLE",
          "range": 8,
          "arearange": 4,
          "parryingCloseType": "NEAR",
          "abilityScriptList": [
            {
              "scriptName": "ParryingPowerResultAdderOnStartTurnSelfViaBuffCheckDevideByStack",
              "buffData": {
                "buffKeyword": "Sinking",
                "buffOwner": "Target",
                "stack": 4,
                "turn": 0,
                "activeRound": 0,
                "value": 1,
                "limit": 2
              }
            },
            {
              "scriptName": "SkillPowerAdder1OnUseIfTargetMpNotLessThan10"
            },
            {
              "scriptName": "CoinScaleAdder1OnUseIfTargetMpNotLessThan20"
            },
            {
              "scriptName": "EmptyBody"
            }
          ],
          "coinList": [
            {
              "operatorType": "ADD",
              "scale": 5,
              "abilityScriptList": [
                {
                  "scriptName": "GiveBuffOnSucceedAttack",
                  "buffData": {
                    "buffKeyword": "Sinking",
                    "target": "Target",
                    "stack": 1,
                    "turn": 0,
                    "activeRound": 0
                  }
                },
                {
                  "scriptName": "GiveBuffOnSucceedAttack",
                  "buffData": {
                    "buffKeyword": "Sinking",
                    "target": "Target",
                    "stack": 0,
                    "turn": 1,
                    "activeRound": 0
                  }
                }
              ]
            },
            {
              "operatorType": "ADD",
              "scale": 5,
              "abilityScriptList": [
                {
                  "scriptName": "GiveBuffOnSucceedAttack",
                  "buffData": {
                    "buffKeyword": "Sinking",
                    "target": "Target",
                    "stack": 1,
                    "turn": 0,
                    "activeRound": 0
                  }
                },
                {
                  "scriptName": "GiveBuffOnSucceedAttack",
                  "buffData": {
                    "buffKeyword": "Sinking",
                    "target": "Target",
                    "stack": 0,
                    "turn": 1,
                    "activeRound": 0
                  }
                }
              ]
            }
          ]
        }
      ]
    },
    {
      "id": 122504,
      "skillTier": 3,
      "skillType": "SKILL",
      "skillData": [
        {
          "attributeType": "AZURE",
          "atkType": "HIT",
          "defType": "ATTACK",
          "targetNum": 1,
          "skillTargetType": "RANDOM",
          "canTeamKill": false,
          "canDuel": true,
          "canChangeTarget": true,
          "skillLevelCorrection": 1,
          "defaultValue": 5,
          "skillMotion": "S4",
          "viewType": "BATTLE",
          "range": 8,
          "arearange": 4,
          "parryingCloseType": "NEAR",
          "importanceLevel": 1,
          "abilityScriptList": [
            {
              "scriptName": "CoinScaleAdderViaBuffCheckDevideByStackWithLimit10",
              "buffData": {
                "buffKeyword": "Sinking",
                "buffOwner": "Target",
                "stack": 6,
                "turn": 0,
                "activeRound": 0,
                "value": 5
              }
            },
            {
              "scriptName": "SkillPowerResultAdderOnUseViaBuffDevide",
              "buffData": {
                "buffKeyword": "ColdBlackTear",
                "buffOwner": "Target",
                "stack": 1,
                "turn": 0,
                "activeRound": 0,
                "value": 1,
                "limit": 1
              }
            },
            {
              "scriptName": "EmptyBody"
            }
          ],
          "coinList": [
            {
              "operatorType": "ADD",
              "scale": 10,
              "abilityScriptList": [
                {
                  "scriptName": "122404CoinBuffCheckToGiveAnotherBuff",
                  "value": 6,
                  "buffData": {
                    "buffKeyword": "DefenseDown",
                    "target": "Target",
                    "stack": 1,
                    "turn": 0,
                    "activeRound": 1,
                    "value": 10
                  }
                }
              ]
            }
          ]
        }
      ]
    },
    {
      "id": 122505,
      "skillTier": 3,
      "skillType": "SKILL",
      "skillData": [
        {
          "attributeType": "AZURE",
          "atkType": "HIT",
          "defType": "ATTACK",
          "targetNum": 1,
          "skillTargetType": "RANDOM",
          "canTeamKill": false,
          "canDuel": true,
          "canChangeTarget": true,
          "skillLevelCorrection": 1,
          "defaultValue": 8,
          "skillMotion": "S5",
          "viewType": "ENCOUNTER",
          "range": 8,
          "arearange": 4,
          "parryingCloseType": "NEAR",
          "importanceLevel": 2,
          "abilityScriptList": [
            {
              "scriptName": "CoinScaleAdderViaBuffCheckDevideByStackWithLimit6",
              "buffData": {
                "buffKeyword": "Sinking",
                "buffOwner": "Target",
                "stack": 6,
                "turn": 0,
                "activeRound": 0,
                "value": 3
              }
            },
            {
              "scriptName": "SkillPowerAdderOnUseViaBuffCheckDevideByStackWithLimit3",
              "buffData": {
                "buffKeyword": "ColdBlackTear",
                "buffOwner": "Target",
                "stack": 1,
                "turn": 0,
                "activeRound": 0,
                "value": 1
              }
            },
            {
              "scriptName": "EmptyBody"
            }
          ],
          "coinList": [
            {
              "operatorType": "ADD",
              "scale": 8,
              "grade": 2,
              "color": "GREY",
              "abilityScriptList": [
                {
                  "scriptName": "SuperCoin"
                },
                {
                  "scriptName": "122405AdditionalDmg",
                  "value": 30
                }
              ]
            }
          ]
        }
      ]
    },
    {
      "id": 122601,
      "skillTier": 1,
      "skillType": "SKILL",
      "skillData": [
        {
          "attributeType": "AZURE",
          "atkType": "SLASH",
          "defType": "ATTACK",
          "targetNum": 1,
          "skillTargetType": "RANDOM",
          "canTeamKill": false,
          "canDuel": true,
          "canChangeTarget": true,
          "skillLevelCorrection": 1,
          "defaultValue": 4,
          "skillMotion": "S1",
          "viewType": "BATTLE",
          "range": 8,
          "arearange": 4,
          "parryingCloseType": "NEAR",
          "abilityScriptList": [
            {
              "scriptName": "ParryingPowerResultAdderOnStartTurnSelfViaBuffCheckDevideByStack",
              "buffData": {
                "buffKeyword": "Sinking",
                "buffOwner": "Target",
                "stack": 4,
                "turn": 0,
                "activeRound": 0,
                "value": 1,
                "limit": 2
              }
            },
            {
              "scriptName": "SkillPowerAdder1OnUseIfTargetMpNotLessThan10"
            },
            {
              "scriptName": "CoinScaleAdder1OnUseIfTargetMpNotLessThan20"
            },
            {
              "scriptName": "EmptyBody"
            }
          ],
          "coinList": [
            {
              "operatorType": "ADD",
              "scale": 4,
              "abilityScriptList": [
                {
                  "scriptName": "GiveBuffOnSucceedAttack",
                  "buffData": {
                    "buffKeyword": "Sinking",
                    "target": "Target",
                    "stack": 2,
                    "turn": 0,
                    "activeRound": 0
                  }
                }
              ]
            },
            {
              "operatorType": "ADD",
              "scale": 4,
              "abilityScriptList": [
                {
                  "scriptName": "GiveBuffOnSucceedAttack",
                  "buffData": {
                    "buffKeyword": "Sinking",
                    "target": "Target",
                    "stack": 2,
                    "turn": 0,
                    "activeRound": 0
                  }
                }
              ]
            }
          ]
        }
      ]
    },
    {
      "id": 122602,
      "skillTier": 2,
      "skillType": "SKILL",
      "skillData": [
        {
          "attributeType": "AZURE",
          "atkType": "SLASH",
          "defType": "ATTACK",
          "targetNum": 1,
          "skillTargetType": "RANDOM",
          "canTeamKill": false,
          "canDuel": true,
          "canChangeTarget": true,
          "skillLevelCorrection": 1,
          "defaultValue": 4,
          "skillMotion": "S2",
          "viewType": "BATTLE",
          "range": 8,
          "arearange": 4,
          "parryingCloseType": "NEAR",
          "abilityScriptList": [
            {
              "scriptName": "ParryingPowerResultAdderOnStartTurnSelfViaBuffCheckDevideByStack",
              "buffData": {
                "buffKeyword": "Sinking",
                "buffOwner": "Target",
                "stack": 4,
                "turn": 0,
                "activeRound": 0,
                "value": 1,
                "limit": 2
              }
            },
            {
              "scriptName": "SkillPowerAdder1OnUseIfTargetMpNotLessThan10"
            },
            {
              "scriptName": "CoinScaleAdder1OnUseIfTargetMpNotLessThan20"
            },
            {
              "scriptName": "EmptyBody"
            }
          ],
          "coinList": [
            {
              "operatorType": "ADD",
              "scale": 5,
              "abilityScriptList": [
                {
                  "scriptName": "GiveBuffOnSucceedAttack",
                  "buffData": {
                    "buffKeyword": "Sinking",
                    "target": "Target",
                    "stack": 1,
                    "turn": 0,
                    "activeRound": 0
                  }
                }
              ]
            },
            {
              "operatorType": "ADD",
              "scale": 5,
              "abilityScriptList": [
                {
                  "scriptName": "GiveBuffOnSucceedAttack",
                  "buffData": {
                    "buffKeyword": "Sinking",
                    "target": "Target",
                    "stack": 1,
                    "turn": 0,
                    "activeRound": 0
                  }
                },
                {
                  "scriptName": "GiveBuffOnSucceedAttack",
                  "buffData": {
                    "buffKeyword": "Sinking",
                    "target": "Target",
                    "stack": 0,
                    "turn": 1,
                    "activeRound": 0
                  }
                }
              ]
            }
          ]
        }
      ]
    },
    {
      "id": 122603,
      "skillTier": 2,
      "skillType": "SKILL",
      "skillData": [
        {
          "attributeType": "AZURE",
          "atkType": "SLASH",
          "defType": "ATTACK",
          "targetNum": 1,
          "skillTargetType": "RANDOM",
          "canTeamKill": false,
          "canDuel": true,
          "canChangeTarget": true,
          "skillLevelCorrection": 1,
          "defaultValue": 5,
          "skillMotion": "S3",
          "viewType": "BATTLE",
          "range": 8,
          "arearange": 4,
          "parryingCloseType": "NEAR",
          "abilityScriptList": [
            {
              "scriptName": "ParryingPowerResultAdderOnStartTurnSelfViaBuffCheckDevideByStack",
              "buffData": {
                "buffKeyword": "Sinking",
                "buffOwner": "Target",
                "stack": 4,
                "turn": 0,
                "activeRound": 0,
                "value": 1,
                "limit": 2
              }
            },
            {
              "scriptName": "SkillPowerAdder1OnUseIfTargetMpNotLessThan10"
            },
            {
              "scriptName": "CoinScaleAdder1OnUseIfTargetMpNotLessThan20"
            },
            {
              "scriptName": "EmptyBody"
            }
          ],
          "coinList": [
            {
              "operatorType": "ADD",
              "scale": 5,
              "abilityScriptList": [
                {
                  "scriptName": "GiveBuffOnSucceedAttack",
                  "buffData": {
                    "buffKeyword": "Sinking",
                    "target": "Target",
                    "stack": 1,
                    "turn": 0,
                    "activeRound": 0
                  }
                },
                {
                  "scriptName": "GiveBuffOnSucceedAttack",
                  "buffData": {
                    "buffKeyword": "Sinking",
                    "target": "Target",
                    "stack": 0,
                    "turn": 1,
                    "activeRound": 0
                  }
                }
              ]
            },
            {
              "operatorType": "ADD",
              "scale": 5,
              "abilityScriptList": [
                {
                  "scriptName": "GiveBuffOnSucceedAttack",
                  "buffData": {
                    "buffKeyword": "Sinking",
                    "target": "Target",
                    "stack": 1,
                    "turn": 0,
                    "activeRound": 0
                  }
                },
                {
                  "scriptName": "GiveBuffOnSucceedAttack",
                  "buffData": {
                    "buffKeyword": "Sinking",
                    "target": "Target",
                    "stack": 0,
                    "turn": 1,
                    "activeRound": 0
                  }
                }
              ]
            }
          ]
        }
      ]
    },
    {
      "id": 122604,
      "skillTier": 3,
      "skillType": "SKILL",
      "skillData": [
        {
          "attributeType": "AZURE",
          "atkType": "SLASH",
          "defType": "ATTACK",
          "targetNum": 1,
          "skillTargetType": "RANDOM",
          "canTeamKill": false,
          "canDuel": true,
          "canChangeTarget": true,
          "skillLevelCorrection": 1,
          "defaultValue": 5,
          "skillMotion": "S4",
          "viewType": "BATTLE",
          "range": 8,
          "arearange": 4,
          "parryingCloseType": "NEAR",
          "importanceLevel": 1,
          "abilityScriptList": [
            {
              "scriptName": "CoinScaleAdderViaBuffCheckDevideByStackWithLimit10",
              "buffData": {
                "buffKeyword": "Sinking",
                "buffOwner": "Target",
                "stack": 6,
                "turn": 0,
                "activeRound": 0,
                "value": 5
              }
            },
            {
              "scriptName": "SkillPowerResultAdderOnUseViaBuffDevide",
              "buffData": {
                "buffKeyword": "ColdBlackTear",
                "buffOwner": "Target",
                "stack": 1,
                "turn": 0,
                "activeRound": 0,
                "value": 1,
                "limit": 1
              }
            },
            {
              "scriptName": "EmptyBody"
            }
          ],
          "coinList": [
            {
              "operatorType": "ADD",
              "scale": 10,
              "abilityScriptList": [
                {
                  "scriptName": "122404CoinBuffCheckToGiveAnotherBuff",
                  "value": 6,
                  "buffData": {
                    "buffKeyword": "DefenseDown",
                    "target": "Target",
                    "stack": 1,
                    "turn": 0,
                    "activeRound": 1,
                    "value": 10
                  }
                }
              ]
            }
          ]
        }
      ]
    },
    {
      "id": 122605,
      "skillTier": 3,
      "skillType": "SKILL",
      "skillData": [
        {
          "attributeType": "AZURE",
          "atkType": "SLASH",
          "defType": "ATTACK",
          "targetNum": 1,
          "skillTargetType": "RANDOM",
          "canTeamKill": false,
          "canDuel": true,
          "canChangeTarget": true,
          "skillLevelCorrection": 1,
          "defaultValue": 8,
          "skillMotion": "S5",
          "viewType": "ENCOUNTER",
          "range": 8,
          "arearange": 4,
          "parryingCloseType": "NEAR",
          "importanceLevel": 2,
          "abilityScriptList": [
            {
              "scriptName": "CoinScaleAdderViaBuffCheckDevideByStackWithLimit6",
              "buffData": {
                "buffKeyword": "Sinking",
                "buffOwner": "Target",
                "stack": 6,
                "turn": 0,
                "activeRound": 0,
                "value": 3
              }
            },
            {
              "scriptName": "SkillPowerAdderOnUseViaBuffCheckDevideByStackWithLimit3",
              "buffData": {
                "buffKeyword": "ColdBlackTear",
                "buffOwner": "Target",
                "stack": 1,
                "turn": 0,
                "activeRound": 0,
                "value": 1
              }
            },
            {
              "scriptName": "EmptyBody"
            }
          ],
          "coinList": [
            {
              "operatorType": "ADD",
              "scale": 8,
              "grade": 2,
              "color": "GREY",
              "abilityScriptList": [
                {
                  "scriptName": "SuperCoin"
                },
                {
                  "scriptName": "122405AdditionalDmg",
                  "value": 30
                }
              ]
            }
          ]
        }
      ]
    },
    {
      "id": 122701,
      "skillTier": 1,
      "skillType": "SKILL",
      "skillData": [
        {
          "attributeType": "AZURE",
          "atkType": "PENETRATE",
          "defType": "ATTACK",
          "targetNum": 1,
          "skillTargetType": "RANDOM",
          "canTeamKill": false,
          "canDuel": true,
          "canChangeTarget": true,
          "skillLevelCorrection": 1,
          "defaultValue": 4,
          "skillMotion": "S1",
          "viewType": "BATTLE",
          "range": 8,
          "arearange": 4,
          "parryingCloseType": "NEAR",
          "abilityScriptList": [
            {
              "scriptName": "ParryingPowerResultAdderOnStartTurnSelfViaBuffCheckDevideByStack",
              "buffData": {
                "buffKeyword": "Sinking",
                "buffOwner": "Target",
                "stack": 4,
                "turn": 0,
                "activeRound": 0,
                "value": 1,
                "limit": 2
              }
            },
            {
              "scriptName": "SkillPowerAdder1OnUseIfTargetMpNotLessThan10"
            },
            {
              "scriptName": "CoinScaleAdder1OnUseIfTargetMpNotLessThan20"
            },
            {
              "scriptName": "EmptyBody"
            }
          ],
          "coinList": [
            {
              "operatorType": "ADD",
              "scale": 4,
              "abilityScriptList": [
                {
                  "scriptName": "GiveBuffOnSucceedAttack",
                  "buffData": {
                    "buffKeyword": "Sinking",
                    "target": "Target",
                    "stack": 2,
                    "turn": 0,
                    "activeRound": 0
                  }
                }
              ]
            },
            {
              "operatorType": "ADD",
              "scale": 4,
              "abilityScriptList": [
                {
                  "scriptName": "GiveBuffOnSucceedAttack",
                  "buffData": {
                    "buffKeyword": "Sinking",
                    "target": "Target",
                    "stack": 2,
                    "turn": 0,
                    "activeRound": 0
                  }
                }
              ]
            }
          ]
        }
      ]
    },
    {
      "id": 122702,
      "skillTier": 2,
      "skillType": "SKILL",
      "skillData": [
        {
          "attributeType": "AZURE",
          "atkType": "PENETRATE",
          "defType": "ATTACK",
          "targetNum": 1,
          "skillTargetType": "RANDOM",
          "canTeamKill": false,
          "canDuel": true,
          "canChangeTarget": true,
          "skillLevelCorrection": 1,
          "defaultValue": 4,
          "skillMotion": "S2",
          "viewType": "BATTLE",
          "range": 8,
          "arearange": 4,
          "parryingCloseType": "NEAR",
          "abilityScriptList": [
            {
              "scriptName": "ParryingPowerResultAdderOnStartTurnSelfViaBuffCheckDevideByStack",
              "buffData": {
                "buffKeyword": "Sinking",
                "buffOwner": "Target",
                "stack": 4,
                "turn": 0,
                "activeRound": 0,
                "value": 1,
                "limit": 2
              }
            },
            {
              "scriptName": "SkillPowerAdder1OnUseIfTargetMpNotLessThan10"
            },
            {
              "scriptName": "CoinScaleAdder1OnUseIfTargetMpNotLessThan20"
            },
            {
              "scriptName": "EmptyBody"
            }
          ],
          "coinList": [
            {
              "operatorType": "ADD",
              "scale": 5,
              "abilityScriptList": [
                {
                  "scriptName": "GiveBuffOnSucceedAttack",
                  "buffData": {
                    "buffKeyword": "Sinking",
                    "target": "Target",
                    "stack": 1,
                    "turn": 0,
                    "activeRound": 0
                  }
                }
              ]
            },
            {
              "operatorType": "ADD",
              "scale": 5,
              "abilityScriptList": [
                {
                  "scriptName": "GiveBuffOnSucceedAttack",
                  "buffData": {
                    "buffKeyword": "Sinking",
                    "target": "Target",
                    "stack": 1,
                    "turn": 0,
                    "activeRound": 0
                  }
                },
                {
                  "scriptName": "GiveBuffOnSucceedAttack",
                  "buffData": {
                    "buffKeyword": "Sinking",
                    "target": "Target",
                    "stack": 0,
                    "turn": 1,
                    "activeRound": 0
                  }
                }
              ]
            }
          ]
        }
      ]
    },
    {
      "id": 122703,
      "skillTier": 2,
      "skillType": "SKILL",
      "skillData": [
        {
          "attributeType": "AZURE",
          "atkType": "PENETRATE",
          "defType": "ATTACK",
          "targetNum": 1,
          "skillTargetType": "RANDOM",
          "canTeamKill": false,
          "canDuel": true,
          "canChangeTarget": true,
          "skillLevelCorrection": 1,
          "defaultValue": 5,
          "skillMotion": "S3",
          "viewType": "BATTLE",
          "range": 8,
          "arearange": 4,
          "parryingCloseType": "NEAR",
          "abilityScriptList": [
            {
              "scriptName": "ParryingPowerResultAdderOnStartTurnSelfViaBuffCheckDevideByStack",
              "buffData": {
                "buffKeyword": "Sinking",
                "buffOwner": "Target",
                "stack": 4,
                "turn": 0,
                "activeRound": 0,
                "value": 1,
                "limit": 2
              }
            },
            {
              "scriptName": "SkillPowerAdder1OnUseIfTargetMpNotLessThan10"
            },
            {
              "scriptName": "CoinScaleAdder1OnUseIfTargetMpNotLessThan20"
            },
            {
              "scriptName": "EmptyBody"
            }
          ],
          "coinList": [
            {
              "operatorType": "ADD",
              "scale": 5,
              "abilityScriptList": [
                {
                  "scriptName": "GiveBuffOnSucceedAttack",
                  "buffData": {
                    "buffKeyword": "Sinking",
                    "target": "Target",
                    "stack": 1,
                    "turn": 0,
                    "activeRound": 0
                  }
                },
                {
                  "scriptName": "GiveBuffOnSucceedAttack",
                  "buffData": {
                    "buffKeyword": "Sinking",
                    "target": "Target",
                    "stack": 0,
                    "turn": 1,
                    "activeRound": 0
                  }
                }
              ]
            },
            {
              "operatorType": "ADD",
              "scale": 5,
              "abilityScriptList": [
                {
                  "scriptName": "GiveBuffOnSucceedAttack",
                  "buffData": {
                    "buffKeyword": "Sinking",
                    "target": "Target",
                    "stack": 1,
                    "turn": 0,
                    "activeRound": 0
                  }
                },
                {
                  "scriptName": "GiveBuffOnSucceedAttack",
                  "buffData": {
                    "buffKeyword": "Sinking",
                    "target": "Target",
                    "stack": 0,
                    "turn": 1,
                    "activeRound": 0
                  }
                }
              ]
            }
          ]
        }
      ]
    },
    {
      "id": 122704,
      "skillTier": 3,
      "skillType": "SKILL",
      "skillData": [
        {
          "attributeType": "AZURE",
          "atkType": "PENETRATE",
          "defType": "ATTACK",
          "targetNum": 1,
          "skillTargetType": "RANDOM",
          "canTeamKill": false,
          "canDuel": true,
          "canChangeTarget": true,
          "skillLevelCorrection": 1,
          "defaultValue": 5,
          "skillMotion": "S4",
          "viewType": "BATTLE",
          "range": 8,
          "arearange": 4,
          "parryingCloseType": "NEAR",
          "importanceLevel": 1,
          "abilityScriptList": [
            {
              "scriptName": "CoinScaleAdderViaBuffCheckDevideByStackWithLimit10",
              "buffData": {
                "buffKeyword": "Sinking",
                "buffOwner": "Target",
                "stack": 6,
                "turn": 0,
                "activeRound": 0,
                "value": 5
              }
            },
            {
              "scriptName": "SkillPowerResultAdderOnUseViaBuffDevide",
              "buffData": {
                "buffKeyword": "ColdBlackTear",
                "buffOwner": "Target",
                "stack": 1,
                "turn": 0,
                "activeRound": 0,
                "value": 1,
                "limit": 1
              }
            },
            {
              "scriptName": "EmptyBody"
            }
          ],
          "coinList": [
            {
              "operatorType": "ADD",
              "scale": 10,
              "abilityScriptList": [
                {
                  "scriptName": "122404CoinBuffCheckToGiveAnotherBuff",
                  "value": 6,
                  "buffData": {
                    "buffKeyword": "DefenseDown",
                    "target": "Target",
                    "stack": 1,
                    "turn": 0,
                    "activeRound": 1,
                    "value": 10
                  }
                }
              ]
            }
          ]
        }
      ]
    },
    {
      "id": 122705,
      "skillTier": 3,
      "skillType": "SKILL",
      "skillData": [
        {
          "attributeType": "AZURE",
          "atkType": "PENETRATE",
          "defType": "ATTACK",
          "targetNum": 1,
          "skillTargetType": "RANDOM",
          "canTeamKill": false,
          "canDuel": true,
          "canChangeTarget": true,
          "skillLevelCorrection": 1,
          "defaultValue": 8,
          "skillMotion": "S5",
          "viewType": "ENCOUNTER",
          "range": 8,
          "arearange": 4,
          "parryingCloseType": "NEAR",
          "importanceLevel": 2,
          "abilityScriptList": [
            {
              "scriptName": "CoinScaleAdderViaBuffCheckDevideByStackWithLimit6",
              "buffData": {
                "buffKeyword": "Sinking",
                "buffOwner": "Target",
                "stack": 6,
                "turn": 0,
                "activeRound": 0,
                "value": 3
              }
            },
            {
              "scriptName": "SkillPowerAdderOnUseViaBuffCheckDevideByStackWithLimit3",
              "buffData": {
                "buffKeyword": "ColdBlackTear",
                "buffOwner": "Target",
                "stack": 1,
                "turn": 0,
                "activeRound": 0,
                "value": 1
              }
            },
            {
              "scriptName": "EmptyBody"
            }
          ],
          "coinList": [
            {
              "operatorType": "ADD",
              "scale": 8,
              "grade": 2,
              "color": "GREY",
              "abilityScriptList": [
                {
                  "scriptName": "SuperCoin"
                },
                {
                  "scriptName": "122405AdditionalDmg",
                  "value": 30
                }
              ]
            }
          ]
        }
      ]
    }
  ]
}