{
  "list": [
    {
      "id": 108001,
      "skillTier": 1,
      "skillData": [
        {
          "skillTargetType": "RANDOM",
          "canTeamKill": false,
          "canDuel": true,
          "canChangeTarget": true,
          "attributeType": "AMBER",
          "atkType": "HIT",
          "defType": "ATTACK",
          "skillMotion": "S1",
          "viewType": "BATTLE",
          "parryingCloseType": "NEAR",
          "targetNum": 1,
          "defaultValue": 4,
          "skillLevelCorrection": 0,
          "abilityScriptList": [
            {
              "scriptName": "SkillPowerAdderOnUseViaBuffCheck",
              "buffData": {
                "buffKeyword": "Vibration",
                "target": "",
                "buffOwner": "Target",
                "stack": 5,
                "turn": 0,
                "activeRound": 0,
                "value": 1
              }
            },
            {
              "scriptName": "EmptyBody"
            }
          ],
          "coinList": [
            {
              "operatorType": "ADD",
              "scale": 3,
              "abilityScriptList": [
                {
                  "scriptName": "GiveBuffOnSucceedAttack",
                  "buffData": {
                    "buffKeyword": "Vibration",
                    "target": "Target",
                    "buffOwner": "",
                    "stack": 8,
                    "turn": 0,
                    "activeRound": 0
                  }
                }
              ]
            },
            {
              "operatorType": "ADD",
              "scale": 3,
              "abilityScriptList": [
                {
                  "scriptName": "GiveBuffOnSucceedAttack",
                  "buffData": {
                    "buffKeyword": "Vibration",
                    "target": "Target",
                    "buffOwner": "",
                    "stack": 0,
                    "turn": 3,
                    "activeRound": 0
                  }
                }
              ]
            }
          ]
        }
      ]
    },
    {
      "id": 108002,
      "skillTier": 1,
      "skillData": [
        {
          "skillTargetType": "RANDOM",
          "canTeamKill": false,
          "canDuel": true,
          "canChangeTarget": true,
          "attributeType": "AMBER",
          "atkType": "HIT",
          "defType": "ATTACK",
          "skillMotion": "S2",
          "viewType": "BATTLE",
          "parryingCloseType": "NEAR",
          "targetNum": 1,
          "defaultValue": 5,
          "skillLevelCorrection": 0,
          "abilityScriptList": [
            {
              "scriptName": "SkillPowerAdderOnWinDuelAndBuffCheck",
              "buffData": {
                "buffKeyword": "Vibration",
                "target": "",
                "buffOwner": "Target",
                "stack": 1,
                "turn": 0,
                "activeRound": 0,
                "value": 2
              }
            },
            {
              "scriptName": "EmptyBody"
            }
          ],
          "coinList": [
            {
              "operatorType": "ADD",
              "scale": 8,
              "abilityScriptList": [
                {
                  "scriptName": "GiveBuffOnSucceedAttack",
                  "buffData": {
                    "buffKeyword": "Vibration",
                    "target": "Target",
                    "buffOwner": "",
                    "stack": 8,
                    "turn": 0,
                    "activeRound": 0
                  }
                },
                {
                  "scriptName": "VibrationExplosionOnSucceedAttackThenLoseTargetVibrationTurn1"
                }
              ]
            }
          ]
        }
      ]
    },
    {
      "id": 108003,
      "skillTier": 1,
      "skillData": [
        {
          "skillTargetType": "RANDOM",
          "canTeamKill": false,
          "canDuel": true,
          "canChangeTarget": true,
          "attributeType": "AMBER",
          "atkType": "HIT",
          "defType": "ATTACK",
          "skillMotion": "S2",
          "viewType": "BATTLE",
          "parryingCloseType": "NEAR",
          "targetNum": 1,
          "defaultValue": 8,
          "skillLevelCorrection": 0,
          "abilityScriptList": [
            {
              "scriptName": "CoinScaleAdderOnStartTurnViaBuffCheckDevideByStackWithLimit3",
              "buffData": {
                "buffKeyword": "Vibration",
                "target": "",
                "buffOwner": "Target",
                "stack": 3,
                "turn": 0,
                "activeRound": 0,
                "value": 1
              }
            },
            {
              "scriptName": "TargetNumAdderOnWinDuelViaBuffStackDivideMax2",
              "buffData": {
                "buffKeyword": "Vibration",
                "target": "",
                "buffOwner": "Target",
                "stack": 5,
                "turn": 0,
                "activeRound": 0,
                "value": 1
              }
            },
            {
              "scriptName": "EmptyBody"
            }
          ],
          "coinList": [
            {
              "operatorType": "ADD",
              "scale": 10,
              "abilityScriptList": [
                {
                  "scriptName": "SwitchVibrationOnSucceedAttack",
                  "buffData": {
                    "buffKeyword": "VibrationEcho",
                    "target": "",
                    "buffOwner": "Target"
                  }
                },
                {
                  "scriptName": "VibrationAmberSinMonster1",
                  "value": 2
                },
                {
                  "scriptName": "GiveBuffOnSucceedAttack",
                  "buffData": {
                    "buffKeyword": "Vibration",
                    "target": "Target",
                    "buffOwner": "",
                    "stack": 0,
                    "turn": 4,
                    "activeRound": 0
                  }
                }
              ]
            }
          ]
        }
      ]
    },
    {
      "id": 108004,
      "skillTier": 1,
      "skillData": [
        {
          "skillTargetType": "RANDOM",
          "canTeamKill": false,
          "canDuel": false,
          "canChangeTarget": true,
          "attributeType": "AMBER",
          "atkType": "NONE",
          "defType": "GUARD",
          "skillMotion": "S3",
          "viewType": "ENCOUNTER",
          "parryingCloseType": "NEAR",
          "targetNum": 1,
          "defaultValue": 10,
          "skillLevelCorrection": 0,
          "abilityScriptList": [
            {
              "scriptName": "GiveBuffOnUse",
              "buffData": {
                "buffKeyword": "Protection",
                "target": "Self",
                "stack": 3,
                "turn": 0,
                "activeRound": 0
              }
            },
            {
              "scriptName": "EmptyBody"
            }
          ],
          "coinList": [
            {
              "operatorType": "ADD",
              "scale": 15,
              "abilityScriptList": [
                
              ]
            }
          ]
        }
      ]
    },
    {
      "id": 108101,
      "skillTier": 1,
      "skillData": [
        {
          "skillTargetType": "RANDOM",
          "canTeamKill": false,
          "canDuel": true,
          "canChangeTarget": true,
          "attributeType": "AZURE",
          "atkType": "PENETRATE",
          "defType": "ATTACK",
          "skillMotion": "S1",
          "viewType": "BATTLE",
          "parryingCloseType": "NEAR",
          "targetNum": 1,
          "defaultValue": 5,
          "skillLevelCorrection": 0,
          "abilityScriptList": [
            {
              "scriptName": "CoinScaleAdderViaBuffCheck",
              "buffData": {
                "buffKeyword": "Sinking",
                "target": "",
                "buffOwner": "Target",
                "stack": 5,
                "turn": 0,
                "activeRound": 0,
                "value": 1
              }
            },
            {
              "scriptName": "EmptyBody"
            }
          ],
          "coinList": [
            {
              "operatorType": "ADD",
              "grade": 2,
              "color": "GREY",
              "scale": 6,
              "abilityScriptList": [
                {
                  "scriptName": "SuperCoin"
                },
                {
                  "scriptName": "GiveBuffOnSucceedAttack",
                  "buffData": {
                    "buffKeyword": "Sinking",
                    "target": "Target",
                    "buffOwner": "",
                    "stack": 2,
                    "turn": 2,
                    "activeRound": 0
                  }
                }
              ]
            }
          ]
        }
      ]
    },
    {
      "id": 108102,
      "skillTier": 1,
      "skillData": [
        {
          "skillTargetType": "RANDOM",
          "canTeamKill": false,
          "canDuel": true,
          "canChangeTarget": true,
          "attributeType": "AZURE",
          "atkType": "PENETRATE",
          "defType": "ATTACK",
          "skillMotion": "S2",
          "viewType": "BATTLE",
          "parryingCloseType": "NEAR",
          "targetNum": 1,
          "defaultValue": 4,
          "skillLevelCorrection": 0,
          "abilityScriptList": [
            {
              "scriptName": "SkillPowerAdderOnUseViaBuffCheck",
              "buffData": {
                "buffKeyword": "Sinking",
                "target": "",
                "buffOwner": "Target",
                "stack": 1,
                "turn": 0,
                "activeRound": 0,
                "value": 2
              }
            },
            {
              "scriptName": "EmptyBody"
            }
          ],
          "coinList": [
            {
              "operatorType": "ADD",
              "scale": 8,
              "abilityScriptList": [
                {
                  "scriptName": "GiveBuffOnSucceedAttack",
                  "buffData": {
                    "buffKeyword": "Sinking",
                    "target": "Target",
                    "buffOwner": "",
                    "stack": 8,
                    "turn": 2,
                    "activeRound": 0
                  }
                },
                {
                  "scriptName": "GiveBuffOnSucceedAttack",
                  "buffData": {
                    "buffKeyword": "Sinking",
                    "target": "RandomEnemy2",
                    "buffOwner": "",
                    "stack": 4,
                    "turn": 2,
                    "activeRound": 0
                  }
                }
              ]
            }
          ]
        }
      ]
    },
    {
      "id": 108103,
      "skillTier": 1,
      "skillData": [
        {
          "skillTargetType": "RANDOM",
          "canTeamKill": false,
          "canDuel": true,
          "canChangeTarget": true,
          "attributeType": "AZURE",
          "atkType": "PENETRATE",
          "defType": "ATTACK",
          "skillMotion": "S2",
          "viewType": "BATTLE",
          "parryingCloseType": "NEAR",
          "targetNum": 1,
          "defaultValue": 6,
          "skillLevelCorrection": 0,
          "abilityScriptList": [
            {
              "scriptName": "CoinScaleAdderOnStartTurnViaBuffCheckDevideByStackWithLimit3",
              "buffData": {
                "buffKeyword": "Sinking",
                "target": "",
                "buffOwner": "Target",
                "stack": 3,
                "turn": 0,
                "activeRound": 0,
                "value": 1
              }
            },
            {
              "scriptName": "TargetNumAdderOnWinDuelViaBuffStackDivideMax2",
              "buffData": {
                "buffKeyword": "Sinking",
                "target": "",
                "buffOwner": "Target",
                "stack": 5,
                "turn": 0,
                "activeRound": 0,
                "value": 1
              }
            },
            {
              "scriptName": "EmptyBody"
            }
          ],
          "coinList": [
            {
              "operatorType": "ADD",
              "scale": 6,
              "abilityScriptList": [
                {
                  "scriptName": "GiveBuffOnSucceedAttack",
                  "buffData": {
                    "buffKeyword": "Sinking",
                    "target": "Target",
                    "buffOwner": "",
                    "stack": 5,
                    "turn": 4,
                    "activeRound": 0
                  }
                },
                {
                  "scriptName": "NextCoinScaleAdderViaBuffCheckDevideByStack",
                  "value": 3,
                  "buffData": {
                    "buffKeyword": "Sinking",
                    "target": "Target",
                    "buffOwner": "",
                    "stack": 3,
                    "turn": 0,
                    "activeRound": 0
                  }
                }
              ]
            },
            {
              "operatorType": "ADD",
              "grade": 2,
              "color": "GREY",
              "scale": 6,
              "abilityScriptList": [
                {
                  "scriptName": "SuperCoin"
                },
                {
                  "scriptName": "SinkingSurgeOnSucceedAttackNotDestroyedCoin"
                }
              ]
            }
          ]
        }
      ]
    },
    {
      "id": 108104,
      "skillTier": 1,
      "skillData": [
        {
          "skillTargetType": "RANDOM",
          "canTeamKill": false,
          "canDuel": false,
          "canChangeTarget": true,
          "attributeType": "AZURE",
          "atkType": "NONE",
          "defType": "EVADE",
          "skillMotion": "S3",
          "viewType": "ENCOUNTER",
          "parryingCloseType": "NEAR",
          "targetNum": 1,
          "defaultValue": 3,
          "skillLevelCorrection": 0,
          "abilityScriptList": [
            {
              "scriptName": "GiveMpDmgOnSucceedEvadeTarget5"
            },
            {
              "scriptName": "EmptyBody"
            }
          ],
          "coinList": [
            {
              "operatorType": "ADD",
              "scale": 12,
              "abilityScriptList": [

              ]
            }
          ]
        }
      ]
    },
    
    {
      "id": 108201,
      "skillTier": 1,
      "skillData": [
        {
          "skillTargetType": "RANDOM",
          "canTeamKill": false,
          "canDuel": true,
          "canChangeTarget": true,
          "attributeType": "SCARLET",
          "atkType": "HIT",
          "defType": "ATTACK",
          "skillMotion": "S1",
          "range" : 7,
          "arearange" : 3,
          "viewType": "BATTLE",
          "parryingCloseType": "NEAR",
          "targetNum": 1,
          "defaultValue": 6,
          "skillLevelCorrection": 0,
          "abilityScriptList": [
            {
              "scriptName": "SkillPowerResultAdderViaOnUseBuffCheckDevideByStackWithLimit3",
              "buffData": {
                "buffKeyword": "Breath",
                "stack": 5,
                "turn": 0,
                "buffOwner": "Self",
                "value": 1
              }
            },
            {
              "scriptName": "EmptyBody"
            }
          ],
          "coinList": [
            {
              "operatorType": "ADD",
              "scale": 3,
              "abilityScriptList": [
                {
                  "scriptName": "GiveBuffOnSucceedAttack",
                  "buffData": {
                    "buffKeyword": "Vibration",
                    "target": "Target",
                    "stack": 2,
                    "turn": 0,
                    "activeRound": 0
                  }
                },
                {
                  "scriptName": "GiveBuffOnSuccessCriticalAttack",
                  "buffData": {
                    "buffKeyword": "Vibration",
                    "target": "Target",
                    "stack": 3,
                    "turn": 2,
                    "activeRound": 0
                  }
                }
              ]
            }
          ]
        }
      ]
    },
    {
      "id": 108202,
      "skillTier": 1,
      "skillData": [
        {
          "skillTargetType": "RANDOM",
          "canTeamKill": false,
          "canDuel": true,
          "canChangeTarget": true,
          "attributeType": "SHAMROCK",
          "atkType": "PENETRATE",
          "defType": "ATTACK",
          "skillMotion": "S2",
          "range" : 7,
          "arearange" : 3,
          "viewType": "BATTLE",
          "parryingCloseType": "NEAR",
          "targetNum": 1,
          "defaultValue": 6,
          "skillLevelCorrection": 1,
          "abilityScriptList": [
            {
              "scriptName": "SkillPowerResultAdderViaOnUseBuffCheckDevideByStackWithLimit5",
              "buffData": {
                "buffKeyword": "Breath",
                "stack": 3,
                "turn": 0,
                "buffOwner": "Self",
                "value": 1
              }
            },
            {
              "scriptName": "EmptyBody"
            }
          ],
          "coinList": [
            {
              "operatorType": "ADD",
              "scale": 3,
              "abilityScriptList": [
                {
                  "scriptName": "GiveBuffOnSucceedAttack",
                  "buffData": {
                    "buffKeyword": "Vibration",
                    "target": "Target",
                    "buffOwner": "",
                    "stack": 3,
                    "turn": 0,
                    "activeRound": 0
                  }
                },
                {
                  "scriptName": "GiveBuffOnSucceedAttackAfterWinDuel",
                  "buffData": {
                    "buffKeyword": "Vibration",
                    "target": "Target",
                    "buffOwner": "",
                    "stack": 0,
                    "turn": 3,
                    "activeRound": 0
                  }
                },
                {
                  "scriptName": "VibrationExplosionOSCAThenLoseVibrationTurn1"
                }
              ]
            }
          ]
        }
      ]
    },
    {
      "id": 108203,
      "skillTier": 1,
      "skillData": [
        {
          "skillTargetType": "RANDOM",
          "canTeamKill": false,
          "canDuel": true,
          "canChangeTarget": true,
          "attributeType": "AMBER",
          "atkType": "PENETRATE",
          "defType": "ATTACK",
          "skillMotion": "S3",
          "range" : 7,
          "arearange" : 3,
          "viewType": "BATTLE",
          "parryingCloseType": "NEAR",
          "targetNum": 3,
          "defaultValue": 3,
          "skillLevelCorrection": 1,
          "abilityScriptList": [
            {
              "scriptName": "10820201",
              "buffData": {
                "buffKeyword": "Breath",
                "buffOwner": "Self",
                "stack": 3,
                "turn": 0,
                "value": 2,
                "limit": 4
              }
            },
            {
              "scriptName": "EmptyBody"
            }
          ],
          "coinList": [
            {
              "operatorType": "ADD",
              "grade": 2,
              "color": "GREY",
              "scale": 8,
              "abilityScriptList": [
                {
                  "scriptName": "SuperCoin"
                },
                {
                  "scriptName": "10820202"
                },
                {
                  "scriptName": "GiveBuffOnSucceedAttackAfterWinDuel",
                  "buffData": {
                    "buffKeyword": "Vibration",
                    "target": "Target",
                    "buffOwner": "",
                    "stack": 5,
                    "turn": 3,
                    "activeRound": 0
                  }
                },
                {
                  "scriptName": "10820203"
                }
              ]
            }
          ]
        }
      ]
    },
    {
      "id": 108204,
      "skillTier": 1,
      "skillData": [
        {
          "skillTargetType": "RANDOM",
          "canTeamKill": false,
          "canDuel": true,
          "canChangeTarget": true,
          "attributeType": "INDIGO",
          "atkType": "PENETRATE",
          "defType": "ATTACK",
          "skillMotion": "S4",
          "range" : 7,
          "arearange" : 6,
          "viewType": "ENCOUNTER",
          "parryingCloseType": "NEAR",
          "targetNum": 6,
          "defaultValue": 2,
          "skillLevelCorrection": 2,
          "abilityScriptList": [
            {
              "scriptName": "10820401"
            },
            {
              "scriptName": "EmptyBody"
            },
            {
              "scriptName": "10820402"
            }
          ],
          "coinList": [
            {
              "operatorType": "ADD",
              "grade": 2,
              "color": "GREY",
              "scale": 2,
              "abilityScriptList": [
                {
                  "scriptName": "SuperCoin"
                },
                {
                  "scriptName": "10820401"
                },
                {
                  "scriptName": "10820402"
                },
                {
                  "scriptName": "VibrationExplosionOSCAThenLoseVibrationTurn3"
                }
              ]
            }
          ]
        }
      ]
    },
    {
      "id": 108205,
      "skillTier": 1,
      "skillData": [
        {
          "skillTargetType": "RANDOM",
          "canTeamKill": false,
          "canDuel": false,
          "canChangeTarget": true,
          "attributeType": "AZURE",
          "atkType": "NONE",
          "defType": "GUARD",
          "skillMotion": "Default",
          "viewType": "BATTLE",
          "parryingCloseType": "NEAR",
          "targetNum": 1,
          "defaultValue": 4,
          "skillLevelCorrection": 0,
          "abilityScriptList": [
            {
              "scriptName": "SkillPowerResultAdderViaOnUseBuffCheckDevideByStackWithLimit5",
              "buffData": {
                "buffKeyword": "Breath",
                "stack": 3,
                "turn": 0,
                "buffOwner": "Self",
                "value": 1
              }
            },
            {
              "scriptName": "10820501",
              "buffData": {
                "buffKeyword": "Breath",
                "target": "Self",
                "stack": 4,
                "turn": 0,
                "activeRound": 0
              }
            },
            {
              "scriptName": "EmptyBody"
            }
          ],
          "coinList": [
            {
              "operatorType": "ADD",
              "scale": 4,
              "abilityScriptList": [

              ]
            }
          ]
        }
      ]
    }
  ]
}