{
  "list": [
    {
      "id": 107801,
      "textID": 811301,
      "skillTier": 1,
      "skillData": [
        {
          "iconID": 811301,
          "skillTargetType": "RANDOM",
          "canTeamKill": false,
          "canDuel": true,
          "canChangeTarget": true,
          "attributeType": "SHAMROCK",
          "atkType": "HIT",
          "defType": "ATTACK",
          "skillMotion": "S1",
          "viewType": "BATTLE",
          "parryingCloseType": "NEAR",
          "targetNum": 1,
          "defaultValue": 5,
          "skillLevelCorrection": 5,
          "abilityScriptList": [
            {
              "scriptName": "GiveBuffOnUse",
              "buffData": {
                "buffKeyword": "Charge",
                "target": "AbnormalitySelf",
                "buffOwner": "",
                "stack": 0,
                "turn": 2,
                "activeRound": 0
              }
            },
            {
              "scriptName": "EmptyBody"
            }
          ],
          "coinList": [
            {
              "operatorType": "ADD",
              "scale": 3,
              "abilityScriptList": [
                {
                  "scriptName": "GiveBuffOnSucceedAttack",
                  "buffData": {
                    "buffKeyword": "Binding",
                    "target": "Target",
                    "buffOwner": "",
                    "stack": 3,
                    "turn": 0,
                    "activeRound": 1
                  }
                },
                {
                  "scriptName": "GiveBuffOnSucceedAttack",
                  "buffData": {
                    "buffKeyword": "Breath",
                    "target": "IfAbnormalityAllPartsOrSelf",
                    "buffOwner": "",
                    "stack": 2,
                    "turn": 0,
                    "activeRound": 0
                  }
                }
              ]
            }
          ]
        }
      ]
    },
    {
      "id": 107802,
      "textID": 811302,
      "skillTier": 1,
      "skillData": [
        {
          "iconID": 811302,
          "skillTargetType": "RANDOM",
          "canTeamKill": false,
          "canDuel": true,
          "canChangeTarget": true,
          "attributeType": "SHAMROCK",
          "atkType": "HIT",
          "defType": "ATTACK",
          "skillMotion": "S2",
          "viewType": "BATTLE",
          "parryingCloseType": "NEAR",
          "targetNum": 1,
          "defaultValue": 4,
          "skillLevelCorrection": 5,
          "abilityScriptList": [
            {
              "scriptName": "GiveBuffOnUse",
              "buffData": {
                "buffKeyword": "Charge",
                "target": "AbnormalitySelf",
                "buffOwner": "",
                "stack": 0,
                "turn": 2,
                "activeRound": 0
              }
            },
            {
              "scriptName": "EmptyBody"
            }
          ],
          "coinList": [
            {
              "operatorType": "ADD",
              "scale": 4,
              "abilityScriptList": [
                {
                  "scriptName": "GiveBuffOnSucceedAttack",
                  "buffData": {
                    "buffKeyword": "Breath",
                    "target": "IfAbnormalityAllPartsOrSelf",
                    "buffOwner": "",
                    "stack": 0,
                    "turn": 3,
                    "activeRound": 0
                  }
                },
                {
                  "scriptName": "GiveBuffOnSucceedAttackHead",
                  "buffData": {
                    "buffKeyword": "Breath",
                    "target": "IfAbnormalityAllPartsOrSelf",
                    "buffOwner": "",
                    "stack": 3,
                    "turn": 0,
                    "activeRound": 0
                  }
                }
              ]
            },
            {
              "operatorType": "ADD",
              "scale": 4,
              "abilityScriptList": [
                {
                  "scriptName": "GiveBuffOnSuccessCriticalAttackByDuplicateStack_Breath",
                  "buffData": {
                    "buffKeyword": "Breath",
                    "target": "IfAbnormalityAllPartsOrSelf",
                    "buffOwner": "Self",
                    "stack": 0,
                    "turn": 0,
                    "activeRound": 0
                  }
                },
                {
                  "scriptName": "GiveBuffOnSucceedAttack",
                  "buffData": {
                    "buffKeyword": "Breath",
                    "target": "IfAbnormalityAllPartsOrSelf",
                    "buffOwner": "",
                    "stack": 0,
                    "turn": 3,
                    "activeRound": 0
                  }
                }
              ]
            }
          ]
        }
      ]
    },
    {
      "id": 107803,
      "textID": 811303,
      "skillTier": 1,
      "skillData": [
        {
          "iconID": 811303,
          "skillTargetType": "RANDOM",
          "canTeamKill": false,
          "canDuel": true,
          "canChangeTarget": true,
          "attributeType": "AMBER",
          "atkType": "HIT",
          "defType": "ATTACK",
          "skillMotion": "S2",
          "viewType": "BATTLE",
          "parryingCloseType": "NEAR",
          "targetNum": 1,
          "defaultValue": 6,
          "skillLevelCorrection": 5,
          "abilityScriptList": [
            {
              "scriptName": "EmptyBody"
            },
            {
              "scriptName": "8113031"
            }
          ],
          "coinList": [
            {
              "operatorType": "ADD",
              "scale": 8,
              "abilityScriptList": [
                {
                  "scriptName": "GiveMpDmgOnSucceedAttackTarget5"
                },
                {
                  "scriptName": "GiveBuffOnSucceedAttack",
                  "buffData": {
                    "buffKeyword": "Breath",
                    "target": "IfAbnormalityAllPartsOrSelf",
                    "buffOwner": "",
                    "stack": 2,
                    "turn": 3,
                    "activeRound": 0
                  }
                },
                {
                  "scriptName": "GiveBuffOnSuccessCriticalAttack",
                  "buffData": {
                    "buffKeyword": "Paralysis",
                    "target": "Target",
                    "buffOwner": "",
                    "stack": 3,
                    "turn": 0,
                    "activeRound": 1
                  }
                }
              ]
            }
          ]
        }
      ]
    },
    {
      "id": 107804,
      "skillTier": 1,
      "skillData": [
        {
          "iconID": 811304,
          "skillTargetType": "RANDOM",
          "canTeamKill": false,
          "canDuel": true,
          "canChangeTarget": true,
          "attributeType": "CRIMSON",
          "atkType": "HIT",
          "defType": "ATTACK",
          "skillMotion": "S3",
          "viewType": "ENCOUNTER",
          "parryingCloseType": "NEAR",
          "targetNum": 1,
          "defaultValue": 9,
          "skillLevelCorrection": 5,
          "abilityScriptList": [
            {
              "scriptName": "EmptyBack"
            },
            {
              "scriptName": "EmptyBody"
            },
            {
              "scriptName": "AttackSlowestTarget"
            },
            {
              "scriptName": "DestroySpecificBuffOnRoundEnd",
              "buffData": {
                "buffKeyword": "Charge",
                "target": "AbnormalitySelf",
                "buffOwner": "",
                "stack": 0,
                "turn": 0,
                "activeRound": 0
              }
            }
          ],
          "coinList": [
            {
              "operatorType": "ADD",
              "scale": 3,
              "grade": 2,
              "color":"GREY",
              "abilityScriptList": [
                {
                  "scriptName": "SuperCoin"
                },
                {
                  "scriptName": "GiveBuffOnSucceedAttack",
                  "buffData": {
                    "buffKeyword": "Breath",
                    "target": "IfAbnormalityAllPartsOrSelf",
                    "buffOwner": "",
                    "stack": 3,
                    "turn": 0,
                    "activeRound": 0
                  }
                },
                {
                  "scriptName": "GiveBuffOnSucceedAttackIfHasStack_AaCeSeBa1",
                  "buffData": {
                    "buffKeyword": "Paralysis",
                    "target": "Target",
                    "buffOwner": "AbnormalitySelf",
                    "stack": 1,
                    "turn": 0,
                    "activeRound": 1
                  }
                }
              ]
            },
            {
              "operatorType": "ADD",
              "scale": 3,
              "grade": 2,
              "color":"GREY",
              "abilityScriptList": [
                {
                  "scriptName": "SuperCoin"
                },
                {
                  "scriptName": "GiveAdditionalBuffStackDmgOnSuccessAttack",
                  "buffData": {
                    "buffKeyword": "Breath",
                    "target": "IfAbnormalityAllPartsOrSelf",
                    "buffOwner": "Self",
                    "stack": 1,
                    "turn": 1,
                    "activeRound": 0,
                    "value": 1
                  }
                },
                {
                  "scriptName": "GiveBuffOnSucceedAttack",
                  "buffData": {
                    "buffKeyword": "Breath",
                    "target": "IfAbnormalityAllPartsOrSelf",
                    "buffOwner": "",
                    "stack": 1,
                    "turn": 3,
                    "activeRound": 0
                  }
                },
                {
                  "scriptName": "GiveBuffOnSucceedAttackIfHasStack_AaCeSeBa1",
                  "buffData": {
                    "buffKeyword": "Paralysis",
                    "target": "Target",
                    "buffOwner": "AbnormalitySelf",
                    "stack": 1,
                    "turn": 0,
                    "activeRound": 1
                  }
                }
              ]
            },
            {
              "operatorType": "ADD",
              "scale": 3,
              "grade": 2,
              "color":"GREY",
              "abilityScriptList": [
                {
                  "scriptName": "SuperCoin"
                },
                {
                  "scriptName": "81130431"
                },
                {
                  "scriptName": "GiveAdditionalBuffTurnMpDmgOnSuccessAttack",
                  "buffData": {
                    "buffKeyword": "Charge",
                    "target": "Target",
                    "buffOwner": "AbnormalitySelf",
                    "stack": 1,
                    "turn": 1,
                    "activeRound": 0,
                    "value": 1
                  }
                },
                {
                  "scriptName": "GiveMpDmgAllEnemyOnKillTarget10"
                },
                {
                  "scriptName": "GiveBuffOnFailToKillTarget",
                  "buffData": {
                    "buffKeyword": "Paralysis",
                    "target": "IfAbnormalityAllPartsOrSelf",
                    "buffOwner": "",
                    "stack": 2,
                    "turn": 0,
                    "activeRound": 1
                  }
                },
                {
                  "scriptName": "GiveBuffOnSucceedAttackIfHasStack_AaCeSeBa1",
                  "buffData": {
                    "buffKeyword": "Paralysis",
                    "target": "Target",
                    "buffOwner": "AbnormalitySelf",
                    "stack": 1,
                    "turn": 0,
                    "activeRound": 1
                  }
                }
              ]
            }
          ]
        }
      ]
    },
    {
      "id": 107805,
      "textID": 811305,
      "skillTier": 1,
      "skillData": [
        {
          "iconID": 811305,
          "skillTargetType": "RANDOM",
          "canTeamKill": false,
          "canDuel": false,
          "canChangeTarget": true,
          "attributeType": "NEUTRAL",
          "atkType": "NONE",
          "defType": "GUARD",
          "skillMotion": "Default",
          "viewType": "BATTLE",
          "parryingCloseType": "NEAR",
          "targetNum": 1,
          "defaultValue": 80,
          "skillLevelCorrection": 0,
          "abilityScriptList": [
            {
              "scriptName": "EmptyBody"
            },
            {
              "scriptName": "8113051"
            }
          ],
          "coinList": [
            {
              "operatorType": "ADD",
              "scale": 20
            }
          ]
        }
      ]
    }
  ]
}