{
  "list": [
    {
      "id": 9009801,
      "skillTier": 1,
      "skillData": [
        {
          "skillTargetType": "RANDOM",
          "canTeamKill": false,
          "canDuel": true,
          "canChangeTarget": true,
          "attributeType": "AMBER",
          "atkType": "PENETRATE",
          "defType": "ATTACK",
          "skillMotion": "S1",
          "viewType": "BATTLE",
          "parryingCloseType": "NEAR",
          "targetNum": 1,
          "defaultValue": 4,
          "skillLevelCorrection": 3,
          "abilityScriptList": [
            {
              "scriptName": "EmptyBody"
            }
          ],
          "coinList": [
            {
              "operatorType": "ADD",
              "scale": 6,
              "abilityScriptList": [
                {
                  "scriptName": "GiveBuffOnSucceedAttackHead",
                  "buffData": {
                    "buffKeyword": "Laceration",
                    "target": "Target",
                    "buffOwner": "",
                    "stack": 4,
                    "turn": 0,
                    "activeRound": 0
                  }
                }
              ]
            }
          ]
        }
      ]
    },
    {
      "id": 9009802,
      "skillTier": 1,
      "skillData": [
        {
          "skillTargetType": "RANDOM",
          "canTeamKill": false,
          "canDuel": true,
          "canChangeTarget": true,
          "attributeType": "AMBER",
          "atkType": "PENETRATE",
          "defType": "ATTACK",
          "skillMotion": "S1",
          "viewType": "BATTLE",
          "parryingCloseType": "NEAR",
          "targetNum": 1,
          "defaultValue": 3,
          "skillLevelCorrection": 3,
          "abilityScriptList": [
            {
              "scriptName": "HealMpOnWinDuelSelf5"
            },
            {
              "scriptName": "AttackDmgUpByRatioViaBuffCheckDevideByStack",
              "buffData": {
                "buffKeyword": "Laceration",
                "target": "",
                "buffOwner": "Target",
                "stack": 1,
                "turn": 0,
                "activeRound": 0,
                "value": 0.05
              }
            },
            {
              "scriptName": "EmptyBody"
            }
          ],
          "coinList": [
            {
              "operatorType": "ADD",
              "scale": 3,
              "abilityScriptList": [
                {
                  "scriptName": "GiveBuffOnSucceedAttack",
                  "buffData": {
                    "buffKeyword": "Laceration",
                    "target": "Target",
                    "buffOwner": "",
                    "stack": 2,
                    "turn": 0,
                    "activeRound": 0
                  }
                }
              ]
            },
            {
              "operatorType": "ADD",
              "scale": 3,
              "abilityScriptList": [
                {
                  "scriptName": "GiveBuffOnSucceedAttack",
                  "buffData": {
                    "buffKeyword": "Laceration",
                    "target": "Target",
                    "buffOwner": "",
                    "stack": 2,
                    "turn": 0,
                    "activeRound": 0
                  }
                }
              ]
            },
            {
              "operatorType": "ADD",
              "scale": 3,
              "abilityScriptList": [
                {
                  "scriptName": "GiveBuffOnSucceedAttack",
                  "buffData": {
                    "buffKeyword": "Laceration",
                    "target": "Target",
                    "buffOwner": "",
                    "stack": 2,
                    "turn": 0,
                    "activeRound": 0
                  }
                }
              ]
            }
          ]
        }
      ]
    },
    {
      "id": 9009803,
      "skillTier": 1,
      "skillData": [
        {
          "skillTargetType": "RANDOM",
          "canTeamKill": false,
          "canDuel": true,
          "canChangeTarget": true,
          "attributeType": "CRIMSON",
          "atkType": "PENETRATE",
          "defType": "ATTACK",
          "skillMotion": "S1",
          "viewType": "BATTLE",
          "parryingCloseType": "NEAR",
          "targetNum": 1,
          "defaultValue": 12,
          "skillLevelCorrection": 3,
          "abilityScriptList": [
            {
              "scriptName": "GiveBuffOnUse",
              "buffData": {
                "buffKeyword": "Breath",
                "target": "Self",
                "buffOwner": "",
                "stack": 5,
                "turn": 0,
                "activeRound": 0
              }
            },
            {
              "scriptName": "EmptyBody"
            }
          ],
          "coinList": [
            {
              "operatorType": "SUB",
              "scale": 2,
              "abilityScriptList": [
                {
                  "scriptName": "GiveBuffOnSucceedAttack",
                  "buffData": {
                    "buffKeyword": "Breath",
                    "target": "Self",
                    "buffOwner": "",
                    "stack": 0,
                    "turn": 1,
                    "activeRound": 0
                  }
                },
                {
                  "scriptName": "HealMpOnSucceedAttackSelf4"
                }
              ]
            },
            {
              "operatorType": "SUB",
              "scale": 2,
              "abilityScriptList": [
                {
                  "scriptName": "GiveBuffOnSucceedAttack",
                  "buffData": {
                    "buffKeyword": "Breath",
                    "target": "Self",
                    "buffOwner": "",
                    "stack": 0,
                    "turn": 1,
                    "activeRound": 0
                  }
                },
                {
                  "scriptName": "HealMpOnSucceedAttackSelf4"
                }
              ]
            },
            {
              "operatorType": "SUB",
              "scale": 2,
              "abilityScriptList": [
                {
                  "scriptName": "GiveBuffOnSucceedAttack",
                  "buffData": {
                    "buffKeyword": "Breath",
                    "target": "Self",
                    "buffOwner": "",
                    "stack": 0,
                    "turn": 1,
                    "activeRound": 0
                  }
                },
                {
                  "scriptName": "HealMpOnSucceedAttackSelf4"
                }
              ]
            },
            {
              "operatorType": "SUB",
              "scale": 2,
              "abilityScriptList": [
                {
                  "scriptName": "GiveBuffOnSucceedAttack",
                  "buffData": {
                    "buffKeyword": "Breath",
                    "target": "Self",
                    "buffOwner": "",
                    "stack": 0,
                    "turn": 1,
                    "activeRound": 0
                  }
                },
                {
                  "scriptName": "HealMpOnSucceedAttackSelf4"
                }
              ]
            }
          ]
        }
      ]
    },
    {
      "id": 9009804,
      "skillTier": 1,
      "skillData": [
        {
          "skillTargetType": "RANDOM",
          "canTeamKill": false,
          "canDuel": true,
          "canChangeTarget": true,
          "attributeType": "INDIGO",
          "atkType": "PENETRATE",
          "defType": "ATTACK",
          "skillMotion": "S2",
          "viewType": "BATTLE",
          "range": 100,
          "parryingCloseType": "FAR",
          "targetNum": 1,
          "defaultValue": 7,
          "skillLevelCorrection": 3,
          "abilityScriptList": [
            {
              "scriptName": "GiveBuffOnUse",
              "buffData": {
                "buffKeyword": "Breath",
                "target": "Self",
                "buffOwner": "",
                "stack": 5,
                "turn": 2,
                "activeRound": 0
              }
            },
            {
              "scriptName": "EmptyBody"
            }
          ],
          "coinList": [
            {
              "operatorType": "ADD",
              "scale": 7,
              "abilityScriptList": [
                {
                  "scriptName": "GiveBuffOnSucceedAttack",
                  "buffData": {
                    "buffKeyword": "Binding",
                    "target": "Target",
                    "buffOwner": "",
                    "stack": 2,
                    "turn": 0,
                    "activeRound": 1
                  }
                },
                {
                  "scriptName": "GiveBuffOnSucceedAttack",
                  "buffData": {
                    "buffKeyword": "AttackDmgDown",
                    "target": "Target",
                    "buffOwner": "",
                    "stack": 2,
                    "turn": 0,
                    "activeRound": 1
                  }
                }
              ]
            }
          ]
        }
      ]
    },
    {
      "id": 9009805,
      "skillTier": 1,
      "skillData": [
        {
          "skillTargetType": "RANDOM",
          "canTeamKill": false,
          "canDuel": false,
          "canChangeTarget": true,
          "attributeType": "AMBER",
          "atkType": "NONE",
          "defType": "GUARD",
          "skillMotion": "Default",
          "viewType": "BATTLE",
          "parryingCloseType": "NEAR",
          "targetNum": 1,
          "defaultValue": 10,
          "skillLevelCorrection": 5,
          "abilityScriptList": [
            {
              "scriptName": "9009805"
            },
            {
              "scriptName": "EmptyBody"
            }
          ],
          "coinList": [
            {
              "operatorType": "ADD",
              "scale": 10
            }
          ]
        }
      ]
    },
    {
      "id": 9009901,
      "skillTier": 1,
      "skillData": [
        {
          "skillTargetType": "RANDOM",
          "canTeamKill": false,
          "canDuel": true,
          "canChangeTarget": true,
          "attributeType": "AMBER",
          "atkType": "PENETRATE",
          "defType": "ATTACK",
          "skillMotion": "S1",
          "viewType": "BATTLE",
          "parryingCloseType": "NEAR",
          "targetNum": 1,
          "defaultValue": 3,
          "skillLevelCorrection": 3,
          "abilityScriptList": [
            {
              "scriptName": "EmptyBody"
            }
          ],
          "coinList": [
            {
              "operatorType": "ADD",
              "scale": 4,
              "abilityScriptList": [
                {
                  "scriptName": "GiveBuffOnSucceedAttackHead",
                  "buffData": {
                    "buffKeyword": "Laceration",
                    "target": "Target",
                    "buffOwner": "",
                    "stack": 0,
                    "turn": 2,
                    "activeRound": 0
                  }
                }
              ]
            },
            {
              "operatorType": "ADD",
              "scale": 4,
              "abilityScriptList": [
                {
                  "scriptName": "GiveBuffOnSucceedAttackHead",
                  "buffData": {
                    "buffKeyword": "Laceration",
                    "target": "Target",
                    "buffOwner": "",
                    "stack": 0,
                    "turn": 1,
                    "activeRound": 0
                  }
                }
              ]
            }
          ]
        }
      ]
    },
    {
      "id": 9009902,
      "skillTier": 1,
      "skillData": [
        {
          "skillTargetType": "RANDOM",
          "canTeamKill": false,
          "canDuel": true,
          "canChangeTarget": true,
          "attributeType": "AMBER",
          "atkType": "PENETRATE",
          "defType": "ATTACK",
          "skillMotion": "S1",
          "viewType": "BATTLE",
          "parryingCloseType": "NEAR",
          "targetNum": 1,
          "defaultValue": 3,
          "skillLevelCorrection": 3,
          "abilityScriptList": [
            {
              "scriptName": "HealMpOnWinDuelSelf5"
            },
            {
              "scriptName": "AttackDmgUpByRatioViaBuffCheckDevideByStack",
              "buffData": {
                "buffKeyword": "Laceration",
                "target": "",
                "buffOwner": "Target",
                "stack": 1,
                "turn": 0,
                "activeRound": 0,
                "value": 0.05
              }
            },
            {
              "scriptName": "EmptyBody"
            }
          ],
          "coinList": [
            {
              "operatorType": "ADD",
              "scale": 2,
              "abilityScriptList": [
                {
                  "scriptName": "GiveBuffOnSucceedAttack",
                  "buffData": {
                    "buffKeyword": "Laceration",
                    "target": "Target",
                    "buffOwner": "",
                    "stack": 0,
                    "turn": 1,
                    "activeRound": 0
                  }
                }
              ]
            },
            {
              "operatorType": "ADD",
              "scale": 2,
              "abilityScriptList": [
                {
                  "scriptName": "GiveBuffOnSucceedAttack",
                  "buffData": {
                    "buffKeyword": "Laceration",
                    "target": "Target",
                    "buffOwner": "",
                    "stack": 0,
                    "turn": 1,
                    "activeRound": 0
                  }
                }
              ]
            },
            {
              "operatorType": "ADD",
              "scale": 2,
              "abilityScriptList": [
                {
                  "scriptName": "GiveBuffOnSucceedAttack",
                  "buffData": {
                    "buffKeyword": "Laceration",
                    "target": "Target",
                    "buffOwner": "",
                    "stack": 0,
                    "turn": 1,
                    "activeRound": 0
                  }
                }
              ]
            },
            {
              "operatorType": "ADD",
              "scale": 2,
              "abilityScriptList": [
                {
                  "scriptName": "GiveBuffOnSucceedAttack",
                  "buffData": {
                    "buffKeyword": "Laceration",
                    "target": "Target",
                    "buffOwner": "",
                    "stack": 0,
                    "turn": 1,
                    "activeRound": 0
                  }
                }
              ]
            }
          ]
        }
      ]
    },
    {
      "id": 9009903,
      "skillTier": 1,
      "skillData": [
        {
          "skillTargetType": "RANDOM",
          "canTeamKill": false,
          "canDuel": true,
          "canChangeTarget": true,
          "attributeType": "CRIMSON",
          "atkType": "PENETRATE",
          "defType": "ATTACK",
          "skillMotion": "S1",
          "viewType": "BATTLE",
          "parryingCloseType": "NEAR",
          "targetNum": 1,
          "defaultValue": 12,
          "skillLevelCorrection": 3,
          "abilityScriptList": [
            {
              "scriptName": "GiveBuffOnUse",
              "buffData": {
                "buffKeyword": "Breath",
                "target": "Self",
                "buffOwner": "",
                "stack": 5,
                "turn": 0,
                "activeRound": 0
              }
            },
            {
              "scriptName": "EmptyBody"
            }
          ],
          "coinList": [
            {
              "operatorType": "SUB",
              "scale": 2,
              "abilityScriptList": [
                {
                  "scriptName": "GiveBuffOnSucceedAttack",
                  "buffData": {
                    "buffKeyword": "Breath",
                    "target": "Self",
                    "buffOwner": "",
                    "stack": 0,
                    "turn": 1,
                    "activeRound": 0
                  }
                },
                {
                  "scriptName": "HealMpOnSucceedAttackSelf4"
                }
              ]
            },
            {
              "operatorType": "SUB",
              "scale": 2,
              "abilityScriptList": [
                {
                  "scriptName": "GiveBuffOnSucceedAttack",
                  "buffData": {
                    "buffKeyword": "Breath",
                    "target": "Self",
                    "buffOwner": "",
                    "stack": 0,
                    "turn": 1,
                    "activeRound": 0
                  }
                },
                {
                  "scriptName": "HealMpOnSucceedAttackSelf4"
                }
              ]
            },
            {
              "operatorType": "SUB",
              "scale": 2,
              "abilityScriptList": [
                {
                  "scriptName": "GiveBuffOnSucceedAttack",
                  "buffData": {
                    "buffKeyword": "Breath",
                    "target": "Self",
                    "buffOwner": "",
                    "stack": 0,
                    "turn": 1,
                    "activeRound": 0
                  }
                },
                {
                  "scriptName": "HealMpOnSucceedAttackSelf4"
                }
              ]
            },
            {
              "operatorType": "SUB",
              "scale": 2,
              "abilityScriptList": [
                {
                  "scriptName": "GiveBuffOnSucceedAttack",
                  "buffData": {
                    "buffKeyword": "Breath",
                    "target": "Self",
                    "buffOwner": "",
                    "stack": 0,
                    "turn": 1,
                    "activeRound": 0
                  }
                },
                {
                  "scriptName": "HealMpOnSucceedAttackSelf4"
                }
              ]
            }
          ]
        }
      ]
    },
    {
      "id": 9009904,
      "skillTier": 1,
      "skillData": [
        {
          "skillTargetType": "RANDOM",
          "canTeamKill": false,
          "canDuel": true,
          "canChangeTarget": true,
          "attributeType": "INDIGO",
          "atkType": "PENETRATE",
          "defType": "ATTACK",
          "skillMotion": "S2",
          "viewType": "BATTLE",
          "range": 100,
          "parryingCloseType": "FAR",
          "targetNum": 1,
          "defaultValue": 8,
          "skillLevelCorrection": 3,
          "abilityScriptList": [
            {
              "scriptName": "GiveBuffOnUse",
              "buffData": {
                "buffKeyword": "Breath",
                "target": "Self",
                "buffOwner": "",
                "stack": 5,
                "turn": 2,
                "activeRound": 0
              }
            },
            {
              "scriptName": "EmptyBody"
            }
          ],
          "coinList": [
            {
              "operatorType": "ADD",
              "scale": 8,
              "abilityScriptList": [
                {
                  "scriptName": "GiveBuffOnSucceedAttack",
                  "buffData": {
                    "buffKeyword": "Binding",
                    "target": "Target",
                    "buffOwner": "",
                    "stack": 2,
                    "turn": 0,
                    "activeRound": 1
                  }
                },
                {
                  "scriptName": "GiveBuffOnSucceedAttack",
                  "buffData": {
                    "buffKeyword": "Vulnerable",
                    "target": "Target",
                    "buffOwner": "",
                    "stack": 2,
                    "turn": 0,
                    "activeRound": 1
                  }
                }
              ]
            }
          ]
        }
      ]
    },
    {
      "id": 9009905,
      "skillTier": 1,
      "skillData": [
        {
          "skillTargetType": "RANDOM",
          "canTeamKill": false,
          "canDuel": true,
          "canChangeTarget": true,
          "attributeType": "AMBER",
          "atkType": "NONE",
          "defType": "EVADE",
          "skillMotion": "Default",
          "viewType": "BATTLE",
          "parryingCloseType": "NEAR",
          "targetNum": 1,
          "defaultValue": 5,
          "skillLevelCorrection": 5,
          "abilityScriptList": [
            {
              "scriptName": "GiveBuffOnSucceedEvade",
              "turnLimit": 3,
              "buffData": {
                "buffKeyword": "AttackUp",
                "target": "Self",
                "buffOwner": "",
                "stack": 1,
                "turn": 0,
                "activeRound": 1
              }
            },
            {
              "scriptName": "EmptyBody"
            }
          ],
          "coinList": [
            {
              "operatorType": "ADD",
              "scale": 10
            }
          ]
        }
      ]
    }
  ]
}