{
  "list": [
    {
      "id": 40000301,
      "skillTier": 1,
      "skillType": "SKILL",
      "skillData": [
        {
          "attributeType": "VIOLET",
          "atkType": "PENETRATE",
          "defType": "ATTACK",
          "targetNum": 1,
          "skillTargetType": "RANDOM",
          "canTeamKill": false,
          "canDuel": true,
          "canChangeTarget": true,
          "skillLevelCorrection": 0,
          "defaultValue": 3,
          "range" : 8,
          "arearange" : 4,
          "skillMotion": "S1",
          "viewType": "BATTLE",
          "parryingCloseType": "NEAR",
          "abilityScriptList": [
            {
              "scriptName": "400003SkillBuffDivToPowerAdderWithLimit_2",
              "value": 5
            },
            {
              "scriptName": "GiveBuffOnUse",
              "buffData": {
                "buffKeyword": "PowerOfLoveAndJustice",
                "target": "Self",
                "stack": 0,
                "turn": 10,
                "activeRound": 0
              }
            }
          ],
          "coinList": [
            {
              "operatorType": "ADD",
              "scale": 5,
              "abilityScriptList": [
                {
                  "scriptName": "GiveBuffOnSucceedAttack",
                  "buffData": {
                    "buffKeyword": "Burst",
                    "target": "Target",
                    "stack": 1,
                    "turn": 0,
                    "activeRound": 0
                  }
                }
              ]
            },
            {
              "operatorType": "ADD",
              "scale": 5,
              "abilityScriptList": [
                {
                  "scriptName": "GiveBuffOnSucceedAttack",
                  "buffData": {
                    "buffKeyword": "Burst",
                    "target": "Target",
                    "stack": 1,
                    "turn": 0,
                    "activeRound": 0
                  }
                }
              ]
            }
          ]
        }
      ]
    },
    {
      "id": 40000302,
      "skillTier": 2,
      "skillType": "SKILL",
      "skillData": [
        {
          "attributeType": "VIOLET",
          "atkType": "PENETRATE",
          "defType": "ATTACK",
          "targetNum": 1,
          "skillTargetType": "RANDOM",
          "canTeamKill": false,
          "canDuel": true,
          "canChangeTarget": true,
          "skillLevelCorrection": 0,
          "defaultValue": 4,
          "range" : 8,
          "arearange" : 4,
          "skillMotion": "S2",
          "viewType": "BATTLE",
          "parryingCloseType": "NEAR",
          "abilityScriptList": [
            {
              "scriptName": "400003SkillBuffDivToCoinAdderWithLimit_2",
              "value": 7
            },
            {
              "scriptName": "GiveBuffOnUse",
              "buffData": {
                "buffKeyword": "PowerOfLoveAndJustice",
                "target": "Self",
                "stack": 0,
                "turn": 10,
                "activeRound": 0
              }
            }
          ],
          "coinList": [
            {
              "operatorType": "ADD",
              "scale": 9,
              "abilityScriptList": [
                {
                  "scriptName": "GiveBuffOnSucceedAttack",
                  "buffData": {
                    "buffKeyword": "Burst",
                    "target": "Target",
                    "stack": 0,
                    "turn": 2,
                    "activeRound": 0
                  }
                },
                {
                  "scriptName": "400003CoinBuffCheckToGiveAnotherBuff",
                  "value": 10,
                  "buffData": {
                    "buffKeyword": "Binding",
                    "target": "Target",
                    "stack": 1,
                    "turn": 0,
                    "activeRound": 1
                  }
                }
              ]
            }
          ]
        }
      ]
    },
    {
      "id": 40000303,
      "skillTier": 3,
      "skillType": "SKILL",
      "skillData": [
        {
          "attributeType": "VIOLET",
          "atkType": "HIT",
          "defType": "ATTACK",
          "targetNum": 2,
          "skillTargetType": "RANDOM",
          "canTeamKill": true,
          "canDuel": true,
          "canChangeTarget": true,
          "skillLevelCorrection": 0,
          "defaultValue": 4,
          "skillMotion": "S3",
          "range" : 8,
          "arearange" : 4,
          "viewType": "BATTLE",
          "parryingCloseType": "NEAR",
          "abilityScriptList": [
            {
              "scriptName": "40000303Targeting"
            },
            {
              "scriptName": "ChangeAttackDamageToZeroOnAttackAlly"
            },
            {
              "scriptName": "40000303RemoveBuffOnWinDuel",
              "value": 1
            }
          ],
          "coinList": [
            {
              "operatorType": "ADD",
              "scale": 3,
              "actionIndex": 1,
              "abilityScriptList": [
                {
                  "scriptName": "GiveBuffOnSucceedAttackIfOpponent",
                  "buffData": {
                    "buffKeyword": "Burst",
                    "target": "Target",
                    "stack": 1,
                    "turn": 0,
                    "activeRound": 0
                  }
                },
                {
                  "scriptName": "HealTargetHpOnSucceedAttackIfAlly",
                  "value": 5
                }
              ]
            },
            {
              "operatorType": "ADD",
              "scale": 3,
              "actionIndex": 2,
              "abilityScriptList": [
                {
                  "scriptName": "GiveBuffOnSucceedAttackIfOpponent",
                  "buffData": {
                    "buffKeyword": "Burst",
                    "target": "Target",
                    "stack": 1,
                    "turn": 0,
                    "activeRound": 0
                  }
                },
                {
                  "scriptName": "HealTargetHpOnSucceedAttackIfAlly",
                  "value": 5
                }
              ]
            },
            {
              "operatorType": "ADD",
              "scale": 3,
              "actionIndex": 3,
              "abilityScriptList": [
                {
                  "scriptName": "GiveBuffOnSucceedAttackIfOpponent",
                  "buffData": {
                    "buffKeyword": "Burst",
                    "target": "Target",
                    "stack": 1,
                    "turn": 0,
                    "activeRound": 0
                  }
                },
                {
                  "scriptName": "HealTargetHpOnSucceedAttackIfAlly",
                  "value": 5
                }
              ]
            }
          ]
        }
      ]
    },
    {
      "id": 40000304,
      "skillTier": 1,
      "skillType": "SKILL",
      "skillData": [
        {
          "attributeType": "CRIMSON",
          "atkType": "NONE",
          "defType": "GUARD",
          "targetNum": 1,
          "skillTargetType": "RANDOM",
          "canTeamKill": false,
          "canDuel": false,
          "range" : 8,
          "arearange" : 4,
          "canChangeTarget": true,
          "skillLevelCorrection": 0,
          "defaultValue": 15,
          "skillMotion": "S4",
          "viewType": "BATTLE",
          "parryingCloseType": "NEAR",
          "importanceLevel": 3,
          "abilityScriptList": [
            {
              "scriptName": "GiveBuffOnBattleStart",
              "buffData": {
                "buffKeyword": "ChasingArcana",
                "target": "Self",
                "stack": 1,
                "turn": 0,
                "activeRound": 0
              }
            },
            {
              "scriptName": "AddShieldSelfOnBattleStart50"
            },
            {
              "scriptName": "AddTauntOnBattleStart20"
            }
          ],
          "coinList": [
            {
              "operatorType": "ADD",
              "scale": 7,
              "abilityScriptList": [
              ]
            }
          ]
        }
      ]
    },
    {
      "id": 40000305,
      "skillTier": 2,
      "skillType": "SKILL",
      "skillData": [
        {
          "attributeType": "CRIMSON",
          "atkType": "NONE",
          "defType": "GUARD",
          "targetNum": 1,
          "skillTargetType": "RANDOM",
          "canTeamKill": false,
          "canDuel": false,
          "range" : 8,
          "arearange" : 4,
          "canChangeTarget": true,
          "skillLevelCorrection": 0,
          "defaultValue": 15,
          "skillMotion": "S5",
          "viewType": "BATTLE",
          "parryingCloseType": "NEAR",
          "importanceLevel": 3,
          "abilityScriptList": [
            {
              "scriptName": "AddShieldSelfOnBattleStart50"
            },
            {
              "scriptName": "AddTauntOnBattleStart20"
            },
            {
              "scriptName": "40000305Retreat"
            }
          ],
          "coinList": [
            {
              "operatorType": "ADD",
              "scale": 7,
              "abilityScriptList": [
              ]
            }
          ]
        }
      ]
    },
    {
      "id": 40000306,
      "skillTier": 3,
      "skillType": "SKILL",
      "skillData": [
        {
          "attributeType": "VIOLET",
          "atkType": "HIT",
          "defType": "ATTACK",
          "targetNum": 10,
          "skillTargetType": "RANDOM",
          "canTeamKill": false,
          "canDuel": false,
          "canChangeTarget": false,
          "skillLevelCorrection": 10,
          "defaultValue": 13,
          "range" : 10,
          "arearange" : 4,
          "skillMotion": "S7",
          "viewType": "ENCOUNTER",
          "parryingCloseType": "NEAR",
          "importanceLevel": 3,
          "abilityScriptList": [
            {
              "scriptName": "NotDamaged1224"
            },
            {
              "scriptName": "40000306EndPoint"
            },
            {
              "scriptName": "GiveBuffOnEndSkill",
              "buffData": {
                "buffKeyword": "UsedTooMuchPower",
                "target": "Self",
                "stack": 1,
                "turn": 0,
                "activeRound": 0
              }
            }
          ],
          "coinList": [
            {
              "operatorType": "ADD",
              "scale": 13,
              "abilityScriptList": [
                {
                  "scriptName": "40000306"
                }
              ]
            }
          ]
        }
      ]
    },
    {
      "id": 40000307,
      "skillTier": 3,
      "skillType": "SKILL",
      "skillData": [
        {
          "iconID": "40000306",
          "attributeType": "VIOLET",
          "atkType": "HIT",
          "defType": "ATTACK",
          "targetNum": 10,
          "skillTargetType": "RANDOM",
          "canTeamKill": false,
          "canDuel": false,
          "canChangeTarget": false,
          "skillLevelCorrection": 10,
          "defaultValue": 13,
          "skillMotion": "S7",
          "viewType": "ENCOUNTER",
          "parryingCloseType": "NEAR",
          "importanceLevel": 3,
          "abilityScriptList": [
            {
              "scriptName": "NotDamaged1224"
            },
            {
              "scriptName": "40000307EndPoint"
            },
            {
              "scriptName": "GiveBuffOnEndSkill",
              "buffData": {
                "buffKeyword": "UsedTooMuchPower",
                "target": "Self",
                "stack": 1,
                "turn": 0,
                "activeRound": 0
              }
            },
            {
              "scriptName": "NotDamaged1223"
            }
          ],
          "coinList": [
            {
              "operatorType": "ADD",
              "scale": 13,
              "abilityScriptList": [
                {
                  "scriptName": "40000307",
                  "value": 200
                }
              ]
            }
          ]
        }
      ]
    },
    {
      "id": 40000308,
      "skillTier": 1,
      "skillType": "SKILL",
      "skillData": [
        {
          "iconID": "40000304",
          "attributeType": "CRIMSON",
          "atkType": "NONE",
          "defType": "GUARD",
          "targetNum": 1,
          "skillTargetType": "RANDOM",
          "canTeamKill": false,
          "canDuel": false,
          "canChangeTarget": true,
          "skillLevelCorrection": 0,
          "defaultValue": 15,
          "skillMotion": "S4",
          "viewType": "BATTLE",
          "parryingCloseType": "NEAR",
          "importanceLevel": 3,
          "abilityScriptList": [
            {
              "scriptName": "GiveBuffOnBattleStart",
              "buffData": {
                "buffKeyword": "ChasingArcanahard",
                "target": "Self",
                "stack": 1,
                "turn": 0,
                "activeRound": 0
              }
            },
            {
              "scriptName": "AddShieldSelfOnBattleStart50"
            },
            {
              "scriptName": "AddTauntOnBattleStart20"
            }
          ],
          "coinList": [
            {
              "operatorType": "ADD",
              "scale": 7,
              "abilityScriptList": [
              ]
            }
          ]
        }
      ]
    }
  ]
}