{
    "list": [
        {
            "id": 107901,
            "skillTier": 1,
            "skillData": [
                {
                    "iconID": 838001,
                    "skillTargetType": "RANDOM",
                    "canTeamKill": false,
                    "canDuel": true,
                    "canChangeTarget": true,
                    "attributeType": "AMBER",
                    "atkType": "HIT",
                    "defType": "ATTACK",
                    "skillMotion": "S1",
                    "viewType": "BATTLE",
                    "targetNum": 1,
                    "defaultValue": 2,
                    "skillLevelCorrection": 1,
                    "abilityScriptList": [
                        {
                            "scriptName": "GiveBuffOnUseWithBloodDinner[10:20:10]",
                            "buffData": {
                                "buffKeyword": "BloodArmor",
                                "target": "Self",
                                "stack": 1,
                                "turn": 0,
                                "value": 0
                            }
                        },
                        {
                            "scriptName": "CoinScaleAdderOnStartTurnViaBuffCheckDevideByStackWithLimit2",
                            "buffData": {
                                "buffKeyword": "BloodArmor",
                                "buffOwner": "Self",
                                "stack": 10,
                                "turn": 0,
                                "value": 1
                            }
                        },
                        {
                            "scriptName": "CoinScaleAdderOnStartTurnViaBuffCheckDevideByStackWithLimit3",
                            "buffData": {
                                "buffKeyword": "Laceration",
                                "buffOwner": "Self",
                                "stack": 10,
                                "turn": 0,
                                "value": 1
                            }
                        },
                        {
                            "scriptName": "EmptyBody"
                        }
                    ],
                    "coinList": [
                        {
                            "operatorType": "ADD",
                            "scale": 3,
                            "abilityScriptList": [
                                {
                                    "scriptName": "GiveBuffOnSucceedAttack",
                                    "buffData": {
                                        "buffKeyword": "Laceration",
                                        "target": "Target",
                                        "stack": 5,
                                        "turn": 0,
                                        "activeRound": 0
                                    }
                                }
                            ]
                        },
                        {
                            "operatorType": "ADD",
                            "scale": 3,
                            "abilityScriptList": [
                                {
                                    "scriptName": "GiveBuffOnSucceedAttack",
                                    "buffData": {
                                        "buffKeyword": "Laceration",
                                        "target": "Target",
                                        "stack": 5,
                                        "turn": 0,
                                        "activeRound": 0
                                    }
                                }
                            ]
                        }
                    ]
                }
            ]
        },
        {
            "id": 107902,
            "skillTier": 1,
            "skillData": [
                {
                    "iconID": 838002,
                    "skillTargetType": "RANDOM",
                    "canTeamKill": false,
                    "canDuel": true,
                    "canChangeTarget": true,
                    "attributeType": "AMBER",
                    "atkType": "HIT",
                    "defType": "ATTACK",
                    "skillMotion": "S2",
                    "viewType": "BATTLE",
                    "targetNum": 1,
                    "defaultValue": 2,
                    "skillLevelCorrection": 1,
                    "abilityScriptList": [
                        {
                            "scriptName": "GiveBuffOnUseWithBloodDinner[10:20:10]",
                            "buffData": {
                                "buffKeyword": "BloodArmor",
                                "target": "Self",
                                "stack": 1,
                                "turn": 0,
                                "value": 0
                            }
                        },
                        {
                            "scriptName": "CoinScaleAdderOnStartTurnViaBuffCheckDevideByStackWithLimit2",
                            "buffData": {
                                "buffKeyword": "BloodArmor",
                                "buffOwner": "Self",
                                "stack": 10,
                                "turn": 0,
                                "value": 1
                            }
                        },
                        {
                            "scriptName": "CoinScaleAdderOnStartTurnViaBuffCheckDevideByStackWithLimit3",
                            "buffData": {
                                "buffKeyword": "Laceration",
                                "buffOwner": "Self",
                                "stack": 10,
                                "turn": 0,
                                "value": 1
                            }
                        },
                        {
                            "scriptName": "EmptyBody"
                        }
                    ],
                    "coinList": [
                        {
                            "operatorType": "ADD",
                            "scale": 3,
                            "abilityScriptList": [
                                {
                                    "scriptName": "GiveBuffOnSucceedAttack",
                                    "buffData": {
                                        "buffKeyword": "Laceration",
                                        "target": "Target",
                                        "stack": 0,
                                        "turn": 2,
                                        "activeRound": 0
                                    }
                                }
                            ]
                        },
                        {
                            "operatorType": "ADD",
                            "scale": 3,
                            "abilityScriptList": [
                                {
                                    "scriptName": "GiveBuffOnSucceedAttack",
                                    "buffData": {
                                        "buffKeyword": "Laceration",
                                        "target": "Target",
                                        "stack": 0,
                                        "turn": 2,
                                        "activeRound": 0
                                    }
                                }
                            ]
                        }
                    ]
                }
            ]
        },
        {
            "id": 107903,
            "skillTier": 2,
            "skillData": [
                {
                    "iconID": 838005,
                    "skillTargetType": "RANDOM",
                    "canTeamKill": false,
                    "canDuel": true,
                    "canChangeTarget": true,
                    "attributeType": "INDIGO",
                    "atkType": "PENETRATE",
                    "defType": "ATTACK",
                    "skillMotion": "S5",
                    "range": 6,
                    "arearange": 4,
                    "viewType": "BATTLE",
                    "targetNum": 1,
                    "defaultValue": 2,
                    "skillLevelCorrection": 2,
                    "abilityScriptList": [
                        {
                            "scriptName": "CoinScaleAdderOnStartTurnViaBuffCheck",
                            "buffData": {
                                "buffKeyword": "Laceration",
                                "buffOwner": "Target",
                                "target": "",
                                "stack": 6,
                                "turn": 0,
                                "value": 1
                            }
                        },
                        {
                            "scriptName": "DmgMulViaSelfBloodArmorOnWinDuel_20"
                        },
                        {
                            "scriptName": "UseBuffSelfOnLoseDuel",
                            "buffData": {
                                "buffKeyword": "BloodArmor",
                                "stack": 4,
                                "turn": 0
                            }
                        },
                        {
                            "scriptName": "EmptyBody"
                        }
                    ],
                    "coinList": [
                        {
                            "operatorType": "ADD",
                            "scale": 3,
                            "abilityScriptList": [
                                {
                                    "scriptName": "GiveBuffOnSucceedAttack",
                                    "buffData": {
                                        "buffKeyword": "Laceration",
                                        "target": "Target",
                                        "stack": 5,
                                        "turn": 0,
                                        "activeRound": 0
                                    }
                                }
                            ]
                        },
                        {
                            "operatorType": "ADD",
                            "scale": 3,
                            "abilityScriptList": [
                                {
                                    "scriptName": "GiveBuffOnSucceedAttack",
                                    "buffData": {
                                        "buffKeyword": "Laceration",
                                        "target": "Target",
                                        "stack": 5,
                                        "turn": 0,
                                        "activeRound": 0
                                    }
                                }
                            ]
                        }
                    ]
                }
            ]
        },
        {
            "id": 107904,
            "skillTier": 2,
            "skillData": [
                {
                    "iconID": 838006,
                    "skillTargetType": "RANDOM",
                    "canTeamKill": false,
                    "canDuel": true,
                    "canChangeTarget": true,
                    "attributeType": "INDIGO",
                    "atkType": "PENETRATE",
                    "defType": "ATTACK",
                    "skillMotion": "S4",
                    "viewType": "BATTLE",
                    "targetNum": 1,
                    "defaultValue": 2,
                    "skillLevelCorrection": 3,
                    "abilityScriptList": [
                        {
                            "scriptName": "SkillPowerAdderOnUseViaBuffCheckDevideByStackWithLimit3",
                            "buffData": {
                                "buffKeyword": "Laceration",
                                "buffOwner": "Target",
                                "target": "",
                                "stack": 3,
                                "turn": 0,
                                "value": 1
                            }
                        },
                        {
                            "scriptName": "DmgMulViaSelfBloodArmorOnWinDuel_20"
                        },
                        {
                            "scriptName": "UseBuffSelfOnLoseDuel",
                            "buffData": {
                                "buffKeyword": "BloodArmor",
                                "stack": 4,
                                "turn": 0
                            }
                        },
                        {
                            "scriptName": "EmptyBody"
                        }
                    ],
                    "coinList": [
                        {
                            "operatorType": "ADD",
                            "scale": 2,
                            "abilityScriptList": [
                                {
                                    "scriptName": "GiveBuffOnSucceedAttack",
                                    "buffData": {
                                        "buffKeyword": "Laceration",
                                        "target": "Target",
                                        "stack": 0,
                                        "turn": 2,
                                        "activeRound": 0
                                    }
                                }
                            ]
                        },
                        {
                            "operatorType": "ADD",
                            "scale": 2,
                            "abilityScriptList": [
                                {
                                    "scriptName": "GiveBuffOnSucceedAttack",
                                    "buffData": {
                                        "buffKeyword": "Laceration",
                                        "target": "Target",
                                        "stack": 0,
                                        "turn": 2,
                                        "activeRound": 0
                                    }
                                }
                            ]
                        },
                        {
                            "operatorType": "ADD",
                            "scale": 2,
                            "abilityScriptList": [
                                {
                                    "scriptName": "SanchoLacerationBoomOnSucceedAttack"
                                }
                            ]
                        }
                    ]
                }
            ]
        },
        {
            "id": 107905,
            "skillTier": 2,
            "skillData": [
                {
                    "iconID": 838008,
                    "skillTargetType": "RANDOM",
                    "canTeamKill": false,
                    "canDuel": true,
                    "canChangeTarget": true,
                    "attributeType": "CRIMSON",
                    "atkType": "SLASH",
                    "defType": "ATTACK",
                    "skillMotion": "S8",
                    "viewType": "ENCOUNTER",
                    "targetNum": 1,
                    "defaultValue": 3,
                    "arearange": 1,
                    "skillLevelCorrection": 3,
                    "abilityScriptList": [
                        {
                            "scriptName": "AttackHighestStackTarget_Laceration"
                        },
                        {
                            "scriptName": "TagetNumAdderBBPerViaBuffCheck1WithLimit3",
                            "buffData": {
                                "buffKeyword": "BloodArmor",
                                "buffOwner": "Self",
                                "stack": 10,
                                "turn": 0,
                                "activeRound": 0
                            }
                        },
                        {
                            "scriptName": "ParryingPowerResultAdderOnUseDivideByBuff",
                            "buffData": {
                                "buffKeyword": "Laceration",
                                "buffOwner": "Target",
                                "stack": 5,
                                "turn": 0,
                                "activeRound": 0,
                                "value": 1,
                                "limit": 3
                            }
                        },
                        {
                            "scriptName": "GiveBuffAndCoinScaleAdderOnUseWithBloodDinnerAndForceActiveLacerationWhenFailed_laceration10_0_1[15:30:15]",
                            "buffData": {
                                "buffKeyword": "BloodArmor",
                                "buffOwner": "Self",
                                "target": "Self",
                                "stack": 1,
                                "turn": 0,
                                "value": 1,
                                "limit": 2
                            }
                        },
                        {
                            "scriptName": "AddBloodDinnerBySkillDmgOnEndSkill"
                        },
                        {
                            "scriptName": "EmptyBody"
                        }
                    ],
                    "coinList": [
                        {
                            "operatorType": "ADD",
                            "scale": 4,
                            "abilityScriptList": [
                                {
                                    "scriptName": "GiveBuffOnSucceedAttack",
                                    "buffData": {
                                        "buffKeyword": "Laceration",
                                        "target": "Target",
                                        "stack": 8,
                                        "turn": 0,
                                        "activeRound": 0
                                    }
                                }
                            ]
                        },
                        {
                            "operatorType": "ADD",
                            "scale": 4,
                            "abilityScriptList": [
                                {
                                    "scriptName": "GiveBuffOnSucceedAttack",
                                    "buffData": {
                                        "buffKeyword": "Binding",
                                        "target": "Target",
                                        "stack": 1,
                                        "turn": 0,
                                        "activeRound": 1
                                    }
                                },
                                {
                                    "scriptName": "GiveBuffOnSucceedAttackIfUseBloodDinnerCheckValue",
                                    "buffData": {
                                        "buffKeyword": "Binding",
                                        "target": "Target",
                                        "stack": 2,
                                        "turn": 0,
                                        "activeRound": 1,
                                        "value": 30
                                    }
                                }
                            ]
                        }
                    ]
                }
            ]
        },
        {
            "id": 107906,
            "skillTier": 2,
            "skillData": [
                {
                    "iconID": 838009,
                    "skillTargetType": "RANDOM",
                    "canTeamKill": false,
                    "canDuel": true,
                    "canChangeTarget": true,
                    "attributeType": "CRIMSON",
                    "atkType": "SLASH",
                    "defType": "ATTACK",
                    "skillMotion": "S9",
                    "viewType": "ENCOUNTER",
                    "targetNum": 1,
                    "defaultValue": 2,
                    "arearange": 1,
                    "skillLevelCorrection": 3,
                    "abilityScriptList": [
                        {
                            "scriptName": "AttackHighestStackTarget_Laceration"
                        },
                        {
                            "scriptName": "TagetNumAdderBBPerViaBuffCheck1WithLimit2",
                            "buffData": {
                                "buffKeyword": "Laceration",
                                "buffOwner": "Target",
                                "stack": 10,
                                "turn": 0,
                                "activeRound": 0
                            }
                        },
                        {
                            "scriptName": "ParryingPowerResultAdderOnUseDivideByBuff",
                            "buffData": {
                                "buffKeyword": "Laceration",
                                "buffOwner": "Target",
                                "stack": 5,
                                "turn": 0,
                                "activeRound": 0,
                                "value": 1,
                                "limit": 3
                            }
                        },
                        {
                            "scriptName": "GiveBuffAndCoinScaleAdderOnUseWithBloodDinnerAndForceActiveLacerationWhenFailed_laceration10_0_1[15:30:15]",
                            "buffData": {
                                "buffKeyword": "BloodArmor",
                                "buffOwner": "Self",
                                "target": "Self",
                                "stack": 1,
                                "turn": 0,
                                "value": 1,
                                "limit": 2
                            }
                        },
                        {
                            "scriptName": "AddBloodDinnerBySkillDmgOnEndSkill"
                        },
                        {
                            "scriptName": "EmptyBody"
                        }
                    ],
                    "coinList": [
                        {
                            "operatorType": "ADD",
                            "scale": 4,
                            "abilityScriptList": [
                                {
                                    "scriptName": "GiveBuffOnSucceedAttack",
                                    "buffData": {
                                        "buffKeyword": "Laceration",
                                        "target": "Target",
                                        "stack": 0,
                                        "turn": 2,
                                        "activeRound": 0
                                    }
                                }
                            ]
                        },
                        {
                            "operatorType": "ADD",
                            "scale": 4,
                            "abilityScriptList": [
                                {
                                    "scriptName": "GiveBuffOnSucceedAttack",
                                    "buffData": {
                                        "buffKeyword": "Laceration",
                                        "target": "Target",
                                        "stack": 0,
                                        "turn": 2,
                                        "activeRound": 0
                                    }
                                }
                            ]
                        },
                        {
                            "operatorType": "ADD",
                            "scale": 4,
                            "abilityScriptList": [
                                {
                                    "scriptName": "GiveBuffOnSucceedAttack",
                                    "buffData": {
                                        "buffKeyword": "Paralysis",
                                        "target": "Target",
                                        "stack": 1,
                                        "turn": 0,
                                        "activeRound": 1
                                    }
                                },
                                {
                                    "scriptName": "GiveBuffOnSucceedAttackIfUseBloodDinnerCheckValue",
                                    "buffData": {
                                        "buffKeyword": "Paralysis",
                                        "target": "Target",
                                        "stack": 2,
                                        "turn": 0,
                                        "activeRound": 1,
                                        "value": 50
                                    }
                                }
                            ]
                        }
                    ]
                }
            ]
        },
        {
            "id": 107907,
            "skillTier": 3,
            "skillData": [
                {
                    "iconID": 838004,
                    "skillTargetType": "RANDOM",
                    "canTeamKill": false,
                    "canDuel": true,
                    "canChangeTarget": true,
                    "attributeType": "SCARLET",
                    "atkType": "SLASH",
                    "defType": "ATTACK",
                    "skillMotion": "S7",
                    "range": 0,
                    "viewType": "ENCOUNTER",
                    "targetNum": 6,
                    "defaultValue": 2,
                    "arearange": 10,
                    "skillLevelCorrection": 3,
                    "abilityScriptList": [
                        {
                            "scriptName": "GiveBuffOnBattleStart",
                            "buffData": {
                                "buffKeyword": "SwirlingBlood",
                                "buffOwner": "",
                                "target": "Self",
                                "stack": 1,
                                "turn": 0
                            }
                        },
                        {
                            "scriptName": "SanchoShieldHardenedBloodTypeAnother[10:100:10]"
                        },
                        {
                            "scriptName": "SanchoShieldLoseDuelPenalty",
                            "buffData": {
                                "buffKeyword": "Vulnerable",
                                "buffOwner": "",
                                "target": "Self",
                                "stack": 3,
                                "turn": 0
                            }
                        },
                        {
                            "scriptName": "83810703"
                        },
                        {
                            "scriptName": "CanBeChangedTargetIgnoreSpeed"
                        },
                        {
                            "scriptName": "EmptyBody"
                        }
                    ],
                    "coinList": [
                        {
                            "operatorType": "ADD",
                            "scale": 2,
                            "grade": 2,
                            "color": "GREY",
                            "abilityScriptList": [
                                {
                                    "scriptName": "SuperCoin"
                                  }
                            ]
                        },
                        {
                            "operatorType": "ADD",
                            "scale": 2,
                            "grade": 2,
                            "color": "GREY",
                            "abilityScriptList": [
                                {
                                    "scriptName": "SuperCoin"
                                  }
                            ]
                        },
                        {
                            "operatorType": "ADD",
                            "scale": 2,
                            "grade": 2,
                            "color": "GREY",
                            "abilityScriptList": [
                                {
                                    "scriptName": "SuperCoin"
                                  }
                            ]
                        },
                        {
                            "operatorType": "ADD",
                            "scale": 2,
                            "grade": 2,
                            "color": "GREY",
                            "abilityScriptList": [
                                {
                                    "scriptName": "SuperCoin"
                                  },
                                {
                                    "scriptName": "GiveBuffOnSucceedAttack",
                                    "buffData": {
                                        "buffKeyword": "Laceration",
                                        "target": "Target",
                                        "stack": 5,
                                        "turn": 3,
                                        "activeRound": 0
                                    }
                                }
                            ]
                        }
                    ]
                }
            ]
        },
        {
            "id": 107908,
            "skillTier": 3,
            "skillData": [
                {
                    "iconID": 838010,
                    "skillTargetType": "RANDOM",
                    "canTeamKill": false,
                    "canDuel": true,
                    "canChangeTarget": true,
                    "attributeType": "SCARLET",
                    "atkType": "PENETRATE",
                    "defType": "ATTACK",
                    "skillMotion": "S11",
                    "viewType": "ENCOUNTER",
                    "targetNum": 1,
                    "defaultValue": 10,
                    "skillLevelCorrection": 5,
                    "abilityScriptList": [
                        {
                            "scriptName": "AttackDmgUpByRatioViaBuffCheckDevideByStackWithLimit200",
                            "buffData": {
                                "buffKeyword": "Laceration",
                                "buffOwner": "Target",
                                "stack": 1,
                                "turn": 0,
                                "value": 0.1
                            }
                        },
                        {
                            "scriptName": "AttackDmgUpByRatioViaBuffCheckDevideByStackWithLimit100",
                            "buffData": {
                                "buffKeyword": "BloodArmor",
                                "buffOwner": "Self",
                                "stack": 3,
                                "turn": 0,
                                "value": 0.1
                            }
                        },
                        {
                            "scriptName": "LaAventuraHaTerminadoAnother"
                        },
                        {
                            "scriptName": "GiveBuffOnWinDuel",
                            "buffData": {
                                "buffKeyword": "Laceration",
                                "target": "Target",
                                "stack": 10,
                                "turn": 0,
                                "activeRound": 0
                            }
                        },
                        {
                            "scriptName": "AddBloodDinnerBySkillDmgOnEndSkill"
                        },
                        {
                            "scriptName": "AddBloodDinnerByKilledUnitMaxHpOnEndSkill"
                        },
                        {
                            "scriptName": "EmptyBody"
                        }
                    ],
                    "coinList": [
                        {
                            "operatorType": "ADD",
                            "scale": 15,
                            "grade": 2,
                            "color": "GREY",
                            "abilityScriptList": [
                                {
                                    "scriptName": "SuperCoin"
                                  },
                                {
                                    "scriptName": "GiveBuffOnSucceedAttackAfterWinDuel",
                                    "buffData": {
                                        "buffKeyword": "Laceration",
                                        "target": "Target",
                                        "stack": 10,
                                        "turn": 3,
                                        "activeRound": 0
                                    }
                                },
                                {
                                    "scriptName": "LaAventuraHaTerminadoAnotherCoinTwo",
                                    "buffData": {
                                        "buffKeyword": "Laceration",
                                        "stack": 5,
                                        "turn": 3,
                                        "activeRound": 0
                                    }
                                }
                            ]
                        }
                    ]
                }
            ]
        },
        {
            "id": 107909,
            "skillTier": 3,
            "skillData": [
                {
                    "iconID": 838011,
                    "skillTargetType": "RANDOM",
                    "canTeamKill": false,
                    "canDuel": true,
                    "canChangeTarget": true,
                    "attributeType": "SCARLET",
                    "atkType": "PENETRATE",
                    "defType": "ATTACK",
                    "skillMotion": "S11",
                    "viewType": "ENCOUNTER",
                    "targetNum": 6,
                    "defaultValue": 20,
                    "skillLevelCorrection": 5,
                    "abilityScriptList": [
                        {
                            "scriptName": "AttackDmgUpByRatioViaAllTargetBuffDevide",
                            "buffData": {
                                "buffKeyword": "Laceration",
                                "stack": 10,
                                "turn": 0,
                                "value": 40,
                                "limit": 200
                            }
                        },
                        {
                            "scriptName": "AttackDmgUpByRatioViaBuffCheckDevideByStackWithLimit100",
                            "buffData": {
                                "buffKeyword": "BloodDinner_Accumulation",
                                "buffOwner": "Self",
                                "stack": 1,
                                "turn": 0,
                                "value": 0.1
                            }
                        },
                        {
                            "scriptName": "LaAventuraHaTerminadoAnotherEnd"
                        },
                        {
                            "scriptName": "GiveBuffOnWinDuel",
                            "buffData": {
                                "buffKeyword": "Laceration",
                                "target": "Target",
                                "stack": 10,
                                "turn": 0,
                                "activeRound": 0
                            }
                        },
                        {
                            "scriptName": "AddBloodDinnerBySkillDmgOnEndSkill"
                        },
                        {
                            "scriptName": "AddBloodDinnerByKilledUnitMaxHpOnEndSkill"
                        },
                        {
                            "scriptName": "EmptyBody"
                        }
                    ],
                    "coinList": [
                        {
                            "operatorType": "ADD",
                            "scale": 14,
                            "grade": 2,
                            "color": "GREY",
                            "abilityScriptList": [
                                {
                                    "scriptName": "SuperCoin"
                                },
                                {
                                    "scriptName": "GiveBuffOnSucceedAttack",
                                    "buffData": {
                                        "buffKeyword": "Laceration",
                                        "target": "Target",
                                        "stack": 10,
                                        "turn": 3,
                                        "activeRound": 0
                                    }
                                }
                            ]
                        }
                    ]
                }
            ]
        }
    ]
}