{
  "list": [
    {
      "id": 9018101,
      "skillTier": 1,
      "skillData": [
        {
          "skillTargetType": "FRONT",
          "canTeamKill": false,
          "canDuel": true,
          "canChangeTarget": true,
          "attributeType": "CRIMSON",
          "atkType": "HIT",
          "defType": "ATTACK",
          "skillMotion": "S1",
          "viewType": "BATTLE",
          "arearange" : 3,
          "parryingCloseType": "NEAR",
          "targetNum": 1,
          "defaultValue": 4,
          "skillLevelCorrection": 0,
          "abilityScriptList": [
            {
              "scriptName": "ParryingPowerResultAdderSelf1IfTargetNotHas_Burst"
            }
          ],
          "coinList": [
            {
              "operatorType": "ADD",
              "scale": 7,
              "abilityScriptList": [
                {
                  "scriptName": "GiveBuffOnSucceedAttack",
                  "buffData": {
                    "buffKeyword": "Burst",
                    "target": "Target",
                    "buffOwner": "",
                    "stack": 3,
                    "turn": 0,
                    "activeRound": 0
                  }
                },
                {
                  "scriptName": "GiveMpDmgOnSucceedAttackTarget3"
                }
              ]
            }
          ]
        }
      ]
    },
    {
      "id": 9018102,
      "skillTier": 1,
      "skillData": [
        {
          "skillTargetType": "FRONT",
          "canTeamKill": false,
          "canDuel": true,
          "canChangeTarget": true,
          "attributeType": "SCARLET",
          "atkType": "HIT",
          "defType": "ATTACK",
          "skillMotion": "S2",
          "viewType": "BATTLE",
          "arearange": 3,
          "parryingCloseType": "NEAR",
          "targetNum": 1,
          "defaultValue": 4,
          "skillLevelCorrection": 0,
          "abilityScriptList": [
            {
              "scriptName": "CoinScaleAdderOnStartTurnViaBuffCheck",
              "buffData": {
                "buffKeyword": "Burst",
                "buffOwner": "Target",
                "stack": 5,
                "turn": 0,
                "activeRound": 0,
                "value": 1
              }
            }
          ],
          "coinList": [
            {
              "operatorType": "ADD",
              "scale": 4,
              "abilityScriptList": [
                {
                  "scriptName": "GiveBuffOnSucceedAttack",
                  "buffData": {
                    "buffKeyword": "Burst",
                    "target": "Target",
                    "buffOwner": "",
                    "stack": 0,
                    "turn": 2,
                    "activeRound": 0
                  }
                },
                {
                  "scriptName": "GiveMpDmgOnSucceedAttackTarget3"
                }
              ]
            },
            {
              "operatorType": "ADD",
              "scale": 4,
              "abilityScriptList": [
                {
                  "scriptName": "GiveBuffOnSucceedAttack",
                  "buffData": {
                    "buffKeyword": "Burst",
                    "target": "Target",
                    "buffOwner": "",
                    "stack": 0,
                    "turn": 2,
                    "activeRound": 0
                  }
                },
                {
                  "scriptName": "HealSelfOnSuccessAttackByDmgRatio100",
                  "value": 20
                },
                {
                  "scriptName": "GiveMpDmgOnSucceedAttackTarget5"
                }
              ]
            }
          ]
        }
      ]
    },
    {
      "id": 9018103,
      "skillTier": 1,
      "skillData": [
        {
          "skillTargetType": "FRONT",
          "canTeamKill": false,
          "canDuel": true,
          "canChangeTarget": true,
          "attributeType": "SHAMROCK",
          "atkType": "HIT",
          "defType": "ATTACK",
          "skillMotion": "S3",
          "viewType": "BATTLE",
          "arearange": 3,
          "parryingCloseType": "NEAR",
          "targetNum": 1,
          "defaultValue": 3,
          "skillLevelCorrection": 5,
          "abilityScriptList": [
            {
              "scriptName": "CoinScaleAdderOnStartTurnViaBuffCheckDevideByStackWithLimit2",
              "buffData": {
                "buffKeyword": "Burst",
                "buffOwner": "Target",
                "stack": 3,
                "turn": 0,
                "activeRound": 0,
                "value": 1
              }
            }
          ],
          "coinList": [
            {
              "operatorType": "ADD",
              "scale": 4,
              "abilityScriptList": [
                {
                  "scriptName": "GiveBuffOnSucceedAttack",
                  "buffData": {
                    "buffKeyword": "Burst",
                    "target": "Target",
                    "buffOwner": "",
                    "stack": 0,
                    "turn": 3,
                    "activeRound": 0
                  }
                }
              ]
            },
            {
              "operatorType": "ADD",
              "scale": 4,
              "abilityScriptList": [
                {
                  "scriptName": "GiveBuffOnSucceedAttack",
                  "buffData": {
                    "buffKeyword": "Burst",
                    "target": "Target",
                    "buffOwner": "",
                    "stack": 0,
                    "turn": 2,
                    "activeRound": 0
                  }
                },
                {
                  "scriptName": "HealSelfOnSuccessAttackByDmgRatio100",
                  "value": 20
                }
              ]
            },
            {
              "operatorType": "ADD",
              "scale": 4,
              "abilityScriptList": [
                {
                  "scriptName": "RerollOnSAIfSelfHpRatioLessThanValueUpto1",
                  "value": 0.5
                },
                {
                  "scriptName": "GiveBuffOnSucceedAttack",
                  "buffData": {
                    "buffKeyword": "Burst",
                    "target": "Target",
                    "buffOwner": "",
                    "stack": 0,
                    "turn": 2,
                    "activeRound": 0
                  }
                },
                {
                  "scriptName": "GiveMpDmgOnSucceedAttackTarget10"
                },
                {
                  "scriptName": "HealSelfOnSuccessAttackByDmgRatio100",
                  "value": 20
                }
              ]
            }
          ]
        }
      ]
    },
    {
      "id": 9018104,
      "skillTier": 1,
      "skillData": [
        {
          "skillTargetType": "FRONT",
          "canTeamKill": false,
          "canDuel": false,
          "canChangeTarget": true,
          "attributeType": "SHAMROCK",
          "atkType": "NONE",
          "defType": "GUARD",
          "skillMotion": "Default",
          "viewType": "BATTLE",
          "arearange": 3,
          "parryingCloseType": "NEAR",
          "targetNum": 1,
          "defaultValue": 4,
          "skillLevelCorrection": 0,
          "abilityScriptList": [
            {
              "scriptName": "AddShieldOnUseSelfViaBuffDevide",
              "buffData": {
                "buffKeyword": "Burst",
                "buffOwner": "Target",
                "stack": 1,
                "turn": 0,
                "activeRound": 0,
                "value": 5
              }
            },
            {
              "scriptName": "HealHpOnRoundEndByShield"
            }
          ],
          "coinList": [
            {
              "operatorType": "ADD",
              "scale": 10
            }
          ]
        }
      ]
    },
    {
      "id": 9018201,
      "skillTier": 1,
      "skillData": [
        {
          "skillTargetType": "FRONT",
          "canTeamKill": false,
          "canDuel": true,
          "canChangeTarget": true,
          "attributeType": "CRIMSON",
          "atkType": "HIT",
          "defType": "ATTACK",
          "skillMotion": "S1",
          "viewType": "BATTLE",
          "parryingCloseType": "NEAR",
          "targetNum": 1,
          "defaultValue": 4,
          "arearange": 3,
          "skillLevelCorrection": 0,
          "abilityScriptList": [
            {
              "scriptName": "ParryingPowerResultAdderSelf1IfTargetNotHas_Burst"
            }
          ],
          "coinList": [
            {
              "operatorType": "ADD",
              "scale": 7,
              "abilityScriptList": [
                {
                  "scriptName": "GiveBuffOnSucceedAttack",
                  "buffData": {
                    "buffKeyword": "Burst",
                    "target": "Target",
                    "buffOwner": "",
                    "stack": 0,
                    "turn": 2,
                    "activeRound": 0
                  }
                },
                {
                  "scriptName": "GiveMpDmgOnSucceedAttackTarget2"
                }
              ]
            }
          ]
        }
      ]
    },
    {
      "id": 9018202,
      "skillTier": 1,
      "skillData": [
        {
          "skillTargetType": "FRONT",
          "canTeamKill": false,
          "canDuel": true,
          "canChangeTarget": true,
          "attributeType": "SCARLET",
          "atkType": "HIT",
          "defType": "ATTACK",
          "skillMotion": "S2",
          "arearange": 3,
          "viewType": "BATTLE",
          "parryingCloseType": "NEAR",
          "targetNum": 1,
          "defaultValue": 4,
          "skillLevelCorrection": 0,
          "abilityScriptList": [
            {
              "scriptName": "CoinScaleAdderOnStartTurnViaBuffCheck",
              "buffData": {
                "buffKeyword": "Burst",
                "buffOwner": "Target",
                "stack": 5,
                "turn": 0,
                "activeRound": 0,
                "value": 1
              }
            }
          ],
          "coinList": [
            {
              "operatorType": "ADD",
              "scale": 4,
              "abilityScriptList": [
                {
                  "scriptName": "GiveBuffOnSucceedAttack",
                  "buffData": {
                    "buffKeyword": "Burst",
                    "target": "Target",
                    "buffOwner": "",
                    "stack": 3,
                    "turn": 0,
                    "activeRound": 0
                  }
                },
                {
                  "scriptName": "GiveMpDmgOnSucceedAttackTarget3"
                }
              ]
            },
            {
              "operatorType": "ADD",
              "scale": 4,
              "abilityScriptList": [
                {
                  "scriptName": "GiveBuffOnSucceedAttack",
                  "buffData": {
                    "buffKeyword": "Burst",
                    "target": "Target",
                    "buffOwner": "",
                    "stack": 4,
                    "turn": 0,
                    "activeRound": 0
                  }
                },
                {
                  "scriptName": "HealSelfOnSuccessAttackByDmgRatio100",
                  "value": 20
                },
                {
                  "scriptName": "GiveMpDmgOnSucceedAttackTarget5"
                }
              ]
            }
          ]
        }
      ]
    },
    {
      "id": 9018203,
      "skillTier": 1,
      "skillData": [
        {
          "skillTargetType": "FRONT",
          "canTeamKill": false,
          "canDuel": true,
          "canChangeTarget": true,
          "attributeType": "SHAMROCK",
          "atkType": "HIT",
          "defType": "ATTACK",
          "skillMotion": "S3",
          "viewType": "BATTLE",
          "arearange": 3,
          "parryingCloseType": "NEAR",
          "targetNum": 1,
          "defaultValue": 3,
          "skillLevelCorrection": 5,
          "abilityScriptList": [
            {
              "scriptName": "CoinScaleAdderOnStartTurnViaBuffCheckDevideByStackWithLimit2",
              "buffData": {
                "buffKeyword": "Burst",
                "buffOwner": "Target",
                "stack": 3,
                "turn": 0,
                "activeRound": 0,
                "value": 1
              }
            }
          ],
          "coinList": [
            {
              "operatorType": "ADD",
              "scale": 4,
              "abilityScriptList": [
                {
                  "scriptName": "GiveBuffOnSucceedAttack",
                  "buffData": {
                    "buffKeyword": "Burst",
                    "target": "Target",
                    "buffOwner": "",
                    "stack": 4,
                    "turn": 0,
                    "activeRound": 0
                  }
                }
              ]
            },
            {
              "operatorType": "ADD",
              "scale": 4,
              "abilityScriptList": [
                {
                  "scriptName": "GiveBuffOnSucceedAttack",
                  "buffData": {
                    "buffKeyword": "Burst",
                    "target": "Target",
                    "buffOwner": "",
                    "stack": 3,
                    "turn": 0,
                    "activeRound": 0
                  }
                },
                {
                  "scriptName": "HealSelfOnSuccessAttackByDmgRatio100",
                  "value": 20
                }
              ]
            },
            {
              "operatorType": "ADD",
              "scale": 4,
              "abilityScriptList": [
                {
                  "scriptName": "RerollOnSAIfSelfHpRatioLessThanValueUpto1",
                  "value": 0.5
                },
                {
                  "scriptName": "GiveBuffOnSucceedAttack",
                  "buffData": {
                    "buffKeyword": "Burst",
                    "target": "Target",
                    "buffOwner": "",
                    "stack": 3,
                    "turn": 0,
                    "activeRound": 0
                  }
                },
                {
                  "scriptName": "GiveMpDmgOnSucceedAttackTarget10"
                },
                {
                  "scriptName": "HealSelfOnSuccessAttackByDmgRatio100",
                  "value": 20
                }
              ]
            }
          ]
        }
      ]
    },
    {
      "id": 9018204,
      "skillTier": 1,
      "skillData": [
        {
          "skillTargetType": "FRONT",
          "canTeamKill": false,
          "canDuel": false,
          "canChangeTarget": true,
          "attributeType": "SHAMROCK",
          "atkType": "NONE",
          "defType": "GUARD",
          "skillMotion": "Default",
          "viewType": "BATTLE",
          "arearange": 3,
          "parryingCloseType": "NEAR",
          "targetNum": 1,
          "defaultValue": 4,
          "skillLevelCorrection": 0,
          "abilityScriptList": [
            {
              "scriptName": "AddShieldOnUseSelfViaBuffDevide",
              "buffData": {
                "buffKeyword": "Burst",
                "buffOwner": "Target",
                "stack": 1,
                "turn": 0,
                "activeRound": 0,
                "value": 5
              }
            },
            {
              "scriptName": "HealHpOnRoundEndByShield"
            }
          ],
          "coinList": [
            {
              "operatorType": "ADD",
              "scale": 10
            }
          ]
        }
      ]
    }
  ]
}