{
  "list": [
    {
      "id": 9014501,
      "skillTier": 1,
      "skillType": "SKILL",
      "skillData": [
        {
          "skillTargetType": "FRONT",
          "canTeamKill": false,
          "canDuel": true,
          "canChangeTarget": true,
          "attributeType": "AMBER",
          "atkType": "PENETRATE",
          "defType": "ATTACK",
          "skillMotion": "S1",
          "viewType": "BATTLE",
          "parryingCloseType": "NEAR",
          "targetNum": 1,
          "defaultValue": 2,
          "skillLevelCorrection": -3,
          "abilityScriptList": [
            {
                "scriptName": "EmptyBody"
            }
          ],
          "coinList": [
            {
              "operatorType": "ADD",
              "scale": 5,
              "abilityScriptList": [
                {
                  "scriptName": "GiveBuffOnSucceedAttack",
                  "buffData": {
                    "buffKeyword": "Laceration",
                    "target": "Target",
                    "stack": 0,
                    "turn": 2,
                    "activeRound": 0
                  }
                }
              ]
            }
          ]
        }
      ]
    },
    {
      "id": 9014502,
      "skillTier": 2,
      "skillType": "SKILL",
      "skillData": [
        {
          "skillTargetType": "FRONT",
          "canTeamKill": false,
          "canDuel": true,
          "canChangeTarget": true,
          "attributeType": "SCARLET",
          "atkType": "PENETRATE",
          "defType": "ATTACK",
          "skillMotion": "S2",
          "viewType": "BATTLE",
          "parryingCloseType": "NEAR",
          "targetNum": 1,
          "defaultValue": 3,
          "skillLevelCorrection": -3,
          "abilityScriptList": [
            {
                "scriptName": "EmptyBody"
            }
          ],
          "coinList": [
            {
              "operatorType": "ADD",
              "scale": 4,
              "abilityScriptList": [
                {
                  "scriptName": "GiveBuffOnSucceedAttack",
                  "buffData": {
                    "buffKeyword": "Laceration",
                    "target": "Target",
                    "stack": 0,
                    "turn": 1,
                    "activeRound": 0
                  }
                }
              ]
            },
            {
                "operatorType": "ADD",
                "scale": 4,
                "abilityScriptList": [
                  {
                    "scriptName": "GiveBuffOnSucceedAttack",
                    "buffData": {
                      "buffKeyword": "Laceration",
                      "target": "Target",
                      "stack": 0,
                      "turn": 2,
                      "activeRound": 0
                    }
                  }
                ]
              }
          ]
        }
      ]
    },
    {
      "id": 9014503,
      "skillTier": 2,
      "skillType": "SKILL",
      "skillData": [
        {
          "skillTargetType": "FRONT",
          "canTeamKill": false,
          "canDuel": true,
          "canChangeTarget": true,
          "attributeType": "CRIMSON",
          "atkType": "PENETRATE",
          "defType": "ATTACK",
          "skillMotion": "S3",
          "viewType": "BATTLE",
          "parryingCloseType": "NEAR",
          "targetNum": 1,
          "defaultValue": 3,
          "skillLevelCorrection": 0,
          "abilityScriptList": [
            {
              "scriptName": "AttackDmgUpByRatioViaBuffCheck",
              "buffData": {
                "buffKeyword": "Laceration",
                "buffOwner": "Target",
                "stack": 10,
                "turn": 0,
                "value": 0.2
              }
            },
            {
                "scriptName": "EmptyBody"
            }
          ],
          "coinList": [
            {
              "operatorType": "ADD",
              "scale": 3,
              "abilityScriptList": [
                {
                  "scriptName": "GiveBuffOnSucceedAttack",
                  "buffData": {
                    "buffKeyword": "Laceration",
                    "target": "Target",
                    "stack": 4,
                    "turn": 0,
                    "activeRound": 0
                  }
                }
              ]
            },
            {
              "operatorType": "ADD",
              "scale": 3,
              "abilityScriptList": [
                {
                  "scriptName": "GiveBuffOnSucceedAttack",
                  "buffData": {
                    "buffKeyword": "Laceration",
                    "target": "Target",
                    "stack": 4,
                    "turn": 0,
                    "activeRound": 0
                  }
                }
              ]
            },
            {
              "operatorType": "ADD",
              "scale": 3,
              "abilityScriptList": [
                {
                  "scriptName": "AbsorptionBuffStackAndRecoverHp",
                  "buffData": {
                    "buffKeyword": "Laceration",
                    "buffOwner": "Target",
                    "stack": 10,
                    "value": 0.02
                  }
                }
              ]
            }
          ]
        }
      ]
    },
    {
      "id": 9014504,
      "skillTier": 2,
      "skillType": "SKILL",
      "skillData": [
        {
          "skillTargetType": "FRONT",
          "canTeamKill": false,
          "canDuel": false,
          "canChangeTarget": true,
          "attributeType": "CRIMSON",
          "atkType": "PENETRATE",
          "defType": "COUNTER",
          "skillMotion": "S1",
          "viewType": "BATTLE",
          "parryingCloseType": "NEAR",
          "targetNum": 1,
          "defaultValue": 6,
          "skillLevelCorrection": 0,
          "abilityScriptList": [
            {
              "scriptName": "SkillPowerAdderViaBuffCheckDevideByTurnWithLimit2",
              "buffData": {
                "buffKeyword": "Laceration",
                "buffOwner": "Self",
                "stack": 0,
                "turn": 3,
                "value": 1
              }
            },
            {
              "scriptName": "EmptyBody"
            }
          ],
          "coinList": [
            {
              "operatorType": "ADD",
              "scale": 1,
              "abilityScriptList": [
                {
                  "scriptName": "GiveBuffOnSucceedAttack",
                  "buffData": {
                    "buffKeyword": "Laceration",
                    "target": "Target",
                    "stack": 2,
                    "turn": 0,
                    "activeRound": 0
                  }
                }
              ]
            }
          ]
        }
      ]
    },
    {
      "id": 9014601,
      "skillTier": 1,
      "skillType": "SKILL",
      "skillData": [
        {
          "skillTargetType": "FRONT",
          "canTeamKill": false,
          "canDuel": true,
          "canChangeTarget": true,
          "attributeType": "SCARLET",
          "atkType": "SLASH",
          "defType": "ATTACK",
          "skillMotion": "S1",
          "viewType": "BATTLE",
          "parryingCloseType": "NEAR",
          "targetNum": 1,
          "defaultValue": 2,
          "skillLevelCorrection": -3,
          "coinList": [
            {
              "operatorType": "ADD",
              "scale": 5,
              "abilityScriptList": [
                {
                  "scriptName": "GiveBuffOnSucceedAttack",
                  "buffData": {
                    "buffKeyword": "Laceration",
                    "target": "Target",
                    "stack": 3,
                    "turn": 0,
                    "activeRound": 0
                  }
                }
              ]
            }
          ]
        }
      ]
    },
    {
      "id": 9014602,
      "skillTier": 2,
      "skillType": "SKILL",
      "skillData": [
        {
          "skillTargetType": "FRONT",
          "canTeamKill": false,
          "canDuel": true,
          "canChangeTarget": true,
          "attributeType": "CRIMSON",
          "atkType": "SLASH",
          "defType": "ATTACK",
          "skillMotion": "S2",
          "viewType": "BATTLE",
          "parryingCloseType": "NEAR",
          "targetNum": 1,
          "defaultValue": 3,
          "skillLevelCorrection": -3,
          "coinList": [
            {
              "operatorType": "ADD",
              "scale": 4,
              "abilityScriptList": [
                {
                  "scriptName": "GiveBuffOnSucceedAttack",
                  "buffData": {
                    "buffKeyword": "Laceration",
                    "target": "Target",
                    "stack": 2,
                    "turn": 0,
                    "activeRound": 0
                  }
                }
              ]
            },
            {
                "operatorType": "ADD",
                "scale": 4,
                "abilityScriptList": [
                  {
                    "scriptName": "GiveBuffOnSucceedAttack",
                    "buffData": {
                      "buffKeyword": "Laceration",
                      "target": "Target",
                      "stack": 2,
                      "turn": 0,
                      "activeRound": 0
                    }
                  }
                ]
              }
          ]
        }
      ]
    },
    {
      "id": 9014603,
      "skillTier": 2,
      "skillType": "SKILL",
      "skillData": [
        {
          "skillTargetType": "FRONT",
          "canTeamKill": false,
          "canDuel": true,
          "canChangeTarget": true,
          "attributeType": "AMBER",
          "atkType": "SLASH",
          "defType": "ATTACK",
          "skillMotion": "S3",
          "viewType": "BATTLE",
          "parryingCloseType": "NEAR",
          "targetNum": 1,
          "defaultValue": 3,
          "skillLevelCorrection": 0,
          "abilityScriptList": [
            {
              "scriptName": "AttackDmgUpByRatioViaBuffCheck",
              "buffData": {
                "buffKeyword": "Laceration",
                "buffOwner": "Target",
                "stack": 10,
                "turn": 0,
                "value": 0.2
              }
            }
          ],
          "coinList": [
            {
              "operatorType": "ADD",
              "scale": 3,
              "abilityScriptList": [
                {
                  "scriptName": "GiveBuffOnSucceedAttack",
                  "buffData": {
                    "buffKeyword": "Laceration",
                    "target": "Target",
                    "stack": 4,
                    "turn": 0,
                    "activeRound": 0
                  }
                }
              ]
            },
            {
              "operatorType": "ADD",
              "scale": 3,
              "abilityScriptList": [
                {
                  "scriptName": "GiveBuffOnSucceedAttack",
                  "buffData": {
                    "buffKeyword": "Laceration",
                    "target": "Target",
                    "stack": 4,
                    "turn": 0,
                    "activeRound": 0
                  }
                }
              ]
            },
            {
              "operatorType": "ADD",
              "scale": 3,
              "abilityScriptList": [
                {
                  "scriptName": "AbsorptionBuffStackAndRecoverHp",
                  "buffData": {
                    "buffKeyword": "Laceration",
                    "buffOwner": "Target",
                    "stack": 10,
                    "value": 0.02
                  }
                }
              ]
            }
          ]
        }
      ]
    },
    {
      "id": 9014604,
      "skillTier": 2,
      "skillType": "SKILL",
      "skillData": [
        {
          "skillTargetType": "FRONT",
          "canTeamKill": false,
          "canDuel": false,
          "canChangeTarget": true,
          "attributeType": "CRIMSON",
          "atkType": "SLASH",
          "defType": "COUNTER",
          "skillMotion": "S1",
          "viewType": "BATTLE",
          "parryingCloseType": "NEAR",
          "targetNum": 1,
          "defaultValue": 6,
          "skillLevelCorrection": 0,
          "abilityScriptList": [
            {
              "scriptName": "SkillPowerAdderViaBuffCheckDevideByTurnWithLimit2",
              "buffData": {
                "buffKeyword": "Laceration",
                "buffOwner": "Self",
                "stack": 0,
                "turn": 3,
                "value": 1
              }
            }
          ],
          "coinList": [
            {
              "operatorType": "ADD",
              "scale": 1,
              "abilityScriptList": [
                {
                  "scriptName": "GiveBuffOnSucceedAttack",
                  "buffData": {
                    "buffKeyword": "Laceration",
                    "target": "Target",
                    "stack": 2,
                    "turn": 0,
                    "activeRound": 0
                  }
                }
              ]
            }
          ]
        }
      ]
    },
    {
      "id": 9014701,
      "skillTier": 1,
      "skillType": "SKILL",
      "skillData": [
        {
          "skillTargetType": "FRONT",
          "canTeamKill": false,
          "canDuel": true,
          "canChangeTarget": true,
          "attributeType": "CRIMSON",
          "atkType": "HIT",
          "defType": "ATTACK",
          "skillMotion": "S1",
          "viewType": "BATTLE",
          "parryingCloseType": "NEAR",
          "targetNum": 1,
          "defaultValue": 2,
          "skillLevelCorrection": -3,
          "coinList": [
            {
              "operatorType": "ADD",
              "scale": 5,
              "abilityScriptList": [
                {
                  "scriptName": "GiveBuffOnSucceedAttack",
                  "buffData": {
                    "buffKeyword": "Laceration",
                    "target": "Target",
                    "stack": 2,
                    "turn": 0,
                    "activeRound": 0
                  }
                },
                {
                    "scriptName": "GiveBuffOnSucceedAttack",
                    "buffData": {
                        "buffKeyword": "Laceration",
                        "target": "Target",
                        "stack": 0,
                        "turn": 1,
                        "activeRound": 0
                    }
                }
              ]
            }
          ]
        }
      ]
    },
    {
      "id": 9014702,
      "skillTier": 2,
      "skillType": "SKILL",
      "skillData": [
        {
          "skillTargetType": "FRONT",
          "canTeamKill": false,
          "canDuel": true,
          "canChangeTarget": true,
          "attributeType": "AMBER",
          "atkType": "HIT",
          "defType": "ATTACK",
          "skillMotion": "S2",
          "viewType": "BATTLE",
          "parryingCloseType": "NEAR",
          "targetNum": 1,
          "defaultValue": 3,
          "skillLevelCorrection": -3,
          "coinList": [
            {
              "operatorType": "ADD",
              "scale": 8,
              "abilityScriptList": [
                {
                  "scriptName": "GiveBuffOnSucceedAttack",
                  "buffData": {
                    "buffKeyword": "Laceration",
                    "target": "Target",
                    "stack": 3,
                    "turn": 0,
                    "activeRound": 0
                  }
                },
                {
                    "scriptName": "GiveBuffOnSucceedAttack",
                    "buffData": {
                      "buffKeyword": "Laceration",
                      "target": "Target",
                      "stack": 0,
                      "turn": 1,
                      "activeRound": 0
                    }
                }
              ]
            }
          ]
        }
      ]
    },
    {
      "id": 9014703,
      "skillTier": 2,
      "skillType": "SKILL",
      "skillData": [
        {
          "skillTargetType": "FRONT",
          "canTeamKill": false,
          "canDuel": true,
          "canChangeTarget": true,
          "attributeType": "SCARLET",
          "atkType": "HIT",
          "defType": "ATTACK",
          "skillMotion": "S3",
          "viewType": "BATTLE",
          "parryingCloseType": "NEAR",
          "targetNum": 1,
          "defaultValue": 3,
          "skillLevelCorrection": 0,
          "abilityScriptList": [
            {
              "scriptName": "AttackDmgUpByRatioViaBuffCheck",
              "buffData": {
                "buffKeyword": "Laceration",
                "buffOwner": "Target",
                "stack": 10,
                "turn": 0,
                "value": 0.2
              }
            }
          ],
          "coinList": [
            {
              "operatorType": "ADD",
              "scale": 3,
              "abilityScriptList": [
                {
                  "scriptName": "GiveBuffOnSucceedAttack",
                  "buffData": {
                    "buffKeyword": "Laceration",
                    "target": "Target",
                    "stack": 4,
                    "turn": 0,
                    "activeRound": 0
                  }
                }
              ]
            },
            {
              "operatorType": "ADD",
              "scale": 3,
              "abilityScriptList": [
                {
                  "scriptName": "GiveBuffOnSucceedAttack",
                  "buffData": {
                    "buffKeyword": "Laceration",
                    "target": "Target",
                    "stack": 4,
                    "turn": 0,
                    "activeRound": 0
                  }
                }
              ]
            },
            {
              "operatorType": "ADD",
              "scale": 3,
              "abilityScriptList": [
                {
                  "scriptName": "AbsorptionBuffStackAndRecoverHp",
                  "buffData": {
                    "buffKeyword": "Laceration",
                    "buffOwner": "Target",
                    "stack": 10,
                    "value": 0.02
                  }
                }
              ]
            }
          ]
        }
      ]
    },
    {
      "id": 9014704,
      "skillTier": 2,
      "skillType": "SKILL",
      "skillData": [
        {
          "skillTargetType": "FRONT",
          "canTeamKill": false,
          "canDuel": false,
          "canChangeTarget": true,
          "attributeType": "CRIMSON",
          "atkType": "HIT",
          "defType": "COUNTER",
          "skillMotion": "S1",
          "viewType": "BATTLE",
          "parryingCloseType": "NEAR",
          "targetNum": 1,
          "defaultValue": 6,
          "skillLevelCorrection": 0,
          "abilityScriptList": [
            {
              "scriptName": "SkillPowerAdderViaBuffCheckDevideByTurnWithLimit2",
              "buffData": {
                "buffKeyword": "Laceration",
                "buffOwner": "Self",
                "stack": 0,
                "turn": 3,
                "value": 1
              }
            }
          ],
          "coinList": [
            {
              "operatorType": "ADD",
              "scale": 1,
              "abilityScriptList": [
                {
                  "scriptName": "GiveBuffOnSucceedAttack",
                  "buffData": {
                    "buffKeyword": "Laceration",
                    "target": "Target",
                    "stack": 2,
                    "turn": 0,
                    "activeRound": 0
                  }
                }
              ]
            }
          ]
        }
      ]
    },
    {
      "id": 9101801,
      "skillTier": 1,
      "skillData": [
          {
              "skillTargetType": "FRONT",
              "canTeamKill": false,
              "canDuel": true,
              "canChangeTarget": true,
              "attributeType": "CRIMSON",
              "atkType": "HIT",
              "defType": "ATTACK",
              "skillMotion": "S1",
              "viewType": "BATTLE",
              "parryingCloseType": "NEAR",
              "targetNum": 1,
              "defaultValue": 4,
              "skillLevelCorrection": 3,
              "abilityScriptList": [
                  {
                      "scriptName": "EmptyBody"
                  },
                  {
                      "scriptName": "AddCoinAdder1AfterSelfTurnCheckAndUseOnUseSkill_Charge_10_3"
                  },
                  {
                      "scriptName": "AddDmgMultiplier20AfterSelfTurnCheckAndUseOnUseSkill_Charge_10_3"
                  },
                  {
                      "scriptName": "ConvertSelfHpToBuffOnUseIfPassBlewBuffCheck",
                      "buffData": {
                          "buffKeyword": "Charge",
                          "buffOwner": "AbnormalitySelf",
                          "target": "AbnormalitySelf",
                          "stack": 0,
                          "turn": 5,
                          "activeRound": 0,
                          "value": 10,
                          "limit": 0
                      }
                  }
              ],
              "coinList": [
                  {
                      "operatorType": "ADD",
                      "scale": 6,
                      "abilityScriptList": [
                          {
                              "scriptName": "GiveBuffOnSucceedAttack",
                              "buffData": {
                                  "buffKeyword": "Laceration",
                                  "target": "Target",
                                  "stack": 3,
                                  "turn": 0,
                                  "activeRound": 0
                              }
                          },
                          {
                              "scriptName": "GiveBuffOnSucceedAttack",
                              "buffData": {
                                  "buffKeyword": "Binding",
                                  "target": "Target",
                                  "stack": 1,
                                  "turn": 0,
                                  "activeRound": 1
                              }
                          }
                      ]
                  }
              ]
          }
      ]
  },
  {
      "id": 9101802,
      "skillTier": 2,
      "skillData": [
          {
              "skillTargetType": "FRONT",
              "canTeamKill": false,
              "canDuel": true,
              "canChangeTarget": true,
              "attributeType": "SCARLET",
              "atkType": "HIT",
              "defType": "ATTACK",
              "skillMotion": "S2",
              "viewType": "BATTLE",
              "parryingCloseType": "NEAR",
              "targetNum": 1,
              "defaultValue": 4,
              "skillLevelCorrection": 3,
              "abilityScriptList": [
                  {
                      "scriptName": "EmptyBody"
                  },
                  {
                      "scriptName": "AddCoinAdder1AfterSelfTurnCheckAndUseOnUseSkill_Charge_10_3"
                  },
                  {
                      "scriptName": "AddDmgMultiplier20AfterSelfTurnCheckAndUseOnUseSkill_Charge_10_3"
                  },
                  {
                      "scriptName": "ConvertSelfHpToBuffOnUseIfPassBlewBuffCheck",
                      "buffData": {
                          "buffKeyword": "Charge",
                          "buffOwner": "AbnormalitySelf",
                          "target": "AbnormalitySelf",
                          "stack": 0,
                          "turn": 5,
                          "activeRound": 0,
                          "value": 10,
                          "limit": 0
                      }
                  }
              ],
              "coinList": [
                  {
                      "operatorType": "ADD",
                      "scale": 3,
                      "abilityScriptList": [
                          {
                              "scriptName": "GiveBuffOnSucceedAttack",
                              "buffData": {
                                  "buffKeyword": "Laceration",
                                  "target": "Target",
                                  "stack": 3,
                                  "turn": 0,
                                  "activeRound": 0
                              }
                          },
                          {
                              "scriptName": "GiveBuffOnSucceedAttack",
                              "buffData": {
                                  "buffKeyword": "Paralysis",
                                  "target": "Target",
                                  "stack": 2,
                                  "turn": 0,
                                  "activeRound": 0
                              }
                          }
                      ]
                  },
                  {
                      "operatorType": "ADD",
                      "scale": 3,
                      "abilityScriptList": [
                          {
                              "scriptName": "GiveBuffOnSucceedAttack",
                              "buffData": {
                                  "buffKeyword": "Laceration",
                                  "target": "Target",
                                  "stack": 2,
                                  "turn": 0,
                                  "activeRound": 0
                              }
                          },
                          {
                              "scriptName": "GiveBuffOnSucceedAttack",
                              "buffData": {
                                  "buffKeyword": "Laceration",
                                  "target": "Target",
                                  "stack": 0,
                                  "turn": 1,
                                  "activeRound": 0
                              }
                          }
                      ]
                  },
                  {
                      "operatorType": "ADD",
                      "scale": 3,
                      "abilityScriptList": [
                          {
                              "scriptName": "GiveBuffOnSucceedAttack",
                              "buffData": {
                                  "buffKeyword": "Laceration",
                                  "target": "Target",
                                  "stack": 2,
                                  "turn": 0,
                                  "activeRound": 0
                              }
                          },
                          {
                              "scriptName": "GiveBuffOnSucceedAttack",
                              "buffData": {
                                  "buffKeyword": "Laceration",
                                  "target": "Target",
                                  "stack": 0,
                                  "turn": 1,
                                  "activeRound": 0
                              }
                          }
                      ]
                  }
              ]
          }
      ]
  },
  {
      "id": 9101803,
      "skillTier": 3,
      "skillData": [
          {
              "skillTargetType": "FRONT",
              "canTeamKill": false,
              "canDuel": true,
              "canChangeTarget": true,
              "attributeType": "INDIGO",
              "atkType": "SLASH",
              "defType": "ATTACK",
              "skillMotion": "S3",
              "viewType": "BATTLE",
              "parryingCloseType": "NEAR",
              "targetNum": 1,
              "defaultValue": 5,
              "skillLevelCorrection": 5,
              "abilityScriptList": [
                  {
                      "scriptName": "EmptyBody"
                  },
                  {
                      "scriptName": "ConvertSelfHpToBuffOnUse",
                      "buffData": {
                          "buffKeyword": "Charge",
                          "target": "AbnormalitySelf",
                          "buffOwner": "",
                          "stack": 0,
                          "turn": 15,
                          "activeRound": 0,
                          "value": 10,
                          "limit": 0
                      }
                  }
              ],
              "coinList": [
                  {
                      "operatorType": "ADD",
                      "scale": 5,
                      "abilityScriptList": [
                          {
                              "scriptName": "GiveBuffOnSucceedAttack",
                              "buffData": {
                                  "buffKeyword": "Laceration",
                                  "target": "Target",
                                  "stack": 4,
                                  "turn": 0,
                                  "activeRound": 0
                              }
                          },
                          {
                              "scriptName": "GiveBuffOnSucceedAttack",
                              "buffData": {
                                  "buffKeyword": "Laceration",
                                  "target": "Target",
                                  "stack": 0,
                                  "turn": 1,
                                  "activeRound": 0
                              }
                          }
                      ]
                  },
                  {
                      "operatorType": "ADD",
                      "scale": 5,
                      "abilityScriptList": [
                          {
                              "scriptName": "GiveBuffOnSucceedAttack",
                              "buffData": {
                                  "buffKeyword": "Laceration",
                                  "target": "Target",
                                  "stack": 6,
                                  "turn": 0,
                                  "activeRound": 0
                              }
                          },
                          {
                              "scriptName": "GiveBuffOnSucceedAttack",
                              "buffData": {
                                  "buffKeyword": "Laceration",
                                  "target": "Target",
                                  "stack": 0,
                                  "turn": 2,
                                  "activeRound": 0
                              }
                          },
                          {
                              "scriptName": "GiveBuffOnSucceedAttack",
                              "buffData": {
                                  "buffKeyword": "AttackDown",
                                  "target": "Target",
                                  "stack": 2,
                                  "turn": 0,
                                  "activeRound": 0
                              }
                          }
                      ]
                  }
              ]
          }
      ]
  },
  {
      "id": 9101804,
      "skillTier": 1,
      "skillData": [
          {
              "skillTargetType": "FRONT",
              "canTeamKill": false,
              "canDuel": false,
              "canChangeTarget": true,
              "attributeType": "CRIMSON",
              "atkType": "NONE",
              "defType": "GUARD",
              "skillMotion": "Default",
              "viewType": "BATTLE",
              "parryingCloseType": "NEAR",
              "targetNum": 1,
              "defaultValue": 5,
              "skillLevelCorrection": 2,
              "abilityScriptList": [
                  {
                      "scriptName": "EmptyBody"
                  },
                  {
                      "scriptName": "SkillPowerAdderOnUseViaBuffCheckDevideByTurnWithLimit2",
                      "buffData": {
                          "buffKeyword": "Laceration",
                          "target": "",
                          "buffOwner": "Self",
                          "stack": 1,
                          "turn": 3,
                          "activeRound": 0,
                          "value": 1
                      }
                  }
              ],
              "coinList": [
                  {
                      "operatorType": "ADD",
                      "scale": 5,
                      "abilityScriptList": []
                  }
              ]
          }
      ]
  },
  {
      "id": 9101805,
      "skillTier": 2,
      "skillData": [
          {
              "skillTargetType": "FRONT",
              "canTeamKill": false,
              "canDuel": true,
              "canChangeTarget": true,
              "attributeType": "SCARLET",
              "atkType": "HIT",
              "defType": "ATTACK",
              "skillMotion": "S2",
              "viewType": "BATTLE",
              "parryingCloseType": "NEAR",
              "targetNum": 1,
              "defaultValue": 4,
              "skillLevelCorrection": 3,
              "abilityScriptList": [
                  {
                      "scriptName": "EmptyBody"
                  },
                  {
                      "scriptName": "AddCoinAdder1AfterSelfTurnCheckAndUseOnUseSkill_Charge_10_3"
                  },
                  {
                      "scriptName": "AddDmgMultiplier20AfterSelfTurnCheckAndUseOnUseSkill_Charge_10_3"
                  },
                  {
                      "scriptName": "ConvertSelfHpToBuffOnUseIfPassBlewBuffCheck",
                      "buffData": {
                          "buffKeyword": "Charge",
                          "buffOwner": "AbnormalitySelf",
                          "target": "AbnormalitySelf",
                          "stack": 0,
                          "turn": 5,
                          "activeRound": 0,
                          "value": 10,
                          "limit": 0
                      }
                   }
              ],
              "coinList": [
                  {
                      "operatorType": "ADD",
                      "scale": 4,
                      "abilityScriptList": [
                          {
                              "scriptName": "GiveBuffOnSucceedAttack",
                              "buffData": {
                                  "buffKeyword": "Laceration",
                                  "target": "Target",
                                  "stack": 3,
                                  "turn": 0,
                                  "activeRound": 0
                              }
                          }
                      ]
                  },
                  {
                      "operatorType": "ADD",
                      "scale": 3,
                      "abilityScriptList": [
                          {
                              "scriptName": "GiveBuffOnSucceedAttack",
                              "buffData": {
                                  "buffKeyword": "Laceration",
                                  "target": "Target",
                                  "stack": 4,
                                  "turn": 0,
                                  "activeRound": 0
                              }
                          },
                          {
                              "scriptName": "GiveBuffOnSucceedAttack",
                              "buffData": {
                                  "buffKeyword": "Laceration",
                                  "target": "Target",
                                  "stack": 0,
                                  "turn": 1,
                                  "activeRound": 0
                              }
                          }
                      ]
                  }
              ]
          }
      ]
  },
  {
      "id": 9101806,
      "skillTier": 3,
      "skillData": [
          {
              "skillTargetType": "FRONT",
              "canTeamKill": false,
              "canDuel": true,
              "canChangeTarget": true,
              "attributeType": "INDIGO",
              "atkType": "SLASH",
              "defType": "ATTACK",
              "skillMotion": "S3",
              "viewType": "BATTLE",
              "parryingCloseType": "NEAR",
              "targetNum": 1,
              "defaultValue": 5,
              "skillLevelCorrection": 5,
              "abilityScriptList": [
                  {
                      "scriptName": "EmptyBody"
                  },
                  {
                    "scriptName": "ConvertSelfHpToBuffOnUse",
                    "buffData": {
                        "buffKeyword": "Charge",
                        "target": "AbnormalitySelf",
                        "buffOwner": "",
                        "stack": 0,
                        "turn": 15,
                        "activeRound": 0,
                        "value": 10,
                        "limit": 0
                    }
                }
              ],
              "coinList": [
                  {
                      "operatorType": "ADD",
                      "scale": 4,
                      "abilityScriptList": [
                          {
                              "scriptName": "GiveBuffOnSucceedAttack",
                              "buffData": {
                                  "buffKeyword": "Laceration",
                                  "target": "Target",
                                  "stack": 4,
                                  "turn": 0,
                                  "activeRound": 0
                              }
                          },
                          {
                              "scriptName": "GiveBuffOnSucceedAttack",
                              "buffData": {
                                  "buffKeyword": "Vulnerable",
                                  "target": "Target",
                                  "stack": 1,
                                  "turn": 0,
                                  "activeRound": 0
                              }
                          }
                      ]
                  },
                  {
                      "operatorType": "ADD",
                      "scale": 4,
                      "abilityScriptList": [
                          {
                              "scriptName": "GiveBuffOnSucceedAttack",
                              "buffData": {
                                  "buffKeyword": "Laceration",
                                  "target": "Target",
                                  "stack": 4,
                                  "turn": 0,
                                  "activeRound": 0
                              }
                          },
                          {
                              "scriptName": "GiveBuffOnSucceedAttack",
                              "buffData": {
                                  "buffKeyword": "Laceration",
                                  "target": "Target",
                                  "stack": 0,
                                  "turn": 1,
                                  "activeRound": 0
                              }
                          }
                      ]
                  },
                  {
                      "operatorType": "ADD",
                      "scale": 4,
                      "abilityScriptList": [
                          {
                              "scriptName": "GiveBuffOnSucceedAttack",
                              "buffData": {
                                  "buffKeyword": "Laceration",
                                  "target": "Target",
                                  "stack": 6,
                                  "turn": 0,
                                  "activeRound": 0
                              }
                          },
                          {
                              "scriptName": "GiveBuffOnSucceedAttack",
                              "buffData": {
                                  "buffKeyword": "Laceration",
                                  "target": "Target",
                                  "stack": 0,
                                  "turn": 2,
                                  "activeRound": 0
                              }
                          },
                          {
                              "scriptName": "GiveBuffOnSucceedAttack",
                              "buffData": {
                                  "buffKeyword": "AttackDown",
                                  "target": "Target",
                                  "stack": 2,
                                  "turn": 0,
                                  "activeRound": 0
                              }
                          }
                      ]
                  }
              ]
          }
      ]
  },
  {
      "id": 9015101,
      "skillTier": 1,
      "skillData": [
          {
              "skillTargetType": "FRONT",
              "canTeamKill": false,
              "canDuel": true,
              "canChangeTarget": true,
              "attributeType": "VIOLET",
              "atkType": "PENETRATE",
              "defType": "ATTACK",
              "skillMotion": "S1",
              "viewType": "BATTLE",
              "parryingCloseType": "NEAR",
              "targetNum": 1,
              "defaultValue": 3,
              "skillLevelCorrection": 0,
              "abilityScriptList": [
                  {
                      "scriptName": "EmptyBody"
                  },
                  {
                      "scriptName": "GiveBuffAfterSelfTurnCheckAndUseOnUseSkill_Charge_10_5",
                      "buffData": {
                          "buffKeyword": "AttackUp",
                          "target": "Self",
                          "stack": 3,
                          "turn": 0,
                          "activeRound": 0
                      }
                  }
              ],
              "coinList": [
                  {
                      "operatorType": "ADD",
                      "scale": 7,
                      "abilityScriptList": [
                          {
                              "scriptName": "GiveBuffOnSucceedAttack",
                              "buffData": {
                                  "buffKeyword": "Laceration",
                                  "target": "Target",
                                  "stack": 3,
                                  "turn": 0,
                                  "activeRound": 0
                              }
                          }
                      ]
                  }
              ]
          }
      ]
  },
  {
      "id": 9015102,
      "skillTier": 2,
      "skillData": [
          {
              "skillTargetType": "FRONT",
              "canTeamKill": false,
              "canDuel": true,
              "canChangeTarget": true,
              "attributeType": "SCARLET",
              "atkType": "PENETRATE",
              "defType": "ATTACK",
              "skillMotion": "S2",
              "viewType": "BATTLE",
              "parryingCloseType": "NEAR",
              "targetNum": 1,
              "defaultValue": 5,
              "skillLevelCorrection": 0,
              "abilityScriptList": [
                  {
                      "scriptName": "EmptyBody"
                  },
                  {
                      "scriptName": "ChargeBoostOnBattleStart"
                  },
                  {
                      "scriptName": "GiveBuffAfterSelfTurnCheckAndUseOnUseSkill_Charge_10_5",
                      "buffData": {
                          "buffKeyword": "AttackUp",
                          "target": "Self",
                          "stack": 3,
                          "turn": 0,
                          "activeRound": 0
                      }
                  }
              ],
              "coinList": [
                  {
                      "operatorType": "ADD",
                      "scale": 4,
                      "abilityScriptList": [
                          {
                              "scriptName": "GiveBuffOnSucceedAttack",
                              "buffData": {
                                  "buffKeyword": "Laceration",
                                  "target": "Target",
                                  "stack": 4,
                                  "turn": 0,
                                  "activeRound": 0
                              }
                          }
                      ]
                  },
                  {
                      "operatorType": "ADD",
                      "scale": 4,
                      "abilityScriptList": [
                          {
                              "scriptName": "GiveBuffOnSucceedAttack",
                              "buffData": {
                                  "buffKeyword": "Laceration",
                                  "target": "Target",
                                  "stack": 2,
                                  "turn": 0,
                                  "activeRound": 0
                              }
                          },
                          {
                              "scriptName": "GiveBuffOnSucceedAttack",
                              "buffData": {
                                  "buffKeyword": "Binding",
                                  "target": "Target",
                                  "stack": 2,
                                  "turn": 0,
                                  "activeRound": 1
                              }
                          }
                      ]
                  }
              ]
          }
      ]
  },
  {
      "id": 9015103,
      "skillTier": 3,
      "skillData": [
          {
              "skillTargetType": "FRONT",
              "canTeamKill": false,
              "canDuel": true,
              "canChangeTarget": true,
              "attributeType": "CRIMSON",
              "atkType": "SLASH",
              "defType": "ATTACK",
              "skillMotion": "S3",
              "viewType": "BATTLE",
              "parryingCloseType": "NEAR",
              "targetNum": 1,
              "defaultValue": 4,
              "skillLevelCorrection": 1,
              "abilityScriptList": [
                  {
                      "scriptName": "EmptyBody"
                  },
                  {
                      "scriptName": "ConvertSelfHpToBuffOnUse",
                      "buffData": {
                          "buffKeyword": "Charge",
                          "buffOwner": "AbnormalitySelf",
                          "target": "AbnormalitySelf",
                          "stack": 0,
                          "turn": 10,
                          "activeRound": 0,
                          "value": 10,
                          "limit": 0
                      }
                  }
              ],
              "coinList": [
                  {
                      "operatorType": "ADD",
                      "scale": 5,
                      "abilityScriptList": [
                          {
                              "scriptName": "GiveBuffOnSucceedAttack",
                              "buffData": {
                                  "buffKeyword": "Laceration",
                                  "target": "Target",
                                  "stack": 0,
                                  "turn": 3,
                                  "activeRound": 0
                              }
                          }
                      ]
                  },
                  {
                      "operatorType": "ADD",
                      "scale": 5,
                      "abilityScriptList": [
                          {
                              "scriptName": "GiveBuffOnSucceedAttack",
                              "buffData": {
                                  "buffKeyword": "Laceration",
                                  "target": "Target",
                                  "stack": 6,
                                  "turn": 0,
                                  "activeRound": 0
                              }
                          },
                          {
                              "scriptName": "GiveBuffOnSucceedAttack",
                              "buffData": {
                                  "buffKeyword": "Laceration",
                                  "target": "Target",
                                  "stack": 0,
                                  "turn": 2,
                                  "activeRound": 0
                              }
                          },
                          {
                              "scriptName": "GiveBuffOnSucceedAttack",
                              "buffData": {
                                  "buffKeyword": "Paralysis",
                                  "target": "Target",
                                  "stack": 2,
                                  "turn": 0,
                                  "activeRound": 0
                              }
                          }
                      ]
                  }
              ]
          }
      ]
  },
  {
      "id": 9015104,
      "skillTier": 1,
      "skillData": [
          {
              "skillTargetType": "FRONT",
              "canTeamKill": false,
              "canDuel": false,
              "canChangeTarget": true,
              "attributeType": "CRIMSON",
              "atkType": "SLASH",
              "defType": "COUNTER",
              "skillMotion": "S1",
              "viewType": "BATTLE",
              "targetNum": 1,
              "defaultValue": 6,
              "skillLevelCorrection": 2,
              "abilityScriptList": [
                  {
                      "scriptName": "EmptyBody"
                  },
                  {
                      "scriptName": "SkillPowerAdderOnUseViaBuffCheckDevideByTurnWithLimit2",
                      "buffData": {
                          "buffKeyword": "Laceration",
                          "target": "",
                          "buffOwner": "Self",
                          "stack": 1,
                          "turn": 3,
                          "activeRound": 0,
                          "value": 1
                      }
                  }
              ],
              "coinList": [
                  {
                      "operatorType": "ADD",
                      "scale": 6,
                      "abilityScriptList": []
                  }
              ]
          }
      ]
  },
  {
      "id": 9014801,
      "skillTier": 1,
      "skillData": [
          {
              "skillTargetType": "FRONT",
              "canTeamKill": false,
              "canDuel": true,
              "canChangeTarget": true,
              "attributeType": "SCARLET",
              "atkType": "SLASH",
              "defType": "ATTACK",
              "skillMotion": "S1",
              "viewType": "BATTLE",
              "parryingCloseType": "NEAR",
              "targetNum": 1,
              "defaultValue": 5,
              "skillLevelCorrection": -1,
              "abilityScriptList": [
                  {
                      "scriptName": "EmptyBody"
                  },
                  {
                      "scriptName": "GiveBuffOnUse",
                      "buffData": {
                          "buffKeyword": "Charge",
                          "target": "Self",
                          "stack": 0,
                          "turn": 2,
                          "activeRound": 0
                      }
                  }
              ],
              "coinList": [
                  {
                      "operatorType": "ADD",
                      "scale": 5,
                      "abilityScriptList": [
                          {
                              "scriptName": "GiveBuffOnSucceedAttack",
                              "buffData": {
                                  "buffKeyword": "Charge",
                                  "target": "AbnormalitySelf",
                                  "stack": 0,
                                  "turn": 2,
                                  "activeRound": 0
                              }
                          },
                          {
                              "scriptName": "GiveBuffOnSucceedAttack",
                              "buffData": {
                                  "buffKeyword": "Laceration",
                                  "target": "Target",
                                  "stack": 3,
                                  "turn": 0,
                                  "activeRound": 0
                              }
                          }
                      ]
                  }
              ]
          }
      ]
  },
  {
      "id": 9014802,
      "skillTier": 2,
      "skillData": [
          {
              "skillTargetType": "FRONT",
              "canTeamKill": false,
              "canDuel": true,
              "canChangeTarget": true,
              "attributeType": "INDIGO",
              "atkType": "SLASH",
              "defType": "ATTACK",
              "skillMotion": "S2",
              "viewType": "BATTLE",
              "parryingCloseType": "NEAR",
              "targetNum": 1,
              "defaultValue": 5,
              "skillLevelCorrection": -1,
              "abilityScriptList": [
                  {
                      "scriptName": "EmptyBody"
                  },
                  {
                      "scriptName": "GiveBuffOnUse",
                      "buffData": {
                          "buffKeyword": "Charge",
                          "target": "AbnormalitySelf",
                          "stack": 0,
                          "turn": 5,
                          "activeRound": 0
                      }
                  }
              ],
              "coinList": [
                  {
                      "operatorType": "ADD",
                      "scale": 4,
                      "abilityScriptList": [
                          {
                              "scriptName": "GiveBuffOnSucceedAttack",
                              "buffData": {
                                  "buffKeyword": "Charge",
                                  "target": "AbnormalitySelf",
                                  "stack": 0,
                                  "turn": 2,
                                  "activeRound": 0
                              }
                          },
                          {
                              "scriptName": "GiveBuffOnSucceedAttack",
                              "buffData": {
                                  "buffKeyword": "Laceration",
                                  "target": "Target",
                                  "stack": 3,
                                  "turn": 0,
                                  "activeRound": 0
                              }
                          }
                      ]
                  },
                  {
                      "operatorType": "ADD",
                      "scale": 4,
                      "abilityScriptList": [
                          {
                              "scriptName": "GiveBuffOnSucceedAttack",
                              "buffData": {
                                  "buffKeyword": "Charge",
                                  "target": "AbnormalitySelf",
                                  "stack": 0,
                                  "turn": 2,
                                  "activeRound": 0
                              }
                          },
                          {
                              "scriptName": "GiveBuffOnSucceedAttack",
                              "buffData": {
                                  "buffKeyword": "Laceration",
                                  "target": "Target",
                                  "stack": 3,
                                  "turn": 0,
                                  "activeRound": 0
                              }
                          }
                      ]
                  }
              ]
          }
      ]
  },
  {
      "id": 9014803,
      "skillTier": 3,
      "skillData": [
          {
              "skillTargetType": "FRONT",
              "canTeamKill": false,
              "canDuel": true,
              "canChangeTarget": true,
              "attributeType": "VIOLET",
              "atkType": "SLASH",
              "defType": "ATTACK",
              "skillMotion": "S3",
              "viewType": "BATTLE",
              "parryingCloseType": "NEAR",
              "targetNum": 1,
              "defaultValue": 5,
              "skillLevelCorrection": 2,
              "abilityScriptList": [
                  {
                      "scriptName": "EmptyBody"
                  },
                  {
                      "scriptName": "UsedSelfHpAndChargeOnUse_15_2_coinScaleAdder2"
                  }
              ],
              "coinList": [
                  {
                      "operatorType": "ADD",
                      "scale": 4,
                      "abilityScriptList": [
                          {
                              "scriptName": "GiveBuffOnSucceedAttack",
                              "buffData": {
                                  "buffKeyword": "Laceration",
                                  "target": "Target",
                                  "stack": 6,
                                  "turn": 0,
                                  "activeRound": 0
                              }
                          }
                      ]
                  },
                  {
                      "operatorType": "ADD",
                      "scale": 4,
                      "abilityScriptList": [
                          {
                              "scriptName": "GiveBuffOnSucceedAttack",
                              "buffData": {
                                  "buffKeyword": "DefenseDown",
                                  "target": "Target",
                                  "stack": 6,
                                  "turn": 0,
                                  "activeRound": 0
                              }
                          },
                          {
                              "scriptName": "AbsorptionBuffStackAndRecoverHp",
                              "buffData": {
                                  "buffKeyword": "Laceration",
                                  "buffOwner": "Target",
                                  "stack": 10,
                                  "value": 0.02
                              }
                          }
                      ]
                  }
              ]
          }
      ]
  },
  {
      "id": 9014804,
      "skillTier": 1,
      "skillData": [
          {
              "skillTargetType": "FRONT",
              "canTeamKill": false,
              "canDuel": false,
              "canChangeTarget": true,
              "attributeType": "CRIMSON",
              "atkType": "NONE",
              "defType": "GUARD",
              "skillMotion": "Default",
              "viewType": "BATTLE",
              "parryingCloseType": "NEAR",
              "targetNum": 1,
              "defaultValue": 8,
              "skillLevelCorrection": 0,
              "abilityScriptList": [
                  {
                      "scriptName": "EmptyBody"
                  },
                  {
                      "scriptName": "SkillPowerAdderOnUseViaBuffCheckDevideByTurnWithLimit2",
                      "buffData": {
                          "buffKeyword": "Laceration",
                          "target": "",
                          "buffOwner": "Self",
                          "stack": 1,
                          "turn": 3,
                          "activeRound": 0,
                          "value": 1
                      }
                  }
              ],
              "coinList": [
                  {
                      "operatorType": "ADD",
                      "scale": 4,
                      "abilityScriptList": []
                  }
              ]
          }
      ]
  },
  {
      "id": 9014901,
      "skillTier": 1,
      "skillData": [
          {
              "skillTargetType": "FRONT",
              "canTeamKill": false,
              "canDuel": true,
              "canChangeTarget": true,
              "attributeType": "SCARLET",
              "atkType": "PENETRATE",
              "defType": "ATTACK",
              "skillMotion": "S1",
              "viewType": "BATTLE",
              "parryingCloseType": "NEAR",
              "targetNum": 1,
              "skillLevelCorrection": 1,
              "defaultValue": 5,
              "abilityScriptList": [
                  {
                      "scriptName": "EmptyBody"
                  },
                  {
                      "scriptName": "GiveBuffOnUse",
                      "buffData": {
                          "buffKeyword": "Charge",
                          "target": "Self",
                          "stack": 0,
                          "turn": 2,
                          "activeRound": 0
                      }
                  }
              ],
              "coinList": [
                  {
                      "operatorType": "ADD",
                      "scale": 5,
                      "abilityScriptList": [
                          {
                              "scriptName": "GiveBuffOnSucceedAttack",
                              "buffData": {
                                  "buffKeyword": "Charge",
                                  "target": "AbnormalitySelf",
                                  "stack": 0,
                                  "turn": 2,
                                  "activeRound": 0
                              }
                          },
                          {
                              "scriptName": "GiveBuffOnSucceedAttack",
                              "buffData": {
                                  "buffKeyword": "Laceration",
                                  "target": "Target",
                                  "stack": 0,
                                  "turn": 2,
                                  "activeRound": 0
                              }
                          }
                      ]
                  }
              ]
          }
      ]
  },
  {
      "id": 9014902,
      "skillTier": 2,
      "skillData": [
          {
              "skillTargetType": "FRONT",
              "canTeamKill": false,
              "canDuel": true,
              "canChangeTarget": true,
              "attributeType": "AZURE",
              "atkType": "SLASH",
              "defType": "ATTACK",
              "skillMotion": "S2",
              "viewType": "BATTLE",
              "parryingCloseType": "NEAR",
              "targetNum": 1,
              "skillLevelCorrection": 1,
              "defaultValue": 5,
              "abilityScriptList": [
                  {
                      "scriptName": "EmptyBody"
                  },
                  {
                      "scriptName": "GiveBuffOnUse",
                      "buffData": {
                          "buffKeyword": "Charge",
                          "target": "AbnormalitySelf",
                          "stack": 0,
                          "turn": 5,
                          "activeRound": 0
                      }
                  }
              ],
              "coinList": [
                  {
                      "operatorType": "ADD",
                      "scale": 4,
                      "abilityScriptList": [
                          {
                              "scriptName": "GiveBuffOnSucceedAttack",
                              "buffData": {
                                  "buffKeyword": "Charge",
                                  "target": "AbnormalitySelf",
                                  "stack": 0,
                                  "turn": 2,
                                  "activeRound": 0
                              }
                          },
                          {
                              "scriptName": "GiveBuffOnSucceedAttack",
                              "buffData": {
                                  "buffKeyword": "Laceration",
                                  "target": "Target",
                                  "stack": 0,
                                  "turn": 2,
                                  "activeRound": 0
                              }
                          }
                      ]
                  },
                  {
                      "operatorType": "ADD",
                      "scale": 4,
                      "abilityScriptList": [
                          {
                              "scriptName": "GiveBuffOnSucceedAttack",
                              "buffData": {
                                  "buffKeyword": "Charge",
                                  "target": "AbnormalitySelf",
                                  "stack": 0,
                                  "turn": 2,
                                  "activeRound": 0
                              }
                          },
                          {
                              "scriptName": "GiveBuffOnSucceedAttack",
                              "buffData": {
                                  "buffKeyword": "Laceration",
                                  "target": "Target",
                                  "stack": 0,
                                  "turn": 2,
                                  "activeRound": 0
                              }
                          }
                      ]
                  }
              ]
          }
      ]
  },
  {
      "id": 9014903,
      "skillTier": 3,
      "skillData": [
          {
              "skillTargetType": "FRONT",
              "canTeamKill": false,
              "canDuel": true,
              "canChangeTarget": true,
              "attributeType": "VIOLET",
              "atkType": "SLASH",
              "defType": "ATTACK",
              "skillMotion": "S3",
              "viewType": "BATTLE",
              "parryingCloseType": "NEAR",
              "targetNum": 1,
              "skillLevelCorrection": 4,
              "defaultValue": 5,
              "abilityScriptList": [
                  {
                      "scriptName": "EmptyBody"
                  },
                  {
                      "scriptName": "UsedSelfHpAndChargeOnUse_15_2_coinScaleAdder2"
                  }
              ],
              "coinList": [
                  {
                      "operatorType": "ADD",
                      "scale": 4,
                      "abilityScriptList": [
                          {
                              "scriptName": "GiveBuffOnSucceedAttack",
                              "buffData": {
                                  "buffKeyword": "Laceration",
                                  "target": "Target",
                                  "stack": 6,
                                  "turn": 0,
                                  "activeRound": 0
                              }
                          },
                          {
                              "scriptName": "GiveBuffOnSucceedAttack",
                              "buffData": {
                                  "buffKeyword": "Vulnerable",
                                  "target": "Target",
                                  "stack": 2,
                                  "turn": 0,
                                  "activeRound": 0
                              }
                          }
                      ]
                  },
                  {
                      "operatorType": "ADD",
                      "scale": 4,
                      "abilityScriptList": [
                          {
                              "scriptName": "AbsorptionBuffStackAndRecoverHp",
                              "buffData": {
                                  "buffKeyword": "Laceration",
                                  "buffOwner": "Target",
                                  "stack": 10,
                                  "value": 0.02
                              }
                          }
                      ]
                  }
              ]
          }
      ]
  },
  {
      "id": 9014904,
      "skillTier": 1,
      "skillData": [
          {
              "skillTargetType": "FRONT",
              "canTeamKill": false,
              "canDuel": true,
              "canChangeTarget": true,
              "attributeType": "CRIMSON",
              "atkType": "NONE",
              "defType": "EVADE",
              "skillMotion": "Default",
              "viewType": "BATTLE",
              "parryingCloseType": "NEAR",
              "targetNum": 1,
              "skillLevelCorrection": 0,
              "defaultValue": 4,
              "abilityScriptList": [
                  {
                      "scriptName": "EmptyBody"
                  },
                  {
                      "scriptName": "SkillPowerAdderOnUseViaBuffCheckDevideByTurnWithLimit2",
                      "buffData": {
                          "buffKeyword": "Laceration",
                          "target": "",
                          "buffOwner": "Self",
                          "stack": 1,
                          "turn": 3,
                          "activeRound": 0,
                          "value": 1
                      }
                  }
              ],
              "coinList": [
                  {
                      "operatorType": "ADD",
                      "scale": 8,
                      "abilityScriptList": []
                  }
              ]
          }
      ]
  },
  {
      "id": 9015001,
      "skillTier": 1,
      "skillData": [
          {
              "skillTargetType": "FRONT",
              "canTeamKill": false,
              "canDuel": true,
              "canChangeTarget": true,
              "attributeType": "SCARLET",
              "atkType": "PENETRATE",
              "defType": "ATTACK",
              "skillMotion": "S1",
              "viewType": "BATTLE",
              "parryingCloseType": "NEAR",
              "targetNum": 1,
              "skillLevelCorrection": 0,
              "defaultValue": 5,
              "abilityScriptList": [
                  {
                      "scriptName": "EmptyBody"
                  },
                  {
                      "scriptName": "GiveBuffOnUse",
                      "buffData": {
                          "buffKeyword": "Charge",
                          "target": "Self",
                          "stack": 0,
                          "turn": 2,
                          "activeRound": 0
                      }
                  }
              ],
              "coinList": [
                  {
                      "operatorType": "ADD",
                      "scale": 5,
                      "abilityScriptList": [
                          {
                              "scriptName": "GiveBuffOnSucceedAttack",
                              "buffData": {
                                  "buffKeyword": "Charge",
                                  "target": "AbnormalitySelf",
                                  "stack": 0,
                                  "turn": 2,
                                  "activeRound": 0
                              }
                          },
                          {
                              "scriptName": "GiveBuffOnSucceedAttack",
                              "buffData": {
                                  "buffKeyword": "Laceration",
                                  "target": "Target",
                                  "stack": 2,
                                  "turn": 0,
                                  "activeRound": 0
                              }
                          },
                          {
                              "scriptName": "GiveBuffOnSucceedAttack",
                              "buffData": {
                                  "buffKeyword": "Laceration",
                                  "target": "Target",
                                  "stack": 0,
                                  "turn": 1,
                                  "activeRound": 0
                              }
                          }
                      ]
                  }
              ]
          }
      ]
  },
  {
      "id": 9015002,
      "skillTier": 2,
      "skillData": [
          {
              "skillTargetType": "FRONT",
              "canTeamKill": false,
              "canDuel": true,
              "canChangeTarget": true,
              "attributeType": "SHAMROCK",
              "atkType": "PENETRATE",
              "defType": "ATTACK",
              "skillMotion": "S2",
              "viewType": "BATTLE",
              "parryingCloseType": "NEAR",
              "targetNum": 1,
              "skillLevelCorrection": 0,
              "defaultValue": 5,
              "abilityScriptList": [
                  {
                      "scriptName": "EmptyBody"
                  },
                  {
                      "scriptName": "GiveBuffOnUse",
                      "buffData": {
                          "buffKeyword": "Charge",
                          "target": "AbnormalitySelf",
                          "stack": 0,
                          "turn": 5,
                          "activeRound": 0
                      }
                  }
              ],
              "coinList": [
                  {
                      "operatorType": "ADD",
                      "scale": 4,
                      "abilityScriptList": [
                          {
                              "scriptName": "GiveBuffOnSucceedAttack",
                              "buffData": {
                                  "buffKeyword": "Charge",
                                  "target": "AbnormalitySelf",
                                  "stack": 0,
                                  "turn": 2,
                                  "activeRound": 0
                              }
                          },
                          {
                              "scriptName": "GiveBuffOnSucceedAttack",
                              "buffData": {
                                  "buffKeyword": "Laceration",
                                  "target": "Target",
                                  "stack": 1,
                                  "turn": 0,
                                  "activeRound": 0
                              }
                          },
                          {
                              "scriptName": "GiveBuffOnSucceedAttack",
                              "buffData": {
                                  "buffKeyword": "Laceration",
                                  "target": "Target",
                                  "stack": 0,
                                  "turn": 1,
                                  "activeRound": 0
                              }
                          }
                      ]
                  },
                  {
                      "operatorType": "ADD",
                      "scale": 4,
                      "abilityScriptList": [
                          {
                              "scriptName": "GiveBuffOnSucceedAttack",
                              "buffData": {
                                  "buffKeyword": "Charge",
                                  "target": "AbnormalitySelf",
                                  "stack": 0,
                                  "turn": 2,
                                  "activeRound": 0
                              }
                          },
                          {
                              "scriptName": "GiveBuffOnSucceedAttack",
                              "buffData": {
                                  "buffKeyword": "Laceration",
                                  "target": "Target",
                                  "stack": 2,
                                  "turn": 0,
                                  "activeRound": 0
                              }
                          },
                          {
                              "scriptName": "GiveBuffOnSucceedAttack",
                              "buffData": {
                                  "buffKeyword": "Laceration",
                                  "target": "Target",
                                  "stack": 0,
                                  "turn": 1,
                                  "activeRound": 0
                              }
                          }
                      ]
                  }
              ]
          }
      ]
  },
  {
      "id": 9015003,
      "skillTier": 3,
      "skillData": [
          {
              "skillTargetType": "FRONT",
              "canTeamKill": false,
              "canDuel": true,
              "canChangeTarget": true,
              "attributeType": "VIOLET",
              "atkType": "PENETRATE",
              "defType": "ATTACK",
              "skillMotion": "S3",
              "viewType": "BATTLE",
              "parryingCloseType": "NEAR",
              "targetNum": 1,
              "skillLevelCorrection": 2,
              "defaultValue": 5,
              "abilityScriptList": [
                  {
                      "scriptName": "EmptyBody"
                  },
                  {
                      "scriptName": "UsedSelfHpAndChargeOnUse_15_2_coinScaleAdder2"
                  }
              ],
              "coinList": [
                  {
                      "operatorType": "ADD",
                      "scale": 4,
                      "abilityScriptList": [
                          {
                              "scriptName": "GiveBuffOnSucceedAttack",
                              "buffData": {
                                  "buffKeyword": "Laceration",
                                  "target": "Target",
                                  "stack": 6,
                                  "turn": 0,
                                  "activeRound": 0
                              }
                          },
                          {
                              "scriptName": "GiveBuffOnSucceedAttack",
                              "buffData": {
                                  "buffKeyword": "Laceration",
                                  "target": "Target",
                                  "stack": 0,
                                  "turn": 1,
                                  "activeRound": 0
                              }
                          }
                      ]
                  },
                  {
                      "operatorType": "ADD",
                      "scale": 4,
                      "abilityScriptList": [
                          {
                              "scriptName": "GiveBuffOnSucceedAttack",
                              "buffData": {
                                  "buffKeyword": "AttackDown",
                                  "target": "Target",
                                  "stack": 3,
                                  "turn": 0,
                                  "activeRound": 0
                              }
                          },
                          {
                              "scriptName": "AbsorptionBuffStackAndRecoverHp",
                              "buffData": {
                                  "buffKeyword": "Laceration",
                                  "buffOwner": "Target",
                                  "stack": 10,
                                  "value": 0.02
                              }
                          }
                      ]
                  }
              ]
          }
      ]
  },
  {
      "id": 9015004,
      "skillTier": 1,
      "skillData": [
          {
              "skillTargetType": "FRONT",
              "canTeamKill": false,
              "canDuel": false,
              "canChangeTarget": true,
              "attributeType": "VIOLET",
              "atkType": "NONE",
              "defType": "GUARD",
              "skillMotion": "Default",
              "viewType": "BATTLE",
              "parryingCloseType": "NEAR",
              "targetNum": 1,
              "skillLevelCorrection": 0,
              "defaultValue": 8,
              "abilityScriptList": [
                  {
                      "scriptName": "EmptyBody"
                  },
                  {
                      "scriptName": "SkillPowerAdderOnUseViaBuffCheckDevideByTurnWithLimit2",
                      "buffData": {
                          "buffKeyword": "Laceration",
                          "target": "",
                          "buffOwner": "Self",
                          "stack": 1,
                          "turn": 3,
                          "activeRound": 0,
                          "value": 1
                      }
                  }
              ],
              "coinList": [
                  {
                      "operatorType": "ADD",
                      "scale": 4,
                      "abilityScriptList": []
                  }
              ]
          }
      ]
  }
  ]
}