{
  "list": [
    {
      "id": 124201,
      "skillTier": 1,
      "skillData": [
        {
          "iconID": "809901",
          "skillTargetType": "RANDOM",
          "canTeamKill": false,
          "canDuel": true,
          "canChangeTarget": true,
          "attributeType": "VIOLET",
          "atkType": "HIT",
          "defType": "ATTACK",
          "skillMotion": "S1",
          "viewType": "BATTLE",
          "parryingCloseType": "NEAR",
          "targetNum": 1,
          "defaultValue": 3,
          "skillLevelCorrection": 0,
          "abilityScriptList": [
            {
              "scriptName": "EmptyBody"
            }
          ],
          "coinList": [
            {
              "operatorType": "ADD",
              "scale": 2,
              "abilityScriptList": [
                {
                  "scriptName": "GiveAdditionalHitDmgOnSuccessAttackTarget3"
                }
              ]
            },
            {
              "operatorType": "ADD",
              "scale": 2,
              "abilityScriptList": [
                {
                  "scriptName": "GiveAdditionalHitDmgOnSuccessAttackTarget3"
                }
              ]
            },
            {
              "operatorType": "ADD",
              "scale": 2,
              "abilityScriptList": [
                {
                  "scriptName": "GiveBuffOnSucceedAttack",
                  "buffData": {
                    "buffKeyword": "Paralysis",
                    "target": "Target",
                    "buffOwner": "",
                    "stack": 3,
                    "turn": 0,
                    "activeRound": 0
                  }
                }
              ]
            }
          ]
        }
      ]
    },
    {
      "id": 124202,
      "skillTier": 1,
      "skillData": [
        {
          "iconID": "809902",
          "skillTargetType": "RANDOM",
          "canTeamKill": false,
          "canDuel": true,
          "canChangeTarget": true,
          "attributeType": "VIOLET",
          "atkType": "HIT",
          "defType": "ATTACK",
          "skillMotion": "S2",
          "viewType": "BATTLE",
          "parryingCloseType": "NEAR",
          "targetNum": 1,
          "defaultValue": 3,
          "skillLevelCorrection": 0,
          "abilityScriptList": [
            {
              "scriptName": "EmptyBody"
            }
          ],
          "coinList": [
            {
              "operatorType": "ADD",
              "scale": 3,
              "abilityScriptList": [
                {
                  "scriptName": "GiveAdditionalHitDmgOnSuccessAttackTarget5"
                }
              ]
            },
            {
              "operatorType": "ADD",
              "scale": 2,
              "abilityScriptList": [
                {
                  "scriptName": "GiveAdditionalHitDmgOnSuccessAttackTarget5"
                }
              ]
            },
            {
              "operatorType": "ADD",
              "scale": 2,
              "abilityScriptList": [
                {
                  "scriptName": "GiveBuffOnSucceedAttack",
                  "buffData": {
                    "buffKeyword": "Paralysis",
                    "target": "Target",
                    "buffOwner": "",
                    "stack": 3,
                    "turn": 0,
                    "activeRound": 1
                  }
                }
              ]
            }
          ]
        }
      ]
    },
    {
      "id": 124203,
      "skillTier": 1,
      "skillData": [
        {
          "iconID": "809903",
          "skillTargetType": "RANDOM",
          "canTeamKill": false,
          "canDuel": false,
          "canChangeTarget": true,
          "attributeType": "CRIMSON",
          "atkType": "HIT",
          "defType": "COUNTER",
          "skillMotion": "S3",
          "viewType": "BATTLE",
          "parryingCloseType": "NEAR",
          "targetNum": 1,
          "defaultValue": 8,
          "skillLevelCorrection": 0,
          "abilityScriptList": [
            {
              "scriptName": "EmptyBody"
            }
          ],
          "coinList": [
            {
              "operatorType": "SUB",
              "scale": 4
            },
            {
              "operatorType": "SUB",
              "scale": 4,
              "abilityScriptList": [
                {
                  "scriptName": "GiveMpDmgOnSucceedAttackTarget5"
                }
              ]
            }
          ]
        }
      ]
    },
    {
      "id": 124204,
      "skillTier": 1,
      "skillData": [
        {
          "iconID": "809906",
          "skillTargetType": "RANDOM",
          "canTeamKill": false,
          "canDuel": true,
          "canChangeTarget": true,
          "attributeType": "CRIMSON",
          "atkType": "HIT",
          "defType": "ATTACK",
          "skillMotion": "S6",
          "viewType": "BATTLE",
          "parryingCloseType": "NEAR",
          "targetNum": 1,
          "defaultValue": 10,
          "skillLevelCorrection": 0,
          "abilityScriptList": [
            {
              "scriptName": "CoinScaleAdder3IfMpLessThan0"
            },
            {
              "scriptName": "EmptyBody"
            }
          ],
          "coinList": [
            {
              "operatorType": "ADD",
              "scale": 6,
              "abilityScriptList": [
                {
                  "scriptName": "HealMpOnSucceedAttackSelf10"
                },
                {
                  "scriptName": "GiveBuffOnSucceedAttack",
                  "buffData": {
                    "buffKeyword": "Binding",
                    "target": "Target",
                    "buffOwner": "",
                    "stack": 2,
                    "turn": 0,
                    "activeRound": 1
                  }
                },
                {
                  "scriptName": "GiveBuffOnSucceedAttack",
                  "buffData": {
                    "buffKeyword": "Reduction",
                    "target": "Target",
                    "buffOwner": "",
                    "stack": 2,
                    "turn": 0,
                    "activeRound": 1
                  }
                }
              ]
            },
            {
              "operatorType": "ADD",
              "scale": 6,
              "abilityScriptList": [
                {
                  "scriptName": "GiveMpDmgOnSucceedAttackTarget20"
                }
              ]
            }
          ]
        }
      ]
    },
    {
      "id": 124205,
      "skillTier": 1,
      "skillData": [
        {
          "iconID": "809907",
          "skillTargetType": "RANDOM",
          "canTeamKill": false,
          "canDuel": true,
          "canChangeTarget": true,
          "attributeType": "VIOLET",
          "atkType": "HIT",
          "defType": "ATTACK",
          "skillMotion": "S7",
          "viewType": "BATTLE",
          "parryingCloseType": "NEAR",
          "targetNum": 1,
          "defaultValue": 6,
          "skillLevelCorrection": 0,
          "abilityScriptList": [
            {
              "scriptName": "809907",
              "value": 2
            },
            {
              "scriptName": "EmptyBody"
            }
          ],
          "coinList": [
            {
              "operatorType": "ADD",
              "scale": 8
            }
          ]
        }
      ]
    },
    {
      "id": 124206,
      "skillTier": 1,
      "skillData": [
        {
          "iconID": "112701",
          "attributeType": "INDIGO",
          "atkType": "HIT",
          "defType": "ATTACK",
          "targetNum": 3,
          "skillTargetType": "RANDOM",
          "canTeamKill": false,
          "canDuel": true,
          "canChangeTarget": true,
          "skillMotion": "S4",
          "range": 7,
          "arearange": 3,
          "viewType": "ENCOUNTER",
          "parryingCloseType": "NEAR",
          "skillLevelCorrection": 0,
          "defaultValue": 5,
          "abilityScriptList": [
            {
              "scriptName": "ChangeAttackDamageMulByValueOnLoseDuel",
              "value": -0.8
            },
            {
              "scriptName": "GiveBuffOnUse",
              "buffData": {
                "buffKeyword": "HitDamageUp",
                "target": "Self",
                "stack": 3,
                "turn": 0,
                "activeRound": 1
              }
            },
            {
              "scriptName": "OverwriteToSuperCoinViaBuffCheck",
              "buffData": {
                "buffKeyword": "MiddleFingerBook",
                "buffOwner": "Target",
                "stack": 3,
                "turn": 0
              }
            },
            {
              "scriptName": "EmptyBody"
            }
          ],
          "coinList": [
            {
              "operatorType": "ADD",
              "scale": 7
            },
            {
              "operatorType": "ADD",
              "scale": 7,
              "abilityScriptList": [
                {
                  "scriptName": "GiveBuffOnSucceedAttack",
                  "buffData": {
                    "buffKeyword": "Binding",
                    "target": "Target",
                    "stack": 1,
                    "turn": 0,
                    "activeRound": 1
                  }
                }
              ]
            }
          ]
        }
      ]
    },
    {
      "id": 124207,
      "skillTier": 1,
      "skillData": [
        {
          "iconID": "112702",
          "attributeType": "VIOLET",
          "atkType": "HIT",
          "defType": "ATTACK",
          "targetNum": 1,
          "skillTargetType": "RANDOM",
          "canTeamKill": false,
          "canDuel": true,
          "canChangeTarget": true,
          "skillMotion": "S5",
          "range": 7,
          "arearange": 3,
          "viewType": "ENCOUNTER",
          "parryingCloseType": "NEAR",
          "skillLevelCorrection": 0,
          "defaultValue": 4,
          "abilityScriptList": [
            {
              "scriptName": "ChangeAttackDamageMulByValueOnLoseDuel",
              "value": -0.8
            },
            {
              "scriptName": "AttackHighestStackTargetOnlyHasBuff_MiddleFingerBook"
            },
            {
              "scriptName": "OverwriteToSuperCoinViaBuffCheck",
              "buffData": {
                "buffKeyword": "MiddleFingerBook",
                "buffOwner": "Target",
                "stack": 3,
                "turn": 0
              }
            },
            {
              "scriptName": "EmptyBody"
            }
          ],
          "coinList": [
            {
              "operatorType": "ADD",
              "scale": 4,
              "abilityScriptList": [
                {
                  "scriptName": "GiveBuffOnSucceedAttack",
                  "buffData": {
                    "buffKeyword": "Vulnerable",
                    "target": "Target",
                    "stack": 1,
                    "turn": 0,
                    "activeRound": 0
                  }
                },
                {
                  "scriptName": "GiveBuffOnSucceedAttack",
                  "buffData": {
                    "buffKeyword": "Vulnerable",
                    "target": "Target",
                    "stack": 1,
                    "turn": 0,
                    "activeRound": 1
                  }
                }
              ]
            },
            {
              "operatorType": "ADD",
              "scale": 4,
              "abilityScriptList": [
                {
                  "scriptName": "GiveBuffOnSucceedAttack",
                  "buffData": {
                    "buffKeyword": "Vulnerable",
                    "target": "Target",
                    "stack": 1,
                    "turn": 0,
                    "activeRound": 0
                  }
                },
                {
                  "scriptName": "GiveBuffOnSucceedAttack",
                  "buffData": {
                    "buffKeyword": "Vulnerable",
                    "target": "Target",
                    "stack": 1,
                    "turn": 0,
                    "activeRound": 1
                  }
                }
              ]
            },
            {
              "operatorType": "ADD",
              "scale": 4,
              "abilityScriptList": [
                {
                  "scriptName": "GiveAdditionalHitDmgOnSuccessAttackTargetViaBuffDevide",
                  "buffData": {
                    "buffKeyword": "MiddleFingerBook",
                    "target": "",
                    "buffOwner": "Target",
                    "stack": 1,
                    "turn": 0,
                    "activeRound": 0,
                    "value": 3
                  }
                },
                {
                  "scriptName": "ForceToDestroyActivatedBuffOnSucceedAttack",
                  "buffData": {
                    "buffKeyword": "MiddleFingerBook",
                    "target": "Target",
                    "activeRound": 0
                  }
                }
              ]
            }
          ]
        }
      ]
    },
    {
      "id": 124208,
      "skillTier": 1,
      "skillData": [
        {
          "iconID": "112703",
          "attributeType": "INDIGO",
          "atkType": "NONE",
          "defType": "GUARD",
          "targetNum": 1,
          "skillTargetType": "RANDOM",
          "canTeamKill": false,
          "canDuel": false,
          "canChangeTarget": true,
          "skillMotion": "Default",
          "viewType": "BATTLE",
          "parryingCloseType": "NEAR",
          "skillLevelCorrection": 0,
          "defaultValue": 8,
          "abilityScriptList": [
            {
              "scriptName": "HealMpOnBattleStartEveryAlly10"
            },
            {
              "scriptName": "OnEndRound112703"
            },
            {
              "scriptName": "GiveBuffOnRoundEndAlive",
              "buffData": {
                "buffKeyword": "HitResultUp",
                "target": "EveryAlly",
                "stack": 1,
                "turn": 0,
                "activeRound": 1
              }
            },
            {
              "scriptName": "EmptyBody"
            }
          ],
          "coinList": [
            {
              "operatorType": "ADD",
              "scale": 8
            }
          ]
        }
      ]
    },
    {
      "id": 124209,
      "skillTier": 1,
      "skillData": [
        {
          "iconID": "809909",
          "attributeType": "CRIMSON",
          "atkType": "HIT",
          "defType": "ATTACK",
          "targetNum": 7,
          "range": 10,
          "arearange":  6,
          "skillTargetType": "RANDOM",
          "canTeamKill": false,
          "canDuel": true,
          "canChangeTarget": true,
          "skillMotion": "S9",
          "viewType": "ENCOUNTER",
          "parryingCloseType": "NEAR",
          "skillLevelCorrection": 0,
          "defaultValue": 8,
          "abilityScriptList": [
            {
              "scriptName": "ChangeAttackDamageMulByValueOnLoseDuel",
              "value": -0.5
            },
            {
              "scriptName": "SkillPowerResultAdderViaBuffCheck",
              "buffData": {
                "buffKeyword": "MiddleFingerBook",
                "target": "",
                "buffOwner": "Target",
                "stack": 5,
                "turn": 0,
                "activeRound": 0,
                "value": 5
              }
            },
            {
              "scriptName": "DestroyBuff9102004",
              "buffData": {
                "buffKeyword": "MiddleFingerBook",
                "buffOwner": "Target"
              }
            },
            {
              "scriptName": "EmptyBody"
            },
            {
              "scriptName": "CanBeChangedTargetIgnoreSpeed"
            }
          ],
          "coinList": [
            {
              "operatorType": "ADD",
              "scale": 15,
              "grade": 2,
              "color": "GREY",
              "abilityScriptList": [
                {
                  "scriptName": "SuperCoin"
                },
                {
                  "scriptName": "GiveAdditionalHitDmgOnSuccessAttackTargetViaBuffDevide",
                  "buffData": {
                    "buffKeyword": "MiddleFingerBook",
                    "target": "",
                    "buffOwner": "Target",
                    "stack": 1,
                    "turn": 0,
                    "activeRound": 0,
                    "value": 10
                  }
                }
              ]
            }
          ]
        }
      ]
    },

    {
      "id": 123901,
      "skillTier": 1,
      "skillData": [
        {
          "iconID": 839001,
          "skillTargetType": "RANDOM",
          "canTeamKill": false,
          "canDuel": false,
          "canChangeTarget": true,
          "attributeType": "SCARLET",
          "atkType": "HIT",
          "defType": "ATTACK",
          "skillMotion": "S1",
          "viewType": "ENCOUNTER",
          "range": 999,
          "arearange": 10,
          "targetNum": 7,
          "defaultValue": 10,
          "skillLevelCorrection": 0,
          "abilityScriptList": [
            {
              "scriptName": "EmptyBody"
            },
            {
              "scriptName": "AttackDamageZeroIfTargetUseDefenseSkill"
            },
            {
              "scriptName": "83900102"
            }
          ],
          "coinList": [
            {
              "operatorType": "ADD",
              "scale": 5
            }
          ]
        }
      ]
    },
    {
      "id": 123902,
      "skillTier": 1,
      "skillData": [
        {
          "iconID": 839002,
          "skillTargetType": "RANDOM",
          "canTeamKill": false,
          "canDuel": false,
          "canChangeTarget": true,
          "attributeType": "SCARLET",
          "atkType": "HIT",
          "defType": "ATTACK",
          "skillMotion": "S2",
          "viewType": "ENCOUNTER",
          "range": 999,
          "arearange": 10,
          "targetNum": 7,
          "defaultValue": 3,
          "skillLevelCorrection": 0,
          "abilityScriptList": [
            {
              "scriptName": "EmptyBody"
            },
            {
              "scriptName": "AttackDamageZeroIfTargetUseDefenseSkill"
            },
            {
              "scriptName": "83900201"
            }
          ],
          "coinList": [
            {
              "operatorType": "ADD",
              "scale": 3
            },
            {
              "operatorType": "ADD",
              "scale": 3
            },
            {
              "operatorType": "ADD",
              "scale": 3
            },
            {
              "operatorType": "ADD",
              "scale": 3
            }
          ]
        }
      ]
    },
    {
      "id": 124001,
      "skillTier": 1,
      "skillData": [
        {
          "iconID": 841001,
          "skillTargetType": "RANDOM",
          "canTeamKill": false,
          "canDuel": true,
          "canChangeTarget": true,
          "attributeType": "AMBER",
          "atkType": "HIT",
          "defType": "ATTACK",
          "skillMotion": "S2",
          "range": 6,
          "arearange": 4,
          "viewType": "BATTLE",
          "targetNum": 1,
          "defaultValue": 3,
          "skillLevelCorrection": 0,
          "actionScript": "841001",
          "abilityScriptList": [
            {
              "scriptName": "EmptyBody"
            },
            {
              "scriptName": "SkillPowerAdderOnUseViaBuffCheckDevideByStackWithLimit3",
              "buffData": {
                "buffKeyword": "Laceration",
                "target": "",
                "buffOwner": "Target",
                "stack": 5,
                "turn": 0,
                "activeRound": 0,
                "value": 1
              }
            },
            {
              "scriptName": "SkillPowerResultAdderViaBuffCheckDevideByStackWithLimit5",
              "buffData": {
                "buffKeyword": "BloodDinner_Accumulation",
                "target": "",
                "buffOwner": "AbnormalitySelf",
                "stack": 100,
                "turn": 0,
                "activeRound": 0,
                "value": 1
              }
            },
            {
              "scriptName": "GiveBuffOnUseWithBloodDinner[10:30:10]",
              "buffData": {
                "buffKeyword": "RegainedStrength",
                "target": "Self",
                "stack": 1,
                "turn": 0,
                "activeRound": 0
              }
            },
            {
              "scriptName": "GiveMpDmgOnLoseDuelSelf3"
            }
          ],
          "coinList": [
            {
              "operatorType": "ADD",
              "scale": 4,
              "abilityScriptList": [
                {
                  "scriptName": "GiveBuffOnSucceedAttack",
                  "buffData": {
                    "buffKeyword": "Laceration",
                    "target": "Target",
                    "stack": 3,
                    "turn": 2,
                    "activeRound": 0
                  }
                }
              ]
            },
            {
              "operatorType": "ADD",
              "scale": 4,
              "abilityScriptList": [
                {
                  "scriptName": "GiveBuffOnSucceedAttack",
                  "buffData": {
                    "buffKeyword": "Laceration",
                    "target": "Target",
                    "stack": 3,
                    "turn": 0,
                    "activeRound": 0
                  }
                }
              ]
            }
          ]
        }
      ]
    },
    {
      "id": 124002,
      "skillTier": 1,
      "skillData": [
        {
          "iconID": 841002,
          "skillTargetType": "RANDOM",
          "canTeamKill": true,
          "canDuel": true,
          "canChangeTarget": true,
          "attributeType": "CRIMSON",
          "atkType": "HIT",
          "defType": "ATTACK",
          "range": 6,
          "arearange": 4,
          "skillMotion": "S9",
          "viewType": "BATTLE",
          "targetNum": 1,
          "defaultValue": 5,
          "actionScript": "841002",
          "skillLevelCorrection": 0,
          "abilityScriptList": [
            {
              "scriptName": "EmptyBody"
            },
            {
              "scriptName": "AttackHighestStackTargetOnlyHasBuff_Penetration"
            },
            {
              "scriptName": "GiveBuffOnUseWithBloodDinnerAndRecoverMp3[10:40:10]",
              "buffData": {
                "buffKeyword": "RegainedStrength",
                "target": "Self",
                "stack": 1,
                "turn": 0,
                "activeRound": 0
              }
            },
            {
              "scriptName": "GiveMpDmgOnLoseDuelSelf3"
            }
          ],
          "coinList": [
            {
              "operatorType": "ADD",
              "scale": 4,
              "abilityScriptList": [
                {
                  "scriptName": "84100201"
                }
              ]
            },
            {
              "operatorType": "ADD",
              "scale": 4,
              "abilityScriptList": [
                {
                  "scriptName": "84100201"
                }
              ]
            }
          ]
        }
      ]
    },
    {
      "id": 124003,
      "skillTier": 1,
      "skillData": [
        {
          "iconID": 841003,
          "skillTargetType": "RANDOM",
          "canTeamKill": false,
          "canDuel": true,
          "canChangeTarget": true,
          "attributeType": "SHAMROCK",
          "atkType": "PENETRATE",
          "defType": "ATTACK",
          "skillMotion": "S4",
          "range": 6,
          "arearange": 4,
          "viewType": "ENCOUNTER",
          "targetNum": 1,
          "defaultValue": 5,
          "actionScript": "841003",
          "skillLevelCorrection": 0,
          "abilityScriptList": [
            {
              "scriptName": "EmptyBody"
            },
            {
              "scriptName": "AttackHighestStackTarget_Laceration"
            },
            {
              "scriptName": "CoinScaleAdderViaBuffCheckDevideByStackWithLimit2",
              "buffData": {
                "buffKeyword": "Laceration",
                "buffOwner": "Target",
                "stack": 5,
                "turn": 0,
                "value": 1
              }
            },
            {
              "scriptName": "SkillPowerResultAdderViaBuffCheckDevideByStackWithLimit5",
              "buffData": {
                "buffKeyword": "BloodDinner_Accumulation",
                "target": "",
                "buffOwner": "AbnormalitySelf",
                "stack": 100,
                "turn": 0,
                "activeRound": 0,
                "value": 1
              }
            }
          ],
          "coinList": [
            {
              "operatorType": "ADD",
              "scale": 3,
              "abilityScriptList": [
                {
                  "scriptName": "GiveBuffOnSucceedAttack",
                  "buffData": {
                    "buffKeyword": "Laceration",
                    "target": "Target",
                    "stack": 2,
                    "turn": 2,
                    "activeRound": 0
                  }
                },
                {
                  "scriptName": "GiveBuffOnSucceedAttack",
                  "buffData": {
                    "buffKeyword": "Burst",
                    "target": "Target",
                    "stack": 2,
                    "turn": 0,
                    "activeRound": 0
                  }
                }
              ]
            },
            {
              "operatorType": "ADD",
              "scale": 3,
              "abilityScriptList": [
                {
                  "scriptName": "GiveBuffOnSucceedAttack",
                  "buffData": {
                    "buffKeyword": "Laceration",
                    "target": "Target",
                    "stack": 2,
                    "turn": 0,
                    "activeRound": 0
                  }
                },
                {
                  "scriptName": "GiveBuffOnSucceedAttack",
                  "buffData": {
                    "buffKeyword": "Burst",
                    "target": "Target",
                    "stack": 2,
                    "turn": 0,
                    "activeRound": 0
                  }
                }
              ]
            },
            {
              "operatorType": "ADD",
              "scale": 3,
              "abilityScriptList": [
                {
                  "scriptName": "84100301"
                }
              ]
            }
          ]
        }
      ]
    },
    {
      "id": 124004,
      "skillTier": 1,
      "skillData": [
        {
          "iconID": 841004,
          "skillTargetType": "RANDOM",
          "canTeamKill": false,
          "canDuel": true,
          "canChangeTarget": true,
          "attributeType": "INDIGO",
          "atkType": "PENETRATE",
          "defType": "ATTACK",
          "range": 6,
          "arearange": 4,
          "skillMotion": "S3",
          "viewType": "ENCOUNTER",
          "targetNum": 2,
          "defaultValue": 3,
          "actionScript": "841004",
          "skillLevelCorrection": 0,
          "abilityScriptList": [
            {
              "scriptName": "ChangeAttackDamageMulByValueOnLoseDuel",
              "value": -0.8
            },
            {
              "scriptName": "EmptyBody"
            },
            {
              "scriptName": "TagetNumAdderOnBattleStartDivideByBuff",
              "buffData": {
                "buffKeyword": "RegainedStrength",
                "buffOwner": "Self",
                "stack": 3,
                "turn": 0,
                "value": 1,
                "limit": 2
              }
            },
            {
              "scriptName": "SkillPowerResultAdderViaBuffCheckDevideByStackWithLimit5",
              "buffData": {
                "buffKeyword": "BloodDinner_Accumulation",
                "target": "",
                "buffOwner": "AbnormalitySelf",
                "stack": 100,
                "turn": 0,
                "activeRound": 0,
                "value": 1
              }
            },
            {
              "scriptName": "UseBuffStackOnEndSkill",
              "buffData": {
                "buffKeyword": "RegainedStrength",
                "buffOwner": "Self",
                "stack": 3
              }
            },
            {
              "scriptName": "TargetableRemoveSpecificId127101"
            }
          ],
          "coinList": [
            {
              "operatorType": "ADD",
              "scale": 4,
              "grade": 2,
              "color": "GREY",
              "abilityScriptList": [
                {
                  "scriptName": "SuperCoin"
                },
                {
                  "scriptName": "GiveBuffOnSucceedAttack",
                  "buffData": {
                    "buffKeyword": "Laceration",
                    "target": "Target",
                    "stack": 3,
                    "turn": 0,
                    "activeRound": 0
                  }
                },
                {
                  "scriptName": "GiveBuffOnSucceedAttackAfterWinDuel",
                  "buffData": {
                    "buffKeyword": "Burst",
                    "target": "Target",
                    "stack": 3,
                    "turn": 0,
                    "activeRound": 0
                  }
                },
                {
                  "scriptName": "UseBuffStackOnSucceedAttackAfterLoseDuel",
                  "buffData": {
                    "buffKeyword": "RegainedStrength",
                    "buffOwner": "Self",
                    "stack": 1
                  }
                }
              ]
            },
            {
              "operatorType": "ADD",
              "scale": 4,
              "grade": 2,
              "color": "GREY",
              "abilityScriptList": [
                {
                  "scriptName": "SuperCoin"
                },
                {
                  "scriptName": "GiveBuffOnSucceedAttack",
                  "buffData": {
                    "buffKeyword": "Laceration",
                    "target": "Target",
                    "stack": 0,
                    "turn": 3,
                    "activeRound": 0
                  }
                },
                {
                  "scriptName": "GiveBuffOnSucceedAttackAfterWinDuel",
                  "buffData": {
                    "buffKeyword": "Burst",
                    "target": "Target",
                    "stack": 3,
                    "turn": 0,
                    "activeRound": 0
                  }
                }
              ]
            },
            {
              "operatorType": "ADD",
              "scale": 4,
              "abilityScriptList": [
                {
                  "scriptName": "GiveBuffOnSucceedAttack",
                  "buffData": {
                    "buffKeyword": "Laceration",
                    "target": "Target",
                    "stack": 3,
                    "turn": 0,
                    "activeRound": 0
                  }
                }
              ]
            }
          ]
        }
      ]
    },
    {
      "id": 124005,
      "skillTier": 1,
      "skillData": [
        {
          "iconID": 841005,
          "skillTargetType": "RANDOM",
          "canTeamKill": false,
          "canDuel": true,
          "canChangeTarget": true,
          "attributeType": "INDIGO",
          "atkType": "PENETRATE",
          "defType": "ATTACK",
          "skillMotion": "S5",
          "range": 6,
          "arearange": 4,
          "viewType": "ENCOUNTER",
          "targetNum": 7,
          "defaultValue": 2,
          "actionScript": "841005",
          "skillLevelCorrection": 0,
          "abilityScriptList": [
            {
              "scriptName": "ChangeAttackDamageMulByValueOnLoseDuel",
              "value": -0.8
            },
            {
              "scriptName": "EmptyBody"
            },
            {
              "scriptName": "GivingBuffTurnAdderViaBuffStackCheck_Laceration",
              "buffData": {
                "buffKeyword": "RegainedStrength",
                "buffOwner": "Self",
                "stack": 5,
                "turn": 0,
                "value": 1,
                "limit": 2
              }
            },
            {
              "scriptName": "TargetableRemoveSpecificId127101"
            }
          ],
          "coinList": [
            {
              "operatorType": "ADD",
              "scale": 3,
              "grade": 2,
              "color": "GREY",
              "abilityScriptList": [
                {
                  "scriptName": "SuperCoin"
                },
                {
                  "scriptName": "GiveBuffOnSucceedAttack",
                  "buffData": {
                    "buffKeyword": "Laceration",
                    "target": "Target",
                    "stack": 0,
                    "turn": 1,
                    "activeRound": 0
                  }
                }
              ]
            },
            {
              "operatorType": "ADD",
              "scale": 5,
              "grade": 2,
              "color": "GREY",
              "abilityScriptList": [
                {
                  "scriptName": "SuperCoin"
                },
                {
                  "scriptName": "GiveBuffOnSucceedAttack",
                  "buffData": {
                    "buffKeyword": "Laceration",
                    "target": "Target",
                    "stack": 0,
                    "turn": 1,
                    "activeRound": 0
                  }
                }
              ]
            },
            {
              "operatorType": "ADD",
              "scale": 5,
              "grade": 2,
              "color": "GREY",
              "abilityScriptList": [
                {
                  "scriptName": "SuperCoin"
                },
                {
                  "scriptName": "GiveBuffOnSucceedAttack",
                  "buffData": {
                    "buffKeyword": "Laceration",
                    "target": "Target",
                    "stack": 0,
                    "turn": 1,
                    "activeRound": 0
                  }
                }
              ]
            },
            {
              "operatorType": "ADD",
              "scale": 5,
              "grade": 2,
              "color": "GREY",
              "abilityScriptList": [
                {
                  "scriptName": "SuperCoin"
                },
                {
                  "scriptName": "GiveBuffOnSucceedAttack",
                  "buffData": {
                    "buffKeyword": "Laceration",
                    "target": "Target",
                    "stack": 4,
                    "turn": 0,
                    "activeRound": 0
                  }
                }
              ]
            }
          ]
        }
      ]
    },
    {
      "id": 124006,
      "skillTier": 1,
      "skillData": [
        {
          "iconID": 841006,
          "skillTargetType": "RANDOM",
          "canTeamKill": true,
          "canDuel": true,
          "canChangeTarget": true,
          "attributeType": "SHAMROCK",
          "atkType": "HIT",
          "defType": "ATTACK",
          "skillMotion": "S6",
          "range": 6,
          "arearange": 4,
          "viewType": "ENCOUNTER",
          "targetNum": 12,
          "defaultValue": 3,
          "skillLevelCorrection": 0,
          "actionScript": "841006",
          "abilityScriptList": [
            {
              "scriptName": "ChangeAttackDamageMulByValueOnLoseDuel",
              "value": -0.8
            },
            {
              "scriptName": "EmptyBody"
            },
            {
              "scriptName": "GiveBuffOnUseWithBloodDinnerAndRecoverMp3[10:300:10]",
              "buffData": {
                "buffKeyword": "RegainedStrength",
                "target": "Self",
                "stack": 1,
                "turn": 0,
                "activeRound": 0
              }
            },
            {
              "scriptName": "RecoverMpOnUseSkillIfSucceedUseBloodDinner30"
            }
          ],
          "coinList": [
            {
              "operatorType": "ADD",
              "scale": 7,
              "grade": 2,
              "color": "GREY",
              "abilityScriptList": [
                {
                  "scriptName": "SuperCoin"
                }
              ]
            }
          ]
        }
      ]
    },
    {
      "id": 124007,
      "skillTier": 1,
      "skillData": [
        {
          "iconID": 841007,
          "skillTargetType": "RANDOM",
          "canTeamKill": false,
          "canDuel": true,
          "canChangeTarget": true,
          "attributeType": "CRIMSON",
          "atkType": "SLASH",
          "defType": "ATTACK",
          "skillMotion": "S7",
          "range": 6,
          "arearange": 4,
          "viewType": "ENCOUNTER",
          "targetNum": 7,
          "defaultValue": 10,
          "skillLevelCorrection": 0,
          "actionScript": "841007",
          "abilityScriptList": [
            {
              "scriptName": "ChangeAttackDamageMulByValueOnLoseDuel",
              "value": -0.8
            },
            {
              "scriptName": "EmptyBody"
            },
            {
              "scriptName": "GetIgnoreNaturalBreakOnCompleteCommand"
            },
            {
              "scriptName": "GiveBuffOnUseWithBloodDinnerAndRecoverMp15[10:100:10]",
              "buffData": {
                "buffKeyword": "RegainedStrength",
                "target": "Self",
                "stack": 1,
                "turn": 0,
                "activeRound": 0
              }
            },
            {
              "scriptName": "84100701"
            },
            {
              "scriptName": "83810703"
            },
            {
              "scriptName": "84100702"
            },
            {
              "scriptName": "TargetableRemoveSpecificId127101"
            },
            {
              "scriptName": "DistoryIgnoreNaturalBreak"
            }
          ],
          "coinList": [
            {
              "operatorType": "ADD",
              "scale": 3,
              "grade": 2,
              "color": "GREY",
              "abilityScriptList": [
                {
                  "scriptName": "SuperCoin"
                },
                {
                  "scriptName": "GiveBuffOnSucceedAttack",
                  "buffData": {
                    "buffKeyword": "Laceration",
                    "target": "Target",
                    "stack": 8,
                    "turn": 0,
                    "activeRound": 0
                  }
                },
                {
                  "scriptName": "LoseBuffOnSucceedAttack",
                  "buffData": {
                    "buffKeyword": "RegainedStrength",
                    "target": "Self",
                    "buffOwner": "",
                    "stack": 2,
                    "turn": 0
                  }
                }
              ]
            }
          ]
        }
      ]
    },
    {
      "id": 124008,
      "skillTier": 1,
      "skillData": [
        {
          "iconID": 841008,
          "skillTargetType": "RANDOM",
          "canTeamKill": false,
          "canDuel": true,
          "canChangeTarget": true,
          "attributeType": "AZURE",
          "atkType": "NONE",
          "defType": "GUARD",
          "skillMotion": "S8",
          "viewType": "BATTLE",
          "targetNum": 1,
          "defaultValue": 3,
          "skillLevelCorrection": 0,
          "actionScript": "841008",
          "abilityScriptList": [
            {
              "scriptName": "EmptyBody"
            },
            {
              "scriptName": "GiveBuffOnWinDuel",
              "buffData": {
                "buffKeyword": "Laceration",
                "target": "Target",
                "stack": 4,
                "turn": 0,
                "activeRound": 0
              }
            },
            {
              "scriptName": "GiveBuffOnWinDuel",
              "buffData": {
                "buffKeyword": "Burst",
                "target": "Target",
                "stack": 4,
                "turn": 0,
                "activeRound": 0
              }
            },
            {
              "scriptName": "SkillPowerAdderViaBuffDevide",
              "buffData": {
                "buffKeyword": "BloodDinner_Accumulation",
                "target": "",
                "stack": 30,
                "turn": 0,
                "activeRound": 0,
                "buffOwner": "AbnormalitySelf",
                "value": 1,
                "limit": 10
              }
            },
            {
              "scriptName": "UseBuffSelfOnLoseDuel",
              "buffData": {
                "buffKeyword": "RegainedStrength",
                "target": "Self",
                "stack": 1,
                "turn": 0
              }
            }
          ],
          "coinList": [
            {
              "operatorType": "ADD",
              "scale": 10,
              "grade": 2,
              "color": "GREY",
              "abilityScriptList": [
                {
                  "scriptName": "SuperCoin"
                }
              ]
            }
          ]
        }
      ]
    },
    {
      "id": 124009,
      "skillTier": 1,
      "skillData": [
        {
          "iconID": 841009,
          "skillTargetType": "RANDOM",
          "canTeamKill": false,
          "canDuel": true,
          "canChangeTarget": true,
          "attributeType": "AZURE",
          "atkType": "HIT",
          "defType": "COUNTER",
          "skillMotion": "S1",
          "viewType": "BATTLE",
          "targetNum": 1,
          "defaultValue": 16,
          "skillLevelCorrection": 0,
          "actionScript": "841009",
          "abilityScriptList": [
            {
              "scriptName": "EmptyBody"
            },
            {
              "scriptName": "SkillPowerAdderViaBuffDevide",
              "buffData": {
                "buffKeyword": "RegainedStrength",
                "buffOwner": "Self",
                "stack": 5,
                "turn": 0,
                "value": 1
              }
            },
            {
              "scriptName": "CoinScaleAdderViaBuffCheckDevideByStackWithLimit2",
              "buffData": {
                "buffKeyword": "Laceration",
                "buffOwner": "Target",
                "stack": 5,
                "turn": 0,
                "value": 1
              }
            },
            {
              "scriptName": "GiveMpDmgOnLoseDuelSelf3"
            }
          ],
          "coinList": [
            {
              "operatorType": "SUB",
              "scale": 6,
              "actionIndex": 1,
              "abilityScriptList": [
                {
                  "scriptName": "GiveBuffOnSucceedAttack",
                  "buffData": {
                    "buffKeyword": "Laceration",
                    "target": "Target",
                    "stack": 2,
                    "turn": 2,
                    "activeRound": 0
                  }
                }
              ]
            },
            {
              "operatorType": "SUB",
              "scale": 6,
              "actionIndex": 3,
              "abilityScriptList": [
                {
                  "scriptName": "GiveBuffOnSucceedAttack",
                  "buffData": {
                    "buffKeyword": "Laceration",
                    "target": "Target",
                    "stack": 2,
                    "turn": 2,
                    "activeRound": 0
                  }
                }
              ]
            }
          ]
        }
      ]
    },
    {
      "id": 124010,
      "skillTier": 1,
      "skillData": [
        {
          "iconID": 841010,
          "skillTargetType": "RANDOM",
          "canTeamKill": false,
          "canDuel": false,
          "canChangeTarget": true,
          "attributeType": "INDIGO",
          "atkType": "PENETRATE",
          "defType": "ATTACK",
          "range": 6,
          "arearange": 4,
          "skillMotion": "S10",
          "viewType": "ENCOUNTER",
          "targetNum": 7,
          "defaultValue": 2,
          "skillLevelCorrection": 0,
          "actionScript": "841010",
          "abilityScriptList": [
            {
              "scriptName": "EmptyBody"
            },
            {
              "scriptName": "ChangeAttackDamageToZero"
            },
            {
              "scriptName": "84101001"
            },
            {
              "scriptName": "GivingBuffStackAndTurnAdderViaBuffStackCheck_Laceration",
              "buffData": {
                "buffKeyword": "RegainedStrength",
                "buffOwner": "Self",
                "stack": 5,
                "turn": 0,
                "value": 1,
                "limit": 2
              }
            },
            {
              "scriptName": "TargetableRemoveSpecificId127101"
            }
          ],
          "coinList": [
            {
              "operatorType": "ADD",
              "scale": 2,
              "abilityScriptList": [
                {
                  "scriptName": "GiveBuffOnSucceedAttack",
                  "buffData": {
                    "buffKeyword": "Laceration",
                    "target": "Target",
                    "stack": 0,
                    "turn": 1,
                    "activeRound": 0
                  }
                }
              ]
            },
            {
              "operatorType": "ADD",
              "scale": 2,
              "abilityScriptList": [
                {
                  "scriptName": "GiveBuffOnSucceedAttack",
                  "buffData": {
                    "buffKeyword": "Laceration",
                    "target": "Target",
                    "stack": 0,
                    "turn": 1,
                    "activeRound": 0
                  }
                }
              ]
            },
            {
              "operatorType": "ADD",
              "scale": 2,
              "abilityScriptList": [
                {
                  "scriptName": "GiveBuffOnSucceedAttack",
                  "buffData": {
                    "buffKeyword": "Laceration",
                    "target": "Target",
                    "stack": 2,
                    "turn": 0,
                    "activeRound": 0
                  }
                }
              ]
            },
            {
              "operatorType": "ADD",
              "scale": 2,
              "abilityScriptList": [
                {
                  "scriptName": "GiveBuffOnSucceedAttack",
                  "buffData": {
                    "buffKeyword": "Laceration",
                    "target": "Target",
                    "stack": 2,
                    "turn": 0,
                    "activeRound": 0
                  }
                }
              ]
            }
          ]
        }
      ]
    },
    {
      "id": 124011,
      "skillTier": 1,
      "skillData": [
        {
          "iconID": 841011,
          "skillTargetType": "RANDOM",
          "canTeamKill": false,
          "canDuel": true,
          "canChangeTarget": true,
          "attributeType": "AMBER",
          "atkType": "PENETRATE",
          "defType": "ATTACK",
          "range": 6,
          "arearange": 4,
          "skillMotion": "S4",
          "viewType": "ENCOUNTER",
          "targetNum": 1,
          "defaultValue": 5,
          "skillLevelCorrection": 0,
          "actionScript": "841011",
          "abilityScriptList": [
            {
              "scriptName": "ChangeAttackDamageMulByValueOnLoseDuel",
              "value": -0.5
            },
            {
              "scriptName": "EmptyBody"
            },
            {
              "scriptName": "GiveMpDmgOnLoseDuelSelf3"
            }
          ],
          "coinList": [
            {
              "operatorType": "ADD",
              "scale": 5,
              "actionIndex": 2
            },
            {
              "operatorType": "ADD",
              "scale": 5,
              "grade": 2,
              "color": "GREY",
              "actionIndex": 3,
              "abilityScriptList": [
                {
                  "scriptName": "SuperCoin"
                },
                {
                  "scriptName": "84101101"
                },
                {
                  "scriptName": "84100302"
                }
              ]
            }
          ]
        }
      ]
    },
    {
      "id": 124012,
      "skillTier": 1,
      "skillData": [
        {
          "iconID": 841012,
          "skillTargetType": "RANDOM",
          "canTeamKill": true,
          "canDuel": true,
          "canChangeTarget": true,
          "attributeType": "SCARLET",
          "atkType": "HIT",
          "defType": "ATTACK",
          "range": 6,
          "arearange": 4,
          "skillMotion": "S12",
          "viewType": "ENCOUNTER",
          "targetNum": 12,
          "defaultValue": 26,
          "skillLevelCorrection": 0,
          "actionScript": "841012",
          "abilityScriptList": [
            {
              "scriptName": "ChangeAttackDamageMulByValueOnLoseDuel",
              "value": -0.8
            },
            {
              "scriptName": "EmptyBody"
            },
            {
              "scriptName": "GetIgnoreNaturalBreakOnCompleteCommand"
            },
            {
              "scriptName": "GiveBuffOnUseWithBloodDinnerAndRecoverMpPerStack3[10:300:10]",
              "buffData": {
                "buffKeyword": "RegainedStrength",
                "target": "Self",
                "stack": 1,
                "turn": 0,
                "activeRound": 0
              }
            },
            {
              "scriptName": "ParryingPowerResultAdderOnStartTurnSelfViaBuffCheckDevideByStack",
              "buffData": {
                "buffKeyword": "RegainedStrength",
                "buffOwner": "Self",
                "stack": 10,
                "turn": 0,
                "value": 1
              }
            },
            {
              "scriptName": "UseBuffAllStackOnEndSkill",
              "buffData": {
                "buffKeyword": "RegainedStrength",
                "target": "Self"
              }
            },
            {
              "scriptName": "GiveBuffOnEndSkill",
              "buffData": {
                "buffKeyword": "Vulnerable",
                "target": "Self",
                "stack": 5,
                "turn": 0,
                "activeRound": 0
              }
            },
            {
              "scriptName": "GiveBuffOnEndSkill",
              "buffData": {
                "buffKeyword": "Vulnerable",
                "target": "Self",
                "stack": 5,
                "turn": 0,
                "activeRound": 1
              }
            },
            {
              "scriptName": "GiveBuffOnEndSkill",
              "buffData": {
                "buffKeyword": "Binding",
                "target": "Self",
                "stack": 2,
                "turn": 0,
                "activeRound": 1
              }
            },
            {
              "scriptName": "84101204"
            },
            {
              "scriptName": "DistoryIgnoreNaturalBreak"
            }
          ],
          "coinList": [
            {
              "operatorType": "ADD",
              "scale": 2,
              "grade": 2,
              "color": "GREY",
              "abilityScriptList": [
                {
                  "scriptName": "SuperCoin"
                }
              ]
            },
            {
              "operatorType": "ADD",
              "scale": 2,
              "grade": 2,
              "color": "GREY",
              "abilityScriptList": [
                {
                  "scriptName": "SuperCoin"
                }
              ]
            }
          ]
        }
      ]
    },

    {
      "id": 124105,
      "skillTier": 3,
      "skillType": "SKILL",
      "skillData": [
        {
          "iconID": 114505,
          "skillTargetType": "RANDOM",
          "canTeamKill": false,
          "canDuel": true,
          "canChangeTarget": true,
          "attributeType": "SHAMROCK",
          "atkType": "SLASH",
          "defType": "ATTACK",
          "skillMotion": "S3",
          "range:": 10,
          "arearange" : 4,
          "viewType": "ENCOUNTER",
          "parryingCloseType": "NEAR",
          "targetNum": 1,
          "defaultValue": 4,
          "skillLevelCorrection": 4,
          "abilityScriptList": [
            {
              "scriptName": "ChangeAttackDamageMulByValueOnLoseDuel",
              "value": -0.5
            },
            {
              "scriptName": "AttackHighestStackTargetOnlyHasBuff_Prey"
            },
            {
              "scriptName": "CanDuelRegardlessSpeed"
            },
            {
              "scriptName": "CoinScaleAdderByCombustionVibrationStack",
              "value": 1,
              "buffData": {
                "target": "Target",
                "stack": 6,
                "limit": 3
              }
            },
            {
              "scriptName": "EmptyBody"
            }
          ],
          "coinList": [
            {
              "operatorType": "ADD",
              "scale": 3,
              "grade": 2,
              "color": "GREY",
              "abilityScriptList": [
                {
                  "scriptName": "SuperCoin"
                },
                {
                  "scriptName": "UseBullet[optional:BulletPropellant:1]"
                },
                {
                  "scriptName": "LeiHengluGiveBuffOnSucceedAttack",
                  "buffData": {
                    "buffKeyword": "Combustion",
                    "target": "Target",
                    "stack": 3,
                    "turn": 0,
                    "activeRound": 0
                  }
                },
                {
                  "scriptName": "GiveBuffOnSucceedAttack",
                  "buffData": {
                    "buffKeyword": "Vibration",
                    "target": "Target",
                    "stack": 3,
                    "turn": 0,
                    "activeRound": 0
                  }
                },
                {
                  "scriptName": "GiveBuffOnSucceedAttackIfUsableInDuel",
                  "buffData": {
                    "buffKeyword": "Vibration",
                    "target": "Target",
                    "stack": 4,
                    "turn": 4,
                    "activeRound": 0
                  }
                }
              ]
            },
            {
              "operatorType": "ADD",
              "scale": 3,
              "grade": 2,
              "color": "GREY",
              "abilityScriptList": [
                {
                  "scriptName": "SuperCoin"
                },
                {
                  "scriptName": "UseBullet[optional:BulletPropellant:1]"
                },
                {
                  "scriptName": "LeiHengluGiveBuffOnSucceedAttack",
                  "buffData": {
                    "buffKeyword": "Combustion",
                    "target": "Target",
                    "stack": 0,
                    "turn": 3,
                    "activeRound": 0
                  }
                },
                {
                  "scriptName": "GiveBuffOnSucceedAttack",
                  "buffData": {
                    "buffKeyword": "Vibration",
                    "target": "Target",
                    "stack": 0,
                    "turn": 3,
                    "activeRound": 0
                  }
                },
                {
                  "scriptName": "SwitchVibrationOnSucceedAttackIfUsableInDuel",
                  "buffData": {
                    "buffKeyword": "VibrationIgnition",
                    "target": "",
                    "buffOwner": "Target"
                  }
                }
              ]
            },
            {
              "operatorType": "ADD",
              "scale": 3,
              "grade": 2,
              "color": "GREY",
              "abilityScriptList": [
                {
                  "scriptName": "SuperCoin"
                },
                {
                  "scriptName": "UseBullet[optional:BulletPropellant:1]"
                },
                {
                  "scriptName": "DmgUpByBuff",
                  "buffData": {
                    "buffKeyword": "BulletPropellant",
                    "buffOwner": "Self",
                    "stack": 1,
                    "turn": 0,
                    "value": 0.5,
                    "activeRound": 0
                  }
                },
                {
                  "scriptName": "LeiHengluGiveBuffOnSucceedAttack",
                  "buffData": {
                    "buffKeyword": "Combustion",
                    "target": "Target",
                    "stack": 3,
                    "turn": 3,
                    "activeRound": 0
                  }
                },
                {
                  "scriptName": "VibrationExplosionOnSucceedAttackThenLoseTargetVibrationTurnIfUsableInDuel1",
                  "value": 2
                }
              ]
            }
          ]
        }
      ]
    },
    {
      "id": 124106,
      "skillTier": 3,
      "skillType": "SKILL",
      "skillData": [
        {
          "iconID": 114506,
          "skillTargetType": "RANDOM",
          "canTeamKill": false,
          "canDuel": true,
          "canChangeTarget": true,
          "attributeType": "CRIMSON",
          "atkType": "SLASH",
          "defType": "ATTACK",
          "skillMotion": "S4",
          "range:": 10,
          "arearange" : 4,
          "arearange ": 7,
          "viewType": "ENCOUNTER",
          "parryingCloseType": "NEAR",
          "targetNum": 1,
          "defaultValue": 8,
          "skillLevelCorrection": 6,
          "abilityScriptList": [
            {
              "scriptName": "ChangeAttackDamageMulByValueOnLoseDuel",
              "value": -0.5
            },
            {
              "scriptName": "AttackHighestStackTargetOnlyHasBuff_Prey"
            },
            {
              "scriptName": "CanDuelRegardlessSpeedCanNotBreakUntilThisSkill"
            },
            {
              "scriptName": "TargetNumAdderAndSkillPowerResultAdderOnUseLeiHeng6th"
            },
            {
              "scriptName": "LeiHengAttackDmgDownAndTargetNonBroken",
              "value": -0.8
            },
            {
              "scriptName": "LeiHengReloadOnEndAttack",
              "value": 6,
              "turnLimit": 1
            },
            {
              "scriptName": "SkipThisRoundOnEndAttack"
            },
            {
              "scriptName": "GetSystemAbilityLeiHengSkill4"
            },
            {
              "scriptName": "EmptyBody"
            }
          ],
          "coinList": [
            {
              "operatorType": "ADD",
              "scale": 12,
              "grade": 2,
              "color": "GREY",
              "abilityScriptList": [
                {
                  "scriptName": "SuperCoin"
                },
                {
                  "scriptName": "UseBullet[optional:BulletPropellant:::LeiHengUseAll1]"
                },
                {
                  "scriptName": "LeiHengGiveBuffAsBulletCount"
                },
                {
                  "scriptName": "SwitchVibrationOnSucceedAttackIfUsableInDuel",
                  "buffData": {
                    "buffKeyword": "VibrationIgnition",
                    "target": "",
                    "buffOwner": "Target"
                  }
                },
                {
                  "scriptName": "VibrationExplosionOnSucceedAttackThenLoseTargetVibrationTurnIfUsableInDuel1",
                  "value": 3
                }
              ]
            }
          ]
        }
      ]
    },
    {
      "id": 124107,
      "skillTier": 3,
      "skillType": "SKILL",
      "skillData": [
        {
          "iconID": 114507,
          "skillTargetType": "RANDOM",
          "canTeamKill": false,
          "canDuel": true,
          "canChangeTarget": true,
          "attributeType": "CRIMSON",
          "atkType": "SLASH",
          "defType": "ATTACK",
          "skillMotion": "S5",
          "range:": 10,
          "arearange" : 4,
          "arearange ": 7,
          "viewType": "ENCOUNTER",
          "parryingCloseType": "NEAR",
          "targetNum": 3,
          "defaultValue": 3,
          "skillLevelCorrection": 6,
          "abilityScriptList": [
            {
              "scriptName": "ChangeAttackDamageMulByValueOnLoseDuel",
              "value": -0.5
            },
            {
              "scriptName": "AttackHighestStackTargetOnlyHasBuff_Prey"
            },
            {
              "scriptName": "CanDuelRegardlessSpeedCanNotBreakUntilThisSkill"
            },
            {
              "scriptName": "TargetNumAdderAndSkillPowerResultAdderOnUseLeiHeng7th"
            },
            {
              "scriptName": "LeiHengAttackDmgDownAndTargetNonBroken",
              "value": -0.8
            },
            {
              "scriptName": "LeiHengReloadOnEndAttack",
              "value": 6,
              "turnLimit": 1
            },
            {
              "scriptName": "SkipThisRoundOnEndAttack"
            },
            {
              "scriptName": "GetSystemAbilityLeiHengSkill4"
            },
            {
              "scriptName": "EmptyBody"
            }
          ],
          "coinList": [
            {
              "operatorType": "ADD",
              "scale": 3,
              "grade": 2,
              "color": "GREY",
              "abilityScriptList": [
                {
                  "scriptName": "SuperCoin"
                },
                {
                  "scriptName": "UseBullet[optional:BulletPropellant:1]"
                },
                {
                  "scriptName": "LeiHengluGiveBuffOnSucceedAttack",
                  "buffData": {
                    "buffKeyword": "Combustion",
                    "target": "Target",
                    "stack": 6,
                    "turn": 0,
                    "activeRound": 0
                  }
                }
              ]
            },
            {
              "operatorType": "ADD",
              "scale": 3,
              "grade": 2,
              "color": "GREY",
              "abilityScriptList": [
                {
                  "scriptName": "SuperCoin"
                },
                {
                  "scriptName": "UseBullet[optional:BulletPropellant:1]"
                },
                {
                  "scriptName": "LeiHengluGiveBuffOnSucceedAttack",
                  "buffData": {
                    "buffKeyword": "Combustion",
                    "target": "Target",
                    "stack": 0,
                    "turn": 6,
                    "activeRound": 0
                  }
                }
              ]
            },
            {
              "operatorType": "ADD",
              "scale": 3,
              "grade": 2,
              "color": "GREY",
              "abilityScriptList": [
                {
                  "scriptName": "SuperCoin"
                },
                {
                  "scriptName": "UseBullet[optional:BulletPropellant:1]"
                },
                {
                  "scriptName": "GiveBuffOnSucceedAttack",
                  "buffData": {
                    "buffKeyword": "Vibration",
                    "target": "Target",
                    "stack": 6,
                    "turn": 0,
                    "activeRound": 0
                  }
                }
              ]
            },
            {
              "operatorType": "ADD",
              "scale": 3,
              "grade": 2,
              "color": "GREY",
              "abilityScriptList": [
                {
                  "scriptName": "SuperCoin"
                },
                {
                  "scriptName": "UseBullet[optional:BulletPropellant:1]"
                },
                {
                  "scriptName": "GiveBuffOnSucceedAttack",
                  "buffData": {
                    "buffKeyword": "Vibration",
                    "target": "Target",
                    "stack": 0,
                    "turn": 6,
                    "activeRound": 0
                  }
                }
              ]
            },
            {
              "operatorType": "ADD",
              "scale": 3,
              "grade": 2,
              "color": "GREY",
              "abilityScriptList": [
                {
                  "scriptName": "SuperCoin"
                },
                {
                  "scriptName": "UseBullet[optional:BulletPropellant:1]"
                },
                {
                  "scriptName": "SwitchVibrationOnSucceedAttackIfUsableInDuel",
                  "buffData": {
                    "buffKeyword": "VibrationIgnition",
                    "target": "",
                    "buffOwner": "Target"
                  }
                }
              ]
            },
            {
              "operatorType": "ADD",
              "scale": 3,
              "grade": 2,
              "color": "GREY",
              "abilityScriptList": [
                {
                  "scriptName": "SuperCoin"
                },
                {
                  "scriptName": "UseBullet[optional:BulletPropellant:1]"
                },
                {
                  "scriptName": "VibrationExplosionOnSucceedAttackThenLoseTargetVibrationTurnIfUsableInDuel1",
                  "value": 5
                }
              ]
            }
          ]
        }
      ]
    },
    {
      "id": 124108,
      "skillTier": 1,
      "skillType": "SKILL",
      "skillData": [
        {
          "iconID": 114508,
          "skillTargetType": "RANDOM",
          "canTeamKill": false,
          "canDuel": true,
          "canChangeTarget": true,
          "attributeType": "AZURE",
          "atkType": "SLASH",
          "defType": "COUNTER",
          "skillMotion": "S7",
          "range:": 10,
          "arearange" : 4,
          "viewType": "ENCOUNTER",
          "parryingCloseType": "NEAR",
          "targetNum": 1,
          "defaultValue": 4,
          "skillLevelCorrection": 1,
          "abilityScriptList": [
            {
              "scriptName": "LoseBuffSelfOnLoseDuel",
              "buffData": {
                "buffKeyword": "BulletPropellant",
                "stack": 1
              }
            },
            {
              "scriptName": "HealMpOnUseSelf10IfUnderZeroThenMore",
              "value": 5,
              "turnLimit": 1
            },
            {
              "scriptName": "LeiHengReloadOnRoundEnd",
              "value": 6,
              "turnLimit": 1
            },
            {
              "scriptName": "EmptyBody"
            }
          ],
          "coinList": [
            {
              "operatorType": "ADD",
              "scale": 4,
              "abilityScriptList": [

              ]
            },
            {
              "operatorType": "ADD",
              "scale": 4,
              "abilityScriptList": [

              ]
            }
          ]
        }
      ]
    },

    {
      "id": 124301,
      "skillTier": 1,
      "skillData": [
        {
          "iconID": 899901,
          "skillTargetType": "RANDOM",
          "canTeamKill": false,
          "canDuel": true,
          "canChangeTarget": true,
          "attributeType": "AMBER",
          "atkType": "HIT",
          "defType": "ATTACK",
          "skillMotion": "S1",
          "range": 7,
          "arearange": 3,
          "viewType": "BATTLE",
          "targetNum": 1,
          "defaultValue": 4,
          "skillLevelCorrection": 0,
          "abilityScriptList": [
            {
              "scriptName": "ChangeAttackDamageMulByValueOnLoseDuel",
              "value": -0.5
            },
            {
              "scriptName": "AttackHasStackTarget_GiveMeCandy"
            },
            {
              "scriptName": "CoinScaleAdderOnStartTurnViaBuffCheckDevideByStackWithLimit5",
              "buffData": {
                "buffKeyword": "GiveMeCandy",
                "buffOwner": "Target",
                "stack": 1,
                "turn": 0,
                "value": 1
              }
            },
            {
              "scriptName": "EmptyBody"
            }
          ],
          "coinList": [
            {
              "operatorType": "ADD",
              "grade": 2,
              "color": "GREY",
              "scale": 6,
              "abilityScriptList": [
                {
                  "scriptName": "SuperCoin"
                },
                {
                  "scriptName": "124301OnWinDuel"
                },
                {
                  "scriptName": "124301OnLoseDuel"
                },
                {
                  "scriptName": "124301OnEndCoin"
                }
              ]
            }
          ]
        }
      ]
    },
    {
      "id": 124302,
      "skillTier": 1,
      "skillData": [
        {
          "iconID": 899902,
          "skillTargetType": "RANDOM",
          "canTeamKill": false,
          "canDuel": true,
          "canChangeTarget": true,
          "attributeType": "SCARLET",
          "atkType": "HIT",
          "defType": "ATTACK",
          "skillMotion": "S2",
          "range": 7,
          "arearange": 3,
          "viewType": "BATTLE",
          "targetNum": 1,
          "defaultValue": 3,
          "skillLevelCorrection": 0,
          "abilityScriptList": [
            {
              "scriptName": "TargetNumAdder124302"
            },
            {
              "scriptName": "AttackDmgMultiplier124302",
              "value": 0.1
            },
            {
              "scriptName": "CoinScaleAdderOnStartTurnViaBuffCheckDevideByStackWithLimit5",
              "buffData": {
                "buffKeyword": "GiveMeCandy",
                "buffOwner": "Target",
                "stack": 1,
                "turn": 0,
                "value": 1
              }
            },
            {
              "scriptName": "EmptyBody"
            }
          ],
          "coinList": [
            {
              "operatorType": "ADD",
              "scale": 5,
              "abilityScriptList": [

              ]
            },
            {
              "operatorType": "ADD",
              "scale": 5,
              "abilityScriptList": [

              ]
            }
          ]
        }
      ]
    },
    {
      "id": 124303,
      "skillTier": 1,
      "skillData": [
        {
          "iconID": 899903,
          "skillTargetType": "RANDOM",
          "canTeamKill": false,
          "canDuel": true,
          "canChangeTarget": true,
          "attributeType": "SCARLET",
          "atkType": "HIT",
          "defType": "ATTACK",
          "skillMotion": "S3",
          "range": 7,
          "arearange": 3,
          "viewType": "BATTLE",
          "targetNum": 1,
          "defaultValue": 4,
          "skillLevelCorrection": 0,
          "abilityScriptList": [
            {
              "scriptName": "ChangeAttackDamageMulByValueOnLoseDuel",
              "value": -0.5
            },
            {
              "scriptName": "CoinScaleAdderOnStartTurnViaBuffCheckDevideByStackWithLimit5",
              "buffData": {
                "buffKeyword": "GiveMeCandy",
                "buffOwner": "Target",
                "stack": 1,
                "turn": 0,
                "value": 1
              }
            },
            {
              "scriptName": "EmptyBody"
            }
          ],
          "coinList": [
            {
              "operatorType": "ADD",
              "grade": 2,
              "color": "GREY",
              "scale": 7,
              "abilityScriptList": [

              ]
            },
            {
              "operatorType": "ADD",
              "grade": 2,
              "color": "GREY",
              "scale": 7,
              "abilityScriptList": [

              ]
            }
          ]
        }
      ]
    },
    {
      "id": 124304,
      "skillTier": 1,
      "skillData": [
        {
          "iconID": 899905,
          "skillTargetType": "RANDOM",
          "canTeamKill": false,
          "canDuel": false,
          "canChangeTarget": true,
          "attributeType": "VIOLET",
          "atkType": "PENETRATE",
          "defType": "ATTACK",
          "skillMotion": "S6",
          "viewType": "ENCOUNTER",
          "targetNum": 12,
          "defaultValue": 15,
          "skillLevelCorrection": 0,
          "abilityScriptList": [
            {
              "scriptName": "Empty",
              "value": 0
            },
            {
              "scriptName": "Empty",
              "value": 0
            },
            {
              "scriptName": "AttackDmgMultiplier124302",
              "value": 0.2
            },
            {
              "scriptName": "RemoveHungry124304"
            },
            {
              "scriptName": "EmptyBody"
            }
          ],
          "coinList": [
            {
              "operatorType": "ADD",
              "scale": 15,
              "abilityScriptList": [
                {
                  "scriptName": "SuperCoin"
                }
              ]
            }
          ]
        }
      ]
    },
    {
      "id": 124305,
      "skillTier": 1,
      "skillData": [
        {
          "iconID": 124305,
          "skillTargetType": "RANDOM",
          "canTeamKill": false,
          "canDuel": true,
          "canChangeTarget": true,
          "attributeType": "VIOLET",
          "atkType": "NONE",
          "defType": "EVADE",
          "skillMotion": "Default",
          "viewType": "ENCOUNTER",
          "targetNum": 1,
          "defaultValue": 7,
          "skillLevelCorrection": 0,
          "abilityScriptList": [
            {
              "scriptName": "124305",
              "value": 2,
              "buffData": {
                "buffKeyword": "GiveMeCandy",
                "buffOwner": "Custom",
                "stack": 1,
                "turn": 0,
                "activeRound": 0
              }
            },
            {
              "scriptName": "EmptyBody"
            }
          ],
          "coinList": [
            {
              "operatorType": "ADD",
              "scale": 8,
              "abilityScriptList": [

              ]
            }
          ]
        }
      ]
    },
    {
      "id": 124306,
      "skillTier": 1,
      "skillData": [
        {
          "iconID": 899904,
          "skillTargetType": "RANDOM",
          "canTeamKill": false,
          "canDuel": true,
          "canChangeTarget": true,
          "attributeType": "CRIMSON",
          "atkType": "HIT",
          "defType": "ATTACK",
          "skillMotion": "S4",
          "range" :  7,
          "arearange" :  3,
          "viewType": "ENCOUNTER",
          "targetNum": 1,
          "defaultValue": 5,
          "skillLevelCorrection": 0,
          "abilityScriptList": [
            {
              "scriptName": "ChangeAttackDamageMulByValueOnLoseDuel",
              "value": -0.8
            },
            {
              "scriptName": "TargetNumAdder124302"
            },
            {
              "scriptName": "AttackDmgMultiplier124302",
              "value": 0.1
            },
            {
              "scriptName": "ParryingResultAdder124306",
              "value": 0
            },
            {
              "scriptName": "EmptyHead"
            }
          ],
          "coinList": [
            {
              "operatorType": "ADD",
              "grade": 2,
              "color": "GREY",
              "scale": 6,
              "abilityScriptList": [

              ]
            },
            {
              "operatorType": "ADD",
              "grade": 2,
              "color": "GREY",
              "scale": 6,
              "abilityScriptList": [

              ]
            }
          ]
        }
      ]
    },
    {
      "id": 124307,
      "skillTier": 1,
      "skillData": [
        {
          "iconID": 124307,
          "skillTargetType": "RANDOM",
          "canTeamKill": false,
          "canDuel": true,
          "canChangeTarget": true,
          "attributeType": "CRIMSON",
          "atkType": "HIT",
          "defType": "COUNTER",
          "skillMotion": "S7",
          "viewType": "BATTLE",
          "targetNum": 1,
          "defaultValue": 5,
          "skillLevelCorrection": 0,
          "abilityScriptList": [
            {
              "scriptName": "GiveBuffOnUse",
              "buffData": {
                "buffKeyword": "ParryingResultUp",
                "target": "IfAbnormalityAllPartsOrSelf",
                "buffOwner": "",
                "stack": 2,
                "turn": 0,
                "activeRound": 1
              }
            },
            {
              "scriptName": "GiveBuffOnUse",
              "buffData": {
                "buffKeyword": "Agility",
                "target": "IfAbnormalityAllPartsOrSelf",
                "buffOwner": "",
                "stack": 2,
                "turn": 0,
                "activeRound": 1
              }
            },
            {
              "scriptName": "EmptyHead"
            }
          ],
          "coinList": [
            {
              "operatorType": "ADD",
              "scale": 10,
              "abilityScriptList": [

              ]
            }
          ]
        }
      ]
    }
  ]
}