{
  "list": [
    {
      "id": 806301,
      "skillTier": 2,
      "skillData": [
        {
          "canTeamKill": false,
          "canDuel": true,
          "canChangeTarget": true,
          "attributeType": "SCARLET",
          "atkType": "PENETRATE",
          "defType": "ATTACK",
          "skillMotion": "S1",
          "viewType": "BATTLE",
          "arearange": 5,
          "parryingCloseType": "NEAR",
          "targetNum": 1,
          "defaultValue": 3,
          "skillLevelCorrection": -1,
          "skillTargetType": "RANDOM",
          "abilityScriptList": [
            {
              "scriptName": "EmptyHead"
            }
          ],
          "coinList": [
            {
              "operatorType": "ADD",
              "scale": 2,
              "abilityScriptList": [
                {
                  "scriptName": "GiveBuffOnSucceedAttack",
                  "buffData": {
                    "buffKeyword": "Burst",
                    "target": "Target",
                    "stack": 2,
                    "turn": 0,
                    "activeRound": 0
                  }
                }
              ]
            },
            {
              "operatorType": "ADD",
              "scale": 2,
              "abilityScriptList": [
                {
                  "scriptName": "GiveBuffOnSucceedAttack",
                  "buffData": {
                    "buffKeyword": "Burst",
                    "target": "Target",
                    "stack": 2,
                    "turn": 0,
                    "activeRound": 0
                  }
                }
              ]
            },
            {
              "operatorType": "ADD",
              "scale": 2,
              "abilityScriptList": [
                {
                  "scriptName": "GiveBuffOnSucceedAttack",
                  "buffData": {
                    "buffKeyword": "Burst",
                    "target": "Target",
                    "stack": 2,
                    "turn": 0,
                    "activeRound": 0
                  }
                }
              ]
            }
          ]
        }
      ]
    },
    {
      "id": 806302,
      "skillTier": 2,
      "skillData": [
        {
          "canTeamKill": false,
          "canDuel": true,
          "canChangeTarget": true,
          "attributeType": "SCARLET",
          "atkType": "PENETRATE",
          "defType": "ATTACK",
          "skillMotion": "S2",
          "viewType": "BATTLE",
          "arearange": 5,
          "parryingCloseType": "NEAR",
          "targetNum": 3,
          "defaultValue": 5,
          "skillLevelCorrection": 0,
          "skillTargetType": "RANDOM",
          "abilityScriptList": [
            {
              "scriptName": "EmptyHead"
            }
          ],
          "coinList": [
            {
              "operatorType": "ADD",
              "scale": 7,
              "abilityScriptList": [
                {
                  "scriptName": "GiveBuffOnSucceedAttack",
                  "buffData": {
                    "buffKeyword": "Burst",
                    "target": "Target",
                    "stack": 0,
                    "turn": 4,
                    "activeRound": 0
                  }
                }
              ]
            }
          ]
        }
      ]
    },
    {
      "id": 806303,
      "skillTier": 2,
      "skillData": [
        {
          "canTeamKill": true,
          "canDuel": true,
          "canChangeTarget": true,
          "attributeType": "SHAMROCK",
          "atkType": "HIT",
          "defType": "ATTACK",
          "skillMotion": "S3",
          "range": "10",
          "viewType": "BATTLE",
          "arearange": 5,
          "parryingCloseType": "NEAR",
          "targetNum": 5,
          "defaultValue": 3,
          "skillLevelCorrection": 0,
          "skillTargetType": "RANDOM",
          "abilityScriptList": [
            {
              "scriptName": "EmptyHead"
            },
            {
              "scriptName": "AttackLowestHpAbnormalityTarget"
            }
          ],
          "coinList": [
            {
              "operatorType": "ADD",
              "scale": 4,
              "abilityScriptList": [
                {
                  "scriptName": "GiveBuffOnSucceedAttack",
                  "buffData": {
                    "buffKeyword": "Burst",
                    "target": "Target",
                    "stack": 0,
                    "turn": 5,
                    "activeRound": 0
                  }
                }
              ]
            },
            {
              "operatorType": "ADD",
              "scale": 4,
              "abilityScriptList": [
                {
                  "scriptName": "GiveBuffOnSucceedAttack",
                  "buffData": {
                    "buffKeyword": "Burst",
                    "target": "Target",
                    "stack": 0,
                    "turn": 5,
                    "activeRound": 0
                  }
                }
              ]
            }
          ]
        }
      ]
    },
    {
      "id": 806304,
      "skillTier": 2,
      "skillData": [
        {
          "canTeamKill": true,
          "canDuel": true,
          "canChangeTarget": true,
          "attributeType": "SHAMROCK",
          "atkType": "HIT",
          "defType": "ATTACK",
          "skillMotion": "S4",
          "viewType": "BATTLE",
          "arearange": 5,
          "parryingCloseType": "NEAR",
          "targetNum": 5,
          "defaultValue": 5,
          "skillLevelCorrection": 2,
          "skillTargetType": "RANDOM",
          "abilityScriptList": [
            {
              "scriptName": "EmptyBody"
            },
            {
              "scriptName": "AttackDmgUpByRatioViaBuffCheckDevideByTurn",
              "buffData": {
                "buffKeyword": "Burst",
                "buffOwner": "Target",
                "stack": 0,
                "turn": 5,
                "value": 0.2
              }
            },
            {
              "scriptName": "AttackLowestHpAbnormalityTarget"
            }
          ],
          "coinList": [
            {
              "operatorType": "ADD",
              "scale": 10,
              "abilityScriptList": [
                {
                  "scriptName": "GiveBuffOnSucceedAttack",
                  "buffData": {
                    "buffKeyword": "Burst",
                    "target": "Target",
                    "stack": 5,
                    "turn": 5,
                    "activeRound": 0
                  }
                }
              ]
            }
          ]
        }
      ]
    },
    {
      "id": 806305,
      "skillTier": 2,
      "skillData": [
        {
          "canTeamKill": true,
          "canDuel": true,
          "canChangeTarget": true,
          "attributeType": "SHAMROCK",
          "atkType": "HIT",
          "defType": "ATTACK",
          "skillMotion": "S5",
          "range": "20",
          "viewType": "ENCOUNTER",
          "arearange": 5,
          "parryingCloseType": "NEAR",
          "targetNum": 5,
          "defaultValue": 5,
          "skillLevelCorrection": 3,
          "skillTargetType": "RANDOM",
          "abilityScriptList": [
            {
              "scriptName": "EmptyHead"
            },
            {
              "scriptName": "AttackDmgUpByRatioViaBuffCheckDevideByTurn",
              "buffData": {
                "buffKeyword": "Burst",
                "buffOwner": "Target",
                "stack": 0,
                "turn": 5,
                "value": 0.2
              }
            },
            {
              "scriptName": "806305"
            },
            {
              "scriptName": "AttackLowestHpAbnormalityTarget"
            }
          ],
          "coinList": [
            {
              "operatorType": "ADD",
              "scale": 11,
              "abilityScriptList": [
                {
                  "scriptName": "GiveBuffOnSucceedAttack",
                  "buffData": {
                    "buffKeyword": "Burst",
                    "target": "Target",
                    "stack": 5,
                    "turn": 0,
                    "activeRound": 0
                  }
                }
              ]
            }
          ]
        }
      ]
    },
    {
      "id": 806306,
      "skillTier": 2,
      "skillData": [
        {
          "canTeamKill": false,
          "canDuel": false,
          "canChangeTarget": true,
          "attributeType": "NEUTRAL",
          "atkType": "NONE",
          "defType": "GUARD",
          "viewType": "BATTLE",
          "parryingCloseType": "NEAR",
          "targetNum": 1,
          "defaultValue": 5,
          "skillLevelCorrection": 3,
          "skillTargetType": "RANDOM",
          "abilityScriptList": [
            {
              "scriptName": "EmptyBody"
            },
            {
              "scriptName": "806306"
            }
          ],
          "coinList": [
            {
              "operatorType": "ADD",
              "scale": 10
            }
          ]
        }
      ]
    },
    {
      "id": 806307,
      "skillTier": 2,
      "skillData": [
        {
          "canTeamKill": false,
          "canDuel": false,
          "canChangeTarget": true,
          "attributeType": "NEUTRAL",
          "atkType": "NONE",
          "defType": "GUARD",
          "viewType": "BATTLE",
          "parryingCloseType": "NEAR",
          "targetNum": 1,
          "defaultValue": 5,
          "skillLevelCorrection": 3,
          "skillTargetType": "RANDOM",
          "abilityScriptList": [
            {
              "scriptName": "EmptyHead"
            },
            {
              "scriptName": "806306"
            }
          ],
          "coinList": [
            {
              "operatorType": "ADD",
              "scale": 10
            }
          ]
        }
      ]
    }
  ]
}