{
  "list": [
    {
      "id": 999901,
      "skillTier": 3,
      "skillType": "SKILL",
      "skillData": [
        {
          "skillTargetType": "RANDOM",
          "canTeamKill": false,
          "canDuel": true,
          "canChangeTarget": true,
          "attributeType": "CRIMSON",
          "atkType": "SLASH",
          "defType": "ATTACK",
          "skillMotion": "S1",
          "viewType": "BATTLE",
          "parryingCloseType": "NEAR",
          "targetNum": 1,
          "defaultValue": 22,
          "skillLevelCorrection": 0,
          "abilityScriptList": [
            {
              "scriptName": "UnobservableSkill"
            }
          ],
          "coinList": [
            {
              "operatorType": "ADD",
              "scale": 18
            },
            {
              "operatorType": "ADD",
              "scale": 18
            },
            {
              "operatorType": "ADD",
              "scale": 18
            }
          ]
        }
      ]
    },
    {
      "id": 999902,
      "skillTier": 3,
      "skillType": "SKILL",
      "skillData": [
        {
          "skillTargetType": "RANDOM",
          "canTeamKill": false,
          "canDuel": true,
          "canChangeTarget": true,
          "attributeType": "CRIMSON",
          "atkType": "SLASH",
          "defType": "ATTACK",
          "skillMotion": "S2",
          "viewType": "BATTLE",
          "parryingCloseType": "NEAR",
          "targetNum": 1,
          "defaultValue": 24,
          "skillLevelCorrection": 0,
          "abilityScriptList": [
            {
              "scriptName": "UnobservableSkill"
            }
          ],
          "coinList": [
            {
              "operatorType": "ADD",
              "scale": 22
            },
            {
              "operatorType": "ADD",
              "scale": 22
            },
            {
              "operatorType": "ADD",
              "scale": 22
            }
          ]
        }
      ]
    },
    {
      "id": 999903,
      "skillTier": 3,
      "skillType": "SKILL",
      "skillData": [
        {
          "skillTargetType": "RANDOM",
          "canTeamKill": false,
          "canDuel": true,
          "canChangeTarget": true,
          "attributeType": "CRIMSON",
          "atkType": "SLASH",
          "defType": "ATTACK",
          "skillMotion": "S3",
          "viewType": "BATTLE",
          "parryingCloseType": "NEAR",
          "targetNum": 2,
          "defaultValue": 28,
          "skillLevelCorrection": 0,
          "abilityScriptList": [
            {
              "scriptName": "UnobservableSkill"
            }
          ],
          "coinList": [
            {
              "operatorType": "ADD",
              "scale": 23
            },
            {
              "operatorType": "ADD",
              "scale": 23
            },
            {
              "operatorType": "ADD",
              "scale": 23
            }
          ]
        }
      ]
    },
    {
      "id": 999904,
      "skillTier": 3,
      "skillType": "SKILL",
      "skillData": [
        {
          "skillTargetType": "RANDOM",
          "canTeamKill": false,
          "canDuel": true,
          "canChangeTarget": true,
          "attributeType": "CRIMSON",
          "atkType": "SLASH",
          "defType": "ATTACK",
          "skillMotion": "S4",
          "viewType": "ENCOUNTER",
          "parryingCloseType": "NEAR",
          "targetNum": 3,
          "defaultValue": 31,
          "skillLevelCorrection": 0,
          "abilityScriptList": [
            {
              "scriptName": "UnobservableSkill"
            }
          ],
          "coinList": [
            {
              "operatorType": "ADD",
              "scale": 25
            },
            {
              "operatorType": "ADD",
              "scale": 25
            },
            {
              "operatorType": "ADD",
              "scale": 25
            }
          ]
        }
      ]
    },
    {
      "id": 999905,
      "skillTier": 3,
      "skillType": "SKILL",
      "skillData": [
        {
          "skillTargetType": "RANDOM",
          "canTeamKill": false,
          "canDuel": true,
          "canChangeTarget": true,
          "attributeType": "CRIMSON",
          "atkType": "SLASH",
          "defType": "ATTACK",
          "skillMotion": "S5",
          "viewType": "ENCOUNTER",
          "parryingCloseType": "NEAR",
          "targetNum": 4,
          "defaultValue": 25,
          "skillLevelCorrection": 0,
          "abilityScriptList": [
            {
              "scriptName": "UnobservableSkill"
            }
          ],
          "coinList": [
            {
              "operatorType": "ADD",
              "scale": 20
            },
            {
              "operatorType": "ADD",
              "scale": 20
            },
            {
              "operatorType": "ADD",
              "scale": 20
            },
            {
              "operatorType": "ADD",
              "scale": 20
            }
          ]
        }
      ]
    },
    {
      "id": 999906,
      "skillTier": 3,
      "skillType": "SKILL",
      "skillData": [
        {
          "skillTargetType": "RANDOM",
          "canTeamKill": false,
          "canDuel": true,
          "canChangeTarget": true,
          "attributeType": "CRIMSON",
          "atkType": "SLASH",
          "defType": "ATTACK",
          "skillMotion": "S1",
          "viewType": "BATTLE",
          "parryingCloseType": "NEAR",
          "targetNum": 3,
          "defaultValue": 45,
          "skillLevelCorrection": 10,
          "abilityScriptList": [
            {
              "scriptName": "UnobservableSkill"
            }
          ],
          "coinList": [
            {
              "operatorType": "ADD",
              "scale": 40
            },
            {
              "operatorType": "ADD",
              "scale": 40
            }
          ]
        }
      ]
    },
    {
      "id": 999907,
      "skillTier": 3,
      "skillType": "SKILL",
      "skillData": [
        {
          "skillTargetType": "RANDOM",
          "canTeamKill": false,
          "canDuel": true,
          "canChangeTarget": true,
          "attributeType": "CRIMSON",
          "atkType": "SLASH",
          "defType": "ATTACK",
          "skillMotion": "S3",
          "viewType": "BATTLE",
          "parryingCloseType": "NEAR",
          "targetNum": 4,
          "defaultValue": 33,
          "skillLevelCorrection": 10,
          "abilityScriptList": [
            {
              "scriptName": "UnobservableSkill"
            }
          ],
          "coinList": [
            {
              "operatorType": "ADD",
              "scale": 33
            },
            {
              "operatorType": "ADD",
              "scale": 33
            },
            {
              "operatorType": "ADD",
              "scale": 33
            }
          ]
        }
      ]
    },
    {
      "id": 999908,
      "skillTier": 3,
      "skillType": "SKILL",
      "skillData": [
        {
          "skillTargetType": "RANDOM",
          "canTeamKill": false,
          "canDuel": true,
          "canChangeTarget": true,
          "attributeType": "CRIMSON",
          "atkType": "SLASH",
          "defType": "ATTACK",
          "skillMotion": "S4",
          "viewType": "ENCOUNTER",
          "parryingCloseType": "NEAR",
          "targetNum": 5,
          "defaultValue": 45,
          "skillLevelCorrection": 10,
          "abilityScriptList": [
            {
              "scriptName": "UnobservableSkill"
            }
          ],
          "coinList": [
            {
              "operatorType": "ADD",
              "scale": 36
            },
            {
              "operatorType": "ADD",
              "scale": 36
            },
            {
              "operatorType": "ADD",
              "scale": 36

            }
          ]
        }
      ]
    },
    {
      "id": 999909,
      "skillTier": 3,
      "skillType": "SKILL",
      "skillData": [
        {
          "skillTargetType": "RANDOM",
          "canTeamKill": false,
          "canDuel": true,
          "canChangeTarget": true,
          "attributeType": "CRIMSON",
          "atkType": "SLASH",
          "defType": "ATTACK",
          "skillMotion": "S5",
          "viewType": "ENCOUNTER",
          "parryingCloseType": "NEAR",
          "targetNum": 6,
          "defaultValue": 60,
          "skillLevelCorrection": 10,
          "abilityScriptList": [
            {
              "scriptName": "UnobservableSkill"
            }
          ],
          "coinList": [
            {
              "operatorType": "ADD",
              "scale": 40
            },
            {
              "operatorType": "ADD",
              "scale": 40
            },
            {
              "operatorType": "ADD",
              "scale": 40
            },
            {
              "operatorType": "ADD",
              "scale": 40
            },
            {
              "operatorType": "ADD",
              "scale": 40
            }
          ]
        }
      ]
    }
  ]
}