{
  "list": [
    {
      "id": 40000101,
      "skillTier": 1,
      "skillType": "SKILL",
      "skillData": [
        {
          "gaksungLevel": 1,
          "skillTargetType": "RANDOM",
          "canTeamKill": false,
          "canDuel": true,
          "canChangeTarget": true,
          "attributeType": "AZURE",
          "atkType": "HIT",
          "defType": "ATTACK",
          "skillMotion": "S1",
          "viewType": "BATTLE",
          "parryingCloseType": "NEAR",
          "targetNum": 1,
          "defaultValue": 3,
          "skillLevelCorrection": 0,
          "abilityScriptList": [
            {
              "scriptName": "ParryingResultPowerAdder1OnUseNegativeBuffCount5"
            },
            {
              "scriptName": "SkillPowerAdderOnUseViaBuffCheckDevideByStackWithLimit2",
              "buffData": {
                "buffKeyword": "Burst",
                "target": "",
                "buffOwner": "Target",
                "stack": 3,
                "turn": 0,
                "value": 1
              }
            }
          ],
          "coinList": [
            {
              "operatorType": "ADD",
              "scale": 4,
              "abilityScriptList": [
                {
                  "scriptName": "GiveBuffOnSucceedAttack",
                  "buffData": {
                    "buffKeyword": "Burst",
                    "target": "Target",
                    "buffOwner": "",
                    "stack": 0,
                    "turn": 2,
                    "activeRound": 0
                  }
                },
                {
                  "scriptName": "GiveBuffOnSucceedAttackHead",
                  "buffData": {
                    "buffKeyword": "AttackUp",
                    "target": "Self",
                    "buffOwner": "",
                    "stack": 1,
                    "turn": 0,
                    "activeRound": 1
                  }
                }
              ]
            },
            {
              "operatorType": "ADD",
              "scale": 4,
              "abilityScriptList": [
                {
                  "scriptName": "GiveBuffOnSucceedAttack",
                  "buffData": {
                    "buffKeyword": "Burst",
                    "target": "Target",
                    "buffOwner": "",
                    "stack": 0,
                    "turn": 2,
                    "activeRound": 0
                  }
                },
                {
                  "scriptName": "GiveBuffOnSucceedAttackHead",
                  "buffData": {
                    "buffKeyword": "AttackUp",
                    "target": "Self",
                    "buffOwner": "",
                    "stack": 1,
                    "turn": 0,
                    "activeRound": 1
                  }
                }
              ]
            }
          ]
        },
        {
          "gaksungLevel": 2,
          "defaultValue": 4,
          "abilityScriptList": [
            {
              "scriptName": "ParryingResultPowerAdder1OnUseNegativeBuffCount5"
            },
            {
              "scriptName": "SkillPowerAdderOnUseViaBuffCheckDevideByStackWithLimit2",
              "buffData": {
                "buffKeyword": "Burst",
                "target": "",
                "buffOwner": "Target",
                "stack": 3,
                "turn": 0,
                "value": 1
              }
            },
            {
              "scriptName": "CoinScaleAdderOnStartTurnViaBuffCheckDevideByStackWithLimit2",
              "buffData": {
                "buffKeyword": "Burst",
                "target": "",
                "buffOwner": "Target",
                "stack": 6,
                "turn": 0,
                "value": 1
              }
            }
          ],
          "coinList": [
            {
              "operatorType": "ADD",
              "scale": 4,
              "abilityScriptList": [
                {
                  "scriptName": "GiveBuffOnSucceedAttack",
                  "buffData": {
                    "buffKeyword": "Burst",
                    "target": "Target",
                    "buffOwner": "",
                    "stack": 0,
                    "turn": 2,
                    "activeRound": 0
                  }
                },
                {
                  "scriptName": "GiveBuffOnSucceedAttackHead",
                  "buffData": {
                    "buffKeyword": "AttackUp",
                    "target": "Self",
                    "buffOwner": "",
                    "stack": 1,
                    "turn": 0,
                    "activeRound": 1
                  }
                }
              ]
            },
            {
              "operatorType": "ADD",
              "scale": 4,
              "abilityScriptList": [
                {
                  "scriptName": "GiveBuffOnSucceedAttack",
                  "buffData": {
                    "buffKeyword": "Burst",
                    "target": "Target",
                    "buffOwner": "",
                    "stack": 0,
                    "turn": 2,
                    "activeRound": 0
                  }
                },
                {
                  "scriptName": "GiveBuffOnSucceedAttackHead",
                  "buffData": {
                    "buffKeyword": "AttackUp",
                    "target": "Self",
                    "buffOwner": "",
                    "stack": 1,
                    "turn": 0,
                    "activeRound": 1
                  }
                }
              ]
            }
          ]
        },
        {
          "gaksungLevel": 3,
          "defaultValue": 4,
          "abilityScriptList": [
            {
              "scriptName": "ParryingResultPowerAdder2OnUseNegativeBuffCount5"
            },
            {
              "scriptName": "SkillPowerAdderOnUseViaBuffCheckDevideByStackWithLimit2",
              "buffData": {
                "buffKeyword": "Burst",
                "target": "",
                "buffOwner": "Target",
                "stack": 3,
                "turn": 0,
                "value": 1
              }
            },
            {
              "scriptName": "CoinScaleAdderOnStartTurnViaBuffCheckDevideByStackWithLimit2",
              "buffData": {
                "buffKeyword": "Burst",
                "target": "",
                "buffOwner": "Target",
                "stack": 6,
                "turn": 0,
                "value": 1
              }
            }
          ],
          "coinList": [
            {
              "operatorType": "ADD",
              "scale": 4,
              "abilityScriptList": [
                {
                  "scriptName": "GiveBuffOnSucceedAttack",
                  "buffData": {
                    "buffKeyword": "Burst",
                    "target": "Target",
                    "buffOwner": "",
                    "stack": 2,
                    "turn": 2,
                    "activeRound": 0
                  }
                },
                {
                  "scriptName": "GiveBuffOnSucceedAttackHead",
                  "buffData": {
                    "buffKeyword": "AttackUp",
                    "target": "Self",
                    "buffOwner": "",
                    "stack": 1,
                    "turn": 0,
                    "activeRound": 1
                  }
                }
              ]
            },
            {
              "operatorType": "ADD",
              "scale": 4,
              "abilityScriptList": [
                {
                  "scriptName": "GiveBuffOnSucceedAttack",
                  "buffData": {
                    "buffKeyword": "Burst",
                    "target": "Target",
                    "buffOwner": "",
                    "stack": 2,
                    "turn": 2,
                    "activeRound": 0
                  }
                },
                {
                  "scriptName": "GiveBuffOnSucceedAttackHead",
                  "buffData": {
                    "buffKeyword": "AttackUp",
                    "target": "Self",
                    "buffOwner": "",
                    "stack": 1,
                    "turn": 0,
                    "activeRound": 1
                  }
                }
              ]
            }
          ]
        },
        {
          "gaksungLevel": 4,
          "defaultValue": 4,
          "abilityScriptList": [
            {
              "scriptName": "ParryingResultPowerAdder2OnUseNegativeBuffCount5"
            },
            {
              "scriptName": "SkillPowerAdderOnUseViaBuffCheckDevideByStackWithLimit2",
              "buffData": {
                "buffKeyword": "Burst",
                "target": "",
                "buffOwner": "Target",
                "stack": 3,
                "turn": 0,
                "value": 1
              }
            },
            {
              "scriptName": "CoinScaleAdderOnStartTurnViaBuffCheckDevideByStackWithLimit2",
              "buffData": {
                "buffKeyword": "Burst",
                "target": "",
                "buffOwner": "Target",
                "stack": 6,
                "turn": 0,
                "value": 1
              }
            },
            {
              "scriptName": "GiveBuffOnUse",
              "turnLimit": 1,
              "buffData": {
                "buffKeyword": "Agility",
                "target": "Self",
                "buffOwner": "",
                "stack": 3,
                "turn": 0,
                "activeRound": 1
              }
            }
          ],
          "coinList": [
            {
              "operatorType": "ADD",
              "scale": 4,
              "abilityScriptList": [
                {
                  "scriptName": "GiveBuffOnSucceedAttack",
                  "buffData": {
                    "buffKeyword": "Burst",
                    "target": "Target",
                    "buffOwner": "",
                    "stack": 2,
                    "turn": 2,
                    "activeRound": 0
                  }
                },
                {
                  "scriptName": "GiveBuffOnSucceedAttackHead",
                  "buffData": {
                    "buffKeyword": "AttackUp",
                    "target": "Self",
                    "buffOwner": "",
                    "stack": 1,
                    "turn": 0,
                    "activeRound": 1
                  }
                }
              ]
            },
            {
              "operatorType": "ADD",
              "scale": 4,
              "abilityScriptList": [
                {
                  "scriptName": "GiveBuffOnSucceedAttack",
                  "buffData": {
                    "buffKeyword": "Burst",
                    "target": "Target",
                    "buffOwner": "",
                    "stack": 2,
                    "turn": 2,
                    "activeRound": 0
                  }
                },
                {
                  "scriptName": "GiveBuffOnSucceedAttackHead",
                  "buffData": {
                    "buffKeyword": "AttackUp",
                    "target": "Self",
                    "buffOwner": "",
                    "stack": 1,
                    "turn": 0,
                    "activeRound": 1
                  }
                },
                {
                  "scriptName": "GiveBuffOnSucceedAttack",
                  "buffData": {
                    "buffKeyword": "Binding",
                    "target": "Target",
                    "buffOwner": "",
                    "stack": 3,
                    "turn": 0,
                    "activeRound": 1
                  }
                }
              ]
            }
          ]
        },
        {
          "gaksungLevel": 5,
          "defaultValue": 4,
          "abilityScriptList": [
            {
              "scriptName": "ParryingResultPowerAdder2OnUseNegativeBuffCount5"
            },
            {
              "scriptName": "SkillPowerAdderOnUseViaBuffCheckDevideByStackWithLimit2",
              "buffData": {
                "buffKeyword": "Burst",
                "target": "",
                "buffOwner": "Target",
                "stack": 3,
                "turn": 0,
                "value": 1
              }
            },
            {
              "scriptName": "CoinScaleAdderOnStartTurnViaBuffCheckDevideByStackWithLimit2",
              "buffData": {
                "buffKeyword": "Burst",
                "target": "",
                "buffOwner": "Target",
                "stack": 6,
                "turn": 0,
                "value": 1
              }
            },
            {
              "scriptName": "GiveBuffOnUse",
              "turnLimit": 1,
              "buffData": {
                "buffKeyword": "Agility",
                "target": "Self",
                "buffOwner": "",
                "stack": 3,
                "turn": 0,
                "activeRound": 1
              }
            },
            {
              "scriptName": "GiveBuffOnUse",
              "buffData": {
                "buffKeyword": "Breath",
                "target": "Self",
                "buffOwner": "",
                "stack": 3,
                "turn": 2,
                "activeRound": 0
              }
            }
          ],
          "coinList": [
            {
              "operatorType": "ADD",
              "scale": 4,
              "abilityScriptList": [
                {
                  "scriptName": "GiveBuffOnSucceedAttack",
                  "buffData": {
                    "buffKeyword": "Burst",
                    "target": "Target",
                    "buffOwner": "",
                    "stack": 2,
                    "turn": 2,
                    "activeRound": 0
                  }
                },
                {
                  "scriptName": "GiveBuffOnSucceedAttackHead",
                  "buffData": {
                    "buffKeyword": "AttackUp",
                    "target": "Self",
                    "buffOwner": "",
                    "stack": 1,
                    "turn": 0,
                    "activeRound": 1
                  }
                },
                {
                  "scriptName": "GiveBuffOnSuccessCriticalAttack",
                  "buffData": {
                    "buffKeyword": "Burst",
                    "target": "Target",
                    "buffOwner": "",
                    "stack": 2,
                    "turn": 0,
                    "activeRound": 0
                  }
                }
              ]
            },
            {
              "operatorType": "ADD",
              "scale": 4,
              "abilityScriptList": [
                {
                  "scriptName": "GiveBuffOnSucceedAttack",
                  "buffData": {
                    "buffKeyword": "Burst",
                    "target": "Target",
                    "buffOwner": "",
                    "stack": 2,
                    "turn": 2,
                    "activeRound": 0
                  }
                },
                {
                  "scriptName": "GiveBuffOnSucceedAttackHead",
                  "buffData": {
                    "buffKeyword": "AttackUp",
                    "target": "Self",
                    "buffOwner": "",
                    "stack": 1,
                    "turn": 0,
                    "activeRound": 1
                  }
                },
                {
                  "scriptName": "GiveBuffOnSucceedAttack",
                  "buffData": {
                    "buffKeyword": "Binding",
                    "target": "Target",
                    "buffOwner": "",
                    "stack": 3,
                    "turn": 0,
                    "activeRound": 1
                  }
                },
                {
                  "scriptName": "RerollOnSACUpto2"
                }
              ]
            }
          ]
        }
      ]
    },
    {
      "id": 40000102,
      "skillTier": 2,
      "skillType": "SKILL",
      "skillData": [
        {
          "gaksungLevel": 1,
          "skillTargetType": "RANDOM",
          "canTeamKill": false,
          "canDuel": true,
          "canChangeTarget": true,
          "attributeType": "SHAMROCK",
          "atkType": "HIT",
          "defType": "ATTACK",
          "skillMotion": "S2",
          "viewType": "BATTLE",
          "parryingCloseType": "NEAR",
          "targetNum": 1,
          "defaultValue": 3,
          "skillLevelCorrection": 2,
          "abilityScriptList": [
            {
              "scriptName": "CoinScaleAdder1OnUseNegativeBuffCount5"
            },
            {
              "scriptName": "CoinScaleAdderOnStartTurnViaBuffCheckDevideByStackWithLimit2",
              "buffData": {
                "buffKeyword": "Burst",
                "target": "",
                "buffOwner": "Target",
                "stack": 6,
                "turn": 0,
                "value": 1
              }
            }
          ],
          "coinList": [
            {
              "operatorType": "ADD",
              "scale": 3,
              "abilityScriptList": [
                {
                  "scriptName": "GiveBuffOnSucceedAttack",
                  "buffData": {
                    "buffKeyword": "Burst",
                    "target": "Target",
                    "buffOwner": "",
                    "stack": 0,
                    "turn": 1,
                    "activeRound": 0
                  }
                },
                {
                  "scriptName": "GiveBuffOnSucceedAttack",
                  "buffData": {
                    "buffKeyword": "DefenseDown",
                    "target": "Target",
                    "buffOwner": "",
                    "stack": 3,
                    "turn": 0,
                    "activeRound": 0
                  }
                }
              ]
            },
            {
              "operatorType": "ADD",
              "scale": 3,
              "abilityScriptList": [
                {
                  "scriptName": "GiveBuffOnSucceedAttack",
                  "buffData": {
                    "buffKeyword": "Burst",
                    "target": "Target",
                    "buffOwner": "",
                    "stack": 0,
                    "turn": 1,
                    "activeRound": 0
                  }
                },
                {
                  "scriptName": "GiveBuffOnSucceedAttack",
                  "buffData": {
                    "buffKeyword": "AttackUp",
                    "target": "Self",
                    "buffOwner": "",
                    "stack": 3,
                    "turn": 0,
                    "activeRound": 1
                  }
                }
              ]
            },
            {
              "operatorType": "ADD",
              "scale": 3,
              "abilityScriptList": [
                {
                  "scriptName": "GiveBuffOnSucceedAttackByDuplicateStack_Burst",
                  "buffData": {
                    "buffKeyword": "Breath",
                    "buffOwner": "Target",
                    "target": "Self",
                    "stack": 0,
                    "turn": 1,
                    "limit": 5,
                    "activeRound": 0
                  }
                },
                {
                  "scriptName": "GiveBuffOnSucceedAttackHeadByDuplicateTurn_Burst",
                  "buffData": {
                    "buffKeyword": "Breath",
                    "buffOwner": "Target",
                    "target": "Self",
                    "stack": 3,
                    "turn": 0,
                    "limit": 2,
                    "activeRound": 1
                  }
                }
              ]
            },
            {
              "operatorType": "ADD",
              "scale": 3,
              "abilityScriptList": [
                {
                  "scriptName": "CriticalDmgUpByRatio50"
                },
                {
                  "scriptName": "40000103_1",
                  "buffData": {
                    "buffKeyword": "Burst",
                    "stack": 0,
                    "turn": 2,
                    "activeRound": 0
                  }
                },
                {
                  "scriptName": "40000103_2",
                  "buffData": {
                    "buffKeyword": "AttackUp",
                    "stack": 3,
                    "turn": 0,
                    "activeRound": 1
                  }
                }
              ]
            }
          ]
        },
        {
          "gaksungLevel": 2,
          "abilityScriptList": [
            {
              "scriptName": "CoinScaleAdder1OnUseNegativeBuffCount4"
            },
            {
              "scriptName": "CoinScaleAdderOnStartTurnViaBuffCheckDevideByStackWithLimit2",
              "buffData": {
                "buffKeyword": "Burst",
                "target": "",
                "buffOwner": "Target",
                "stack": 3,
                "turn": 0,
                "value": 1
              }
            }
          ],
          "coinList": [
            {
              "operatorType": "ADD",
              "scale": 3,
              "abilityScriptList": [
                {
                  "scriptName": "GiveBuffOnSucceedAttack",
                  "buffData": {
                    "buffKeyword": "Burst",
                    "target": "Target",
                    "buffOwner": "",
                    "stack": 0,
                    "turn": 2,
                    "activeRound": 0
                  }
                },
                {
                  "scriptName": "GiveBuffOnSucceedAttack",
                  "buffData": {
                    "buffKeyword": "DefenseDown",
                    "target": "Target",
                    "buffOwner": "",
                    "stack": 3,
                    "turn": 0,
                    "activeRound": 0
                  }
                }
              ]
            },
            {
              "operatorType": "ADD",
              "scale": 3,
              "abilityScriptList": [
                {
                  "scriptName": "GiveBuffOnSucceedAttack",
                  "buffData": {
                    "buffKeyword": "Burst",
                    "target": "Target",
                    "buffOwner": "",
                    "stack": 0,
                    "turn": 2,
                    "activeRound": 0
                  }
                },
                {
                  "scriptName": "GiveBuffOnSucceedAttack",
                  "buffData": {
                    "buffKeyword": "AttackUp",
                    "target": "Self",
                    "buffOwner": "",
                    "stack": 3,
                    "turn": 0,
                    "activeRound": 1
                  }
                }
              ]
            },
            {
              "operatorType": "ADD",
              "scale": 3,
              "abilityScriptList": [
                {
                  "scriptName": "GiveBuffOnSucceedAttackByDuplicateStack_Burst",
                  "buffData": {
                    "buffKeyword": "Breath",
                    "buffOwner": "Target",
                    "target": "Self",
                    "stack": 0,
                    "turn": 1,
                    "limit": 5,
                    "activeRound": 0
                  }
                },
                {
                  "scriptName": "GiveBuffOnSucceedAttackHeadByDuplicateTurn_Burst",
                  "buffData": {
                    "buffKeyword": "Breath",
                    "buffOwner": "Target",
                    "target": "Self",
                    "stack": 3,
                    "turn": 0,
                    "limit": 2,
                    "activeRound": 1
                  }
                }
              ]
            },
            {
              "operatorType": "ADD",
              "scale": 3,
              "abilityScriptList": [
                {
                  "scriptName": "CriticalDmgUpByRatio50"
                },
                {
                  "scriptName": "40000103_1",
                  "buffData": {
                    "buffKeyword": "Burst",
                    "stack": 0,
                    "turn": 2,
                    "activeRound": 0
                  }
                },
                {
                  "scriptName": "40000103_2",
                  "buffData": {
                    "buffKeyword": "AttackUp",
                    "stack": 3,
                    "turn": 0,
                    "activeRound": 1
                  }
                }
              ]
            }
          ]
        },
        {
          "gaksungLevel": 3,
          "abilityScriptList": [
            {
              "scriptName": "CoinScaleAdder1OnUseNegativeBuffCount4"
            },
            {
              "scriptName": "CoinScaleAdderOnStartTurnViaBuffCheckDevideByStackWithLimit2",
              "buffData": {
                "buffKeyword": "Burst",
                "target": "",
                "buffOwner": "Target",
                "stack": 6,
                "turn": 0,
                "value": 1
              }
            }
          ],
          "coinList": [
            {
              "operatorType": "ADD",
              "scale": 3,
              "abilityScriptList": [
                {
                  "scriptName": "GiveBuffOnSucceedAttack",
                  "buffData": {
                    "buffKeyword": "Burst",
                    "target": "Target",
                    "buffOwner": "",
                    "stack": 0,
                    "turn": 2,
                    "activeRound": 0
                  }
                },
                {
                  "scriptName": "GiveBuffOnSucceedAttack",
                  "buffData": {
                    "buffKeyword": "Combustion",
                    "target": "Target",
                    "buffOwner": "",
                    "stack": 0,
                    "turn": 2,
                    "activeRound": 0
                  }
                },
                {
                  "scriptName": "GiveBuffOnSucceedAttack",
                  "buffData": {
                    "buffKeyword": "DefenseDown",
                    "target": "Target",
                    "buffOwner": "",
                    "stack": 3,
                    "turn": 0,
                    "activeRound": 0
                  }
                }
              ]
            },
            {
              "operatorType": "ADD",
              "scale": 3,
              "abilityScriptList": [
                {
                  "scriptName": "GiveBuffOnSucceedAttack",
                  "buffData": {
                    "buffKeyword": "Burst",
                    "target": "Target",
                    "buffOwner": "",
                    "stack": 0,
                    "turn": 2,
                    "activeRound": 0
                  }
                },
                {
                  "scriptName": "GiveBuffOnSucceedAttack",
                  "buffData": {
                    "buffKeyword": "Combustion",
                    "target": "Target",
                    "buffOwner": "",
                    "stack": 0,
                    "turn": 2,
                    "activeRound": 0
                  }
                },
                {
                  "scriptName": "GiveBuffOnSucceedAttack",
                  "buffData": {
                    "buffKeyword": "AttackUp",
                    "target": "Self",
                    "buffOwner": "",
                    "stack": 3,
                    "turn": 0,
                    "activeRound": 1
                  }
                }
              ]
            },
            {
              "operatorType": "ADD",
              "scale": 3,
              "abilityScriptList": [
                {
                  "scriptName": "GiveBuffOnSucceedAttackByDuplicateBurstAndBuffStack_Combustion",
                  "buffData": {
                    "buffKeyword": "Breath",
                    "buffOwner": "Target",
                    "target": "Self",
                    "stack": -1,
                    "turn": 0,
                    "limit": 10,
                    "activeRound": 0
                  }
                },
                {
                  "scriptName": "GiveBuffOnSucceedAttackByDuplicateBurstAndBuffTurn_Combustion",
                  "buffData": {
                    "buffKeyword": "Breath",
                    "buffOwner": "Target",
                    "target": "Self",
                    "stack":0,
                    "turn": -1,
                    "limit": 5,
                    "activeRound": 0
                  }
                }
              ]
            },
            {
              "operatorType": "ADD",
              "scale": 3,
              "abilityScriptList": [
                {
                  "scriptName": "CriticalDmgUpByRatio50"
                },
                {
                  "scriptName": "40000103_1",
                  "buffData": {
                    "buffKeyword": "Burst",
                    "stack": 0,
                    "turn": 2,
                    "activeRound": 0
                  }
                },
                {
                  "scriptName": "40000103_2",
                  "buffData": {
                    "buffKeyword": "AttackUp",
                    "stack": 3,
                    "turn": 0,
                    "activeRound": 1
                  }
                }
              ]
            }
          ]
        },
        {
          "gaksungLevel": 4,
          "abilityScriptList": [
            {
              "scriptName": "CoinScaleAdder1OnUseNegativeBuffCount4"
            },
            {
              "scriptName": "CoinScaleAdderOnStartTurnViaBuffCheckDevideByStackWithLimit2",
              "buffData": {
                "buffKeyword": "Burst",
                "target": "",
                "buffOwner": "Target",
                "stack": 3,
                "turn": 0,
                "value": 1
              }
            },
            {
              "scriptName": "GiveBuffOnUse",
              "buffData": {
                "buffKeyword": "Breath",
                "target": "Self",
                "buffOwner": "",
                "stack": 3,
                "turn": 2,
                "activeRound": 0
              }
            }
          ],
          "coinList": [
            {
              "operatorType": "ADD",
              "scale": 3,
              "abilityScriptList": [
                {
                  "scriptName": "GiveBuffOnSucceedAttack",
                  "buffData": {
                    "buffKeyword": "Burst",
                    "target": "Target",
                    "buffOwner": "",
                    "stack": 0,
                    "turn": 2,
                    "activeRound": 0
                  }
                },
                {
                  "scriptName": "GiveBuffOnSucceedAttack",
                  "buffData": {
                    "buffKeyword": "Combustion",
                    "target": "Target",
                    "buffOwner": "",
                    "stack": 0,
                    "turn": 2,
                    "activeRound": 0
                  }
                },
                {
                  "scriptName": "GiveBuffOnSucceedAttack",
                  "buffData": {
                    "buffKeyword": "DefenseDown",
                    "target": "Target",
                    "buffOwner": "",
                    "stack": 3,
                    "turn": 0,
                    "activeRound": 0
                  }
                },
                {
                  "scriptName": "GiveBuffOnSucceedCriticalAttack",
                  "buffData": {
                    "buffKeyword": "Combustion",
                    "target": "Target",
                    "buffOwner": "",
                    "stack": 3,
                    "turn": 0,
                    "activeRound": 0
                  }
                }
              ]
            },
            {
              "operatorType": "ADD",
              "scale": 3,
              "abilityScriptList": [
                {
                  "scriptName": "GiveBuffOnSucceedAttack",
                  "buffData": {
                    "buffKeyword": "Burst",
                    "target": "Target",
                    "buffOwner": "",
                    "stack": 0,
                    "turn": 2,
                    "activeRound": 0
                  }
                },
                {
                  "scriptName": "GiveBuffOnSucceedAttack",
                  "buffData": {
                    "buffKeyword": "Combustion",
                    "target": "Target",
                    "buffOwner": "",
                    "stack": 0,
                    "turn": 2,
                    "activeRound": 0
                  }
                },
                {
                  "scriptName": "GiveBuffOnSucceedAttack",
                  "buffData": {
                    "buffKeyword": "AttackUp",
                    "target": "Self",
                    "buffOwner": "",
                    "stack": 3,
                    "turn": 0,
                    "activeRound": 1
                  }
                },
                {
                  "scriptName": "GiveBuffOnSucceedCriticalAttack",
                  "buffData": {
                    "buffKeyword": "Combustion",
                    "target": "Target",
                    "buffOwner": "",
                    "stack": 3,
                    "turn": 0,
                    "activeRound": 0
                  }
                }
              ]
            },
            {
              "operatorType": "ADD",
              "scale": 3,
              "abilityScriptList": [
                {
                  "scriptName": "GiveBuffOnSucceedAttackByDuplicateBurstAndBuffStack_Combustion",
                  "buffData": {
                    "buffKeyword": "Breath",
                    "buffOwner": "Target",
                    "target": "Self",
                    "stack": -1,
                    "turn": 0,
                    "limit": 10,
                    "activeRound": 0
                  }
                },
                {
                  "scriptName": "GiveBuffOnSucceedAttackByDuplicateBurstAndBuffTurn_Combustion",
                  "buffData": {
                    "buffKeyword": "Breath",
                    "buffOwner": "Target",
                    "target": "Self",
                    "stack":0,
                    "turn": -1,
                    "limit": 5,
                    "activeRound": 0
                  }
                },
                {
                  "scriptName": "GiveBuffOnSucceedCriticalAttack",
                  "buffData": {
                    "buffKeyword": "Vulnerable",
                    "target": "Target",
                    "buffOwner": "",
                    "stack": 2,
                    "turn": 0,
                    "activeRound": 0
                  }
                }
              ]
            },
            {
              "operatorType": "ADD",
              "scale": 3,
              "abilityScriptList": [
                {
                  "scriptName": "CriticalDmgUpByRatio50"
                },
                {
                  "scriptName": "40000103_1",
                  "buffData": {
                    "buffKeyword": "Burst",
                    "stack": 0,
                    "turn": 2,
                    "activeRound": 0
                  }
                },
                {
                  "scriptName": "40000103_2",
                  "buffData": {
                    "buffKeyword": "AttackUp",
                    "stack": 3,
                    "turn": 0,
                    "activeRound": 1
                  }
                }
              ]
            }
          ]
        },
        {
          "gaksungLevel": 5,
          "abilityScriptList": [
            {
              "scriptName": "CoinScaleAdder1OnUseNegativeBuffCount4"
            },
            {
              "scriptName": "CoinScaleAdderOnStartTurnViaBuffCheckDevideByStackWithLimit2",
              "buffData": {
                "buffKeyword": "Burst",
                "target": "",
                "buffOwner": "Target",
                "stack": 3,
                "turn": 0,
                "value": 1
              }
            },
            {
              "scriptName": "GiveBuffOnUse",
              "buffData": {
                "buffKeyword": "Breath",
                "turnLimit": 1,
                "target": "Self",
                "buffOwner": "",
                "stack": 3,
                "turn": 2,
                "activeRound": 0
              }
            }
          ],
          "coinList": [
            {
              "operatorType": "ADD",
              "scale": 3,
              "abilityScriptList": [
                {
                  "scriptName": "GiveBuffOnSucceedAttack",
                  "buffData": {
                    "buffKeyword": "Burst",
                    "target": "Target",
                    "buffOwner": "",
                    "stack": 0,
                    "turn": 2,
                    "activeRound": 0
                  }
                },
                {
                  "scriptName": "GiveBuffOnSucceedAttack",
                  "buffData": {
                    "buffKeyword": "Combustion",
                    "target": "Target",
                    "buffOwner": "",
                    "stack": 0,
                    "turn": 2,
                    "activeRound": 0
                  }
                },
                {
                  "scriptName": "GiveBuffOnSucceedAttack",
                  "buffData": {
                    "buffKeyword": "DefenseDown",
                    "target": "Target",
                    "buffOwner": "",
                    "stack": 3,
                    "turn": 0,
                    "activeRound": 0
                  }
                },
                {
                  "scriptName": "GiveBuffOnSucceedCriticalAttack",
                  "buffData": {
                    "buffKeyword": "Combustion",
                    "target": "Target",
                    "buffOwner": "",
                    "stack": 3,
                    "turn": 0,
                    "activeRound": 0
                  }
                }
              ]
            },
            {
              "operatorType": "ADD",
              "scale": 3,
              "abilityScriptList": [
                {
                  "scriptName": "GiveBuffOnSucceedAttack",
                  "buffData": {
                    "buffKeyword": "Burst",
                    "target": "Target",
                    "buffOwner": "",
                    "stack": 0,
                    "turn": 2,
                    "activeRound": 0
                  }
                },
                {
                  "scriptName": "GiveBuffOnSucceedAttack",
                  "buffData": {
                    "buffKeyword": "Combustion",
                    "target": "Target",
                    "buffOwner": "",
                    "stack": 0,
                    "turn": 2,
                    "activeRound": 0
                  }
                },
                {
                  "scriptName": "GiveBuffOnSucceedAttack",
                  "buffData": {
                    "buffKeyword": "AttackUp",
                    "target": "Self",
                    "buffOwner": "",
                    "stack": 3,
                    "turn": 0,
                    "activeRound": 1
                  }
                },
                {
                  "scriptName": "GiveBuffOnSucceedCriticalAttack",
                  "buffData": {
                    "buffKeyword": "Combustion",
                    "target": "Target",
                    "buffOwner": "",
                    "stack": 3,
                    "turn": 0,
                    "activeRound": 0
                  }
                }
              ]
            },
            {
              "operatorType": "ADD",
              "scale": 3,
              "abilityScriptList": [
                {
                  "scriptName": "GiveBuffOnSucceedAttackByDuplicateBurstAndBuffStack_Combustion",
                  "buffData": {
                    "buffKeyword": "Breath",
                    "buffOwner": "Target",
                    "target": "Self",
                    "stack": -1,
                    "turn": 0,
                    "limit": 10,
                    "activeRound": 0
                  }
                },
                {
                  "scriptName": "GiveBuffOnSucceedAttackByDuplicateBurstAndBuffTurn_Combustion",
                  "buffData": {
                    "buffKeyword": "Breath",
                    "buffOwner": "Target",
                    "target": "Self",
                    "stack":0,
                    "turn": -1,
                    "limit": 5,
                    "activeRound": 0
                  }
                },
                {
                  "scriptName": "GiveBuffOnSucceedCriticalAttack",
                  "buffData": {
                    "buffKeyword": "Vulnerable",
                    "target": "Target",
                    "buffOwner": "",
                    "stack": 2,
                    "turn": 0,
                    "activeRound": 0
                  }
                }
              ]
            },
            {
              "operatorType": "ADD",
              "scale": 3,
              "abilityScriptList": [
                {
                  "scriptName": "CriticalDmgUpByRatio50"
                },
                {
                  "scriptName": "40000103_1",
                  "buffData": {
                    "buffKeyword": "Burst",
                    "stack": 0,
                    "turn": 2,
                    "activeRound": 0
                  }
                },
                {
                  "scriptName": "40000103_2",
                  "buffData": {
                    "buffKeyword": "AttackUp",
                    "stack": 3,
                    "turn": 0,
                    "activeRound": 1
                  }
                },
                {
                  "scriptName": "40000102_1"
                },
                {
                  "scriptName": "40000102_2"
                }
              ]
            }
          ]
        }
      ]
    },
    {
      "id": 40000103,
      "skillTier": 3,
      "skillType": "SKILL",
      "skillData": [
        {
          "gaksungLevel": 1,
          "skillTargetType": "RANDOM",
          "canTeamKill": false,
          "canDuel": true,
          "canChangeTarget": true,
          "attributeType": "VIOLET",
          "atkType": "SLASH",
          "defType": "ATTACK",
          "skillMotion": "S3",
          "viewType": "ENCOUNTER",
          "parryingCloseType": "NEAR",
          "targetNum": 1,
          "defaultValue": 6,
          "skillLevelCorrection": 3,
          "abilityScriptList": [
            {
              "scriptName": "TagetNumAdder1BBDevide4NegativeBuffCountWithLimit2"
            },
            {
              "scriptName": "SkillPowerAdder5OnUseNegativeBuffCount5"
            },
            {
              "scriptName": "40000103_15",
              "buffData": {
                "buffKeyword": "Burst",
                "value": 5,
                "activeRound": 0
              }
            },
            {
              "scriptName": "GiveBuffOnWinDuel",
              "buffData": {
                "buffKeyword": "Burst",
                "target": "Target",
                "buffOwner": "",
                "stack": 0,
                "turn": 2,
                "activeRound": 0
              }
            }
          ],
          "coinList": [
            {
              "operatorType": "ADD",
              "scale": 12,
              "cutsceneStart": true,
              "abilityScriptList": [
                {
                  "scriptName": "GiveBuffOnSucceedAttack",
                  "buffData": {
                    "buffKeyword": "Laceration",
                    "target": "Target",
                    "buffOwner": "",
                    "stack": 7,
                    "turn": 0,
                    "activeRound": 0
                  }
                },
                {
                  "scriptName": "CriticalDmgUpByRatio200"
                },
                {
                  "scriptName": "GiveBuffOnSuccessCriticalAttack",
                  "buffData": {
                    "buffKeyword": "Laceration",
                    "target": "Target",
                    "buffOwner": "",
                    "stack": 0,
                    "turn": 3,
                    "activeRound": 0
                  }
                },
                {
                  "scriptName": "GiveBuffOnSuccessCriticalAttack",
                  "buffData": {
                    "buffKeyword": "Breath",
                    "target": "Self",
                    "buffOwner": "",
                    "stack": 2,
                    "turn": 1,
                    "activeRound": 0
                  }
                }
              ]
            }
          ]
        },
        {
          "gaksungLevel": 2,
          "abilityScriptList": [
            {
              "scriptName": "TagetNumAdder1BBDevide3NegativeBuffCountWithLimit2"
            },
            {
              "scriptName": "SkillPowerAdder5OnUseNegativeBuffCount5"
            },
            {
              "scriptName": "CoinScaleAdder1081203",
              "value": 3,
              "buffData": {
                "buffKeyword": "Burst",
                "value": 1,
                "limit": 5
              }
            },
            {
              "scriptName": "GiveBuffOnWinDuel",
              "buffData": {
                "buffKeyword": "Burst",
                "target": "Target",
                "buffOwner": "",
                "stack": 0,
                "turn": 2,
                "activeRound": 0
              }
            }
          ]
        },
        {
          "gaksungLevel": 3,
          "abilityScriptList": [
            {
              "scriptName": "TagetNumAdder1BBDevide3NegativeBuffCountWithLimit2"
            },
            {
              "scriptName": "SkillPowerAdder5OnUseNegativeBuffCount5"
            },
            {
              "scriptName": "CoinScaleAdder1081203",
              "value": 3,
              "buffData": {
                "buffKeyword": "Burst",
                "value": 1,
                "limit": 5
              }
            },
            {
              "scriptName": "GiveBuffOnWinDuel",
              "buffData": {
                "buffKeyword": "Burst",
                "target": "Target",
                "buffOwner": "",
                "stack": 0,
                "turn": 2,
                "activeRound": 0
              }
            }
          ],
          "coinList": [
            {
              "operatorType": "ADD",
              "scale": 5,
              "abilityScriptList": [
                {
                  "scriptName": "GiveBuffOnSucceedAttack",
                  "buffData": {
                    "buffKeyword": "Laceration",
                    "target": "Target",
                    "buffOwner": "",
                    "stack": 3,
                    "turn": 0,
                    "activeRound": 0
                  }
                },
                {
                  "scriptName": "GiveBuffOnSuccessCriticalAttack",
                  "buffData": {
                    "buffKeyword": "Laceration",
                    "target": "Target",
                    "buffOwner": "",
                    "stack": 0,
                    "turn": 2,
                    "activeRound": 0
                  }
                },
                {
                  "scriptName": "GiveBuffOnSuccessCriticalAttack",
                  "buffData": {
                    "buffKeyword": "Breath",
                    "target": "Self",
                    "buffOwner": "",
                    "stack": 2,
                    "turn": 1,
                    "activeRound": 0
                  }
                }
              ]
            },
            {
              "operatorType": "ADD",
              "scale": 5,
              "cutsceneStart": true,
              "abilityScriptList": [
                {
                  "scriptName": "GiveBuffOnSucceedAttack",
                  "buffData": {
                    "buffKeyword": "Laceration",
                    "target": "Target",
                    "buffOwner": "",
                    "stack": 7,
                    "turn": 0,
                    "activeRound": 0
                  }
                },
                {
                  "scriptName": "CriticalDmgUpByRatio200"
                },
                {
                  "scriptName": "GiveBuffOnSuccessCriticalAttack",
                  "buffData": {
                    "buffKeyword": "Laceration",
                    "target": "Target",
                    "buffOwner": "",
                    "stack": 0,
                    "turn": 3,
                    "activeRound": 0
                  }
                },
                {
                  "scriptName": "GiveBuffOnSuccessCriticalAttack",
                  "buffData": {
                    "buffKeyword": "Breath",
                    "target": "Self",
                    "buffOwner": "",
                    "stack": 2,
                    "turn": 1,
                    "activeRound": 0
                  }
                }
              ]
            }
          ]
        },        
        {
          "gaksungLevel": 4,
          "abilityScriptList": [
            {
              "scriptName": "TagetNumAdder1BBDevide3NegativeBuffCountWithLimit2"
            },
            {
              "scriptName": "SkillPowerAdder5OnUseNegativeBuffCount5"
            },
            {
              "scriptName": "CoinScaleAdder1081203",
              "value": 3,
              "buffData": {
                "buffKeyword": "Burst",
                "value": 1,
                "limit": 5
              }
            },
            {
              "scriptName": "GiveBuffOnWinDuel",
              "buffData": {
                "buffKeyword": "Burst",
                "target": "Target",
                "buffOwner": "",
                "stack": 0,
                "turn": 2,
                "activeRound": 0
              }
            },
           {
              "scriptName": "GiveBuffOnUse",
              "buffData": {
                "buffKeyword": "Breath",
                "target": "Self",
                "buffOwner": "",
                "stack": 5,
                "turn": 2,
                "activeRound": 0
              }
            }
          ],
          "coinList": [
            {
              "operatorType": "ADD",
              "scale": 5,
              "abilityScriptList": [
                {
                  "scriptName": "GiveBuffOnSucceedAttack",
                  "buffData": {
                    "buffKeyword": "Laceration",
                    "target": "Target",
                    "buffOwner": "",
                    "stack": 3,
                    "turn": 0,
                    "activeRound": 0
                  }
                },
                {
                  "scriptName": "GiveBuffOnSuccessCriticalAttack",
                  "buffData": {
                    "buffKeyword": "Laceration",
                    "target": "Target",
                    "buffOwner": "",
                    "stack": 0,
                    "turn": 2,
                    "activeRound": 0
                  }
                },
                {
                  "scriptName": "GiveBuffOnSuccessCriticalAttack",
                  "buffData": {
                    "buffKeyword": "Breath",
                    "target": "Self",
                    "buffOwner": "",
                    "stack": 2,
                    "turn": 1,
                    "activeRound": 0
                  }
                }
              ]
            },
            {
              "operatorType": "ADD",
              "scale": 5,
              "cutsceneStart": true,
              "abilityScriptList": [
                {
                  "scriptName": "GiveBuffOnSucceedAttack",
                  "buffData": {
                    "buffKeyword": "Laceration",
                    "target": "Target",
                    "buffOwner": "",
                    "stack": 7,
                    "turn": 0,
                    "activeRound": 0
                  }
                },
                {
                  "scriptName": "CriticalDmgUpByRatio200"
                },
                {
                  "scriptName": "GiveBuffOnSuccessCriticalAttack",
                  "buffData": {
                    "buffKeyword": "Laceration",
                    "target": "Target",
                    "buffOwner": "",
                    "stack": 0,
                    "turn": 3,
                    "activeRound": 0
                  }
                },
                {
                  "scriptName": "GiveBuffOnSuccessCriticalAttack",
                  "buffData": {
                    "buffKeyword": "Breath",
                    "target": "Self",
                    "buffOwner": "",
                    "stack": 2,
                    "turn": 1,
                    "activeRound": 0
                  }
                }
              ]
            }
          ]
        },
        {
          "gaksungLevel": 5,
          "abilityScriptList": [
            {
              "scriptName": "TagetNumAdder1BBDevide3NegativeBuffCountWithLimit2"
            },
            {
              "scriptName": "SkillPowerAdder5OnUseNegativeBuffCount5"
            },
            {
              "scriptName": "CoinScaleAdder1081203",
              "value": 3,
              "buffData": {
                "buffKeyword": "Burst",
                "value": 1,
                "limit": 5
              }
            },
            {
              "scriptName": "GiveBuffOnWinDuel",
              "buffData": {
                "buffKeyword": "Burst",
                "target": "Target",
                "buffOwner": "",
                "stack": 0,
                "turn": 2,
                "activeRound": 0
              }
            },
           {
              "scriptName": "GiveBuffOnUse",
              "buffData": {
                "buffKeyword": "Breath",
                "target": "Self",
                "buffOwner": "",
                "stack": 5,
                "turn": 2,
                "activeRound": 0
              }
            }
          ],
          "coinList": [
            {
              "operatorType": "ADD",
              "scale": 3,
              "abilityScriptList": [
                {
                  "scriptName": "GiveBuffOnSucceedAttack",
                  "buffData": {
                    "buffKeyword": "Laceration",
                    "target": "Target",
                    "buffOwner": "",
                    "stack": 3,
                    "turn": 0,
                    "activeRound": 0
                  }
                },
                {
                  "scriptName": "GiveBuffOnSuccessCriticalAttack",
                  "buffData": {
                    "buffKeyword": "Laceration",
                    "target": "Target",
                    "buffOwner": "",
                    "stack": 0,
                    "turn": 2,
                    "activeRound": 0
                  }
                },
                {
                  "scriptName": "GiveBuffOnSuccessCriticalAttack",
                  "buffData": {
                    "buffKeyword": "Breath",
                    "target": "Self",
                    "buffOwner": "",
                    "stack": 2,
                    "turn": 1,
                    "activeRound": 0
                  }
                }
              ]
            },
            {
              "operatorType": "ADD",
              "scale": 3,
              "abilityScriptList": [
                {
                  "scriptName": "GiveBuffOnSucceedAttack",
                  "buffData": {
                    "buffKeyword": "Laceration",
                    "target": "Target",
                    "buffOwner": "",
                    "stack": 7,
                    "turn": 0,
                    "activeRound": 0
                  }
                },
                {
                  "scriptName": "CriticalDmgUpByRatio200"
                },
                {
                  "scriptName": "GiveBuffOnSuccessCriticalAttack",
                  "buffData": {
                    "buffKeyword": "Laceration",
                    "target": "Target",
                    "buffOwner": "",
                    "stack": 0,
                    "turn": 3,
                    "activeRound": 0
                  }
                },
                {
                  "scriptName": "GiveBuffOnSuccessCriticalAttack",
                  "buffData": {
                    "buffKeyword": "Breath",
                    "target": "Self",
                    "buffOwner": "",
                    "stack": 2,
                    "turn": 1,
                    "activeRound": 0
                  }
                }
              ]
            },
            {
              "operatorType": "ADD",
              "scale": 3,
              "cutsceneStart": true,
              "abilityScriptList": [
                {
                  "scriptName": "AttackDmgUpByRatio100ViaNegativeBuffCntWithLimit500"
                },
                {
                  "scriptName": "CriticalDmgUpByRatio50"
                },
                {
                  "scriptName": "GiveBuffOnSucceedAttack",
                  "turnLimit": 1,
                  "buffData": {
                    "buffKeyword": "Agility",
                    "target": "Self",
                    "buffOwner": "",
                    "stack": 3,
                    "turn": 0,
                    "activeRound": 1
                  }
                }
              ]
            }
          ]
        }
      ]
    },
    {
      "id": 40000104,
      "skillTier": 1,
      "skillType": "SKILL",
      "skillData": [
        {
          "gaksungLevel": 1,
          "skillTargetType": "RANDOM",
          "canTeamKill": false,
          "canDuel": false,
          "canChangeTarget": true,
          "attributeType": "NEUTRAL",
          "atkType": "NONE",
          "defType": "EVADE",
          "skillMotion": "Default",
          "viewType": "BATTLE",
          "parryingCloseType": "NEAR",
          "targetNum": 1,
          "defaultValue": 4,
          "skillLevelCorrection": 0,
          "abilityScriptList": [
            {
              "scriptName": "GiveBuffOnSucceedEvadeMax3",
              "buffData": {
                "buffKeyword": "Breath",
                "target": "Self",
                "buffOwner": "",
                "stack": 1,
                "turn": 0,
                "activeRound": 1
              }
            }
          ],
          "coinList": [
            {
              "operatorType": "ADD",
              "scale": 10
            }
          ]
        },
        {
          "gaksungLevel": 2,
          "defaultValue": 6,
          "attributeType": "AZURE",
          "abilityScriptList": [
            {
              "scriptName": "GiveBuffOnSucceedEvadeMax2",
              "buffData": {
                "buffKeyword": "Breath",
                "target": "Self",
                "buffOwner": "",
                "stack": 3,
                "turn": 0,
                "activeRound": 1
              }
            }
          ],
          "coinList": [
            {
              "operatorType": "ADD",
              "scale": 10
            }
          ]
        },
        {
          "gaksungLevel": 3,
          "defaultValue": 8,
          "attributeType": "AZURE",
          "abilityScriptList": [
            {
              "scriptName": "SkillPowerAdderOnUsePerNegativeBuffCount",
              "value": 2,
              "buffData": {
                "value": 2,
                "limit": 10
              }
            },
            {
              "scriptName": "GiveBuffOnSucceedEvadeMax2",
              "buffData": {
                "buffKeyword": "Breath",
                "target": "Self",
                "buffOwner": "",
                "stack": 3,
                "turn": 0,
                "activeRound": 1
              }
            }
          ],
          "coinList": [
            {
              "operatorType": "ADD",
              "scale": 10
            }
          ]
        },
        {
          "gaksungLevel": 4,
          "defaultValue": 10,
          "attributeType": "AZURE",
          "abilityScriptList": [
            {
              "scriptName": "SkillPowerAdderOnUsePerNegativeBuffCount",
              "value": 2,
              "buffData": {
                "value": 2,
                "limit": 10
              }
            },
            {
              "scriptName": "GiveBuffOnSucceedEvadeMax2",
              "buffData": {
                "buffKeyword": "Breath",
                "target": "Self",
                "buffOwner": "",
                "stack": 3,
                "turn": 0,
                "activeRound": 1
              }
            },
            {
              "scriptName": "40000104",
              "turnLimit": 1
            }
          ],
          "coinList": [
            {
              "operatorType": "ADD",
              "scale": 10
            }
          ]
        }
      ]
    }
  ]
}