{
  "list": [
    {
      "id": 1000101,
      "skillType": "SKILL",
      "skillTier": 1,
      "skillData": [
        {
          "gaksungLevel": 1,
          "attributeType": "NEUTRAL",
          "atkType": "NONE",
          "defType": "GUARD",
          "skillTargetType": "FRONT",
          "targetNum": 1,
          "mpUsage": 0,
          "skillLevelCorrection" : -1,
          "defaultValue": 7,
          "canTeamKill": false,
          "canDuel": false,
          "canChangeTarget": true,
          "skillMotion": "Default",
          "viewType": "BATTLE",
          "parryingCloseType": "NEAR",
          "abilityScriptList": [
            {
              "scriptName": "EmptyBody"
            }
          ],
          "coinList": [
            {
              "operatorType": "ADD",
              "scale": 3
            }
          ]
        }
      ]
    },
    {
      "id": 1000102,
      "skillType": "SKILL",
      "skillTier": 1,
      "skillData": [
        {
          "gaksungLevel": 1,
          "attributeType": "NEUTRAL",
          "atkType": "NONE",
          "defType": "EVADE",
          "skillTargetType": "FRONT",
          "targetNum": 1,
          "mpUsage": 0,
          "skillLevelCorrection" : -1,
          "defaultValue": 2,
          "canTeamKill": false,
          "canDuel": true,
          "canChangeTarget": true,
          "skillMotion": "Default",
          "viewType": "BATTLE",
          "parryingCloseType": "NEAR",
          "abilityScriptList": [
            {
              "scriptName": "EmptyBody"
            }
          ],
          "coinList": [
            {
              "operatorType": "ADD",
              "scale": 10
            }
          ]
        }
      ]
    },
    {
      "id": 1000103,
      "skillType": "SKILL",
      "skillTier": 1,
      "skillData": [
        {
          "attributeType": "CRIMSON",
          "atkType": "SLASH",
          "defType": "COUNTER",
          "skillTargetType": "FRONT",
          "targetNum": 1,
          "mpUsage": 0,
          "skillLevelCorrection": -2,
          "defaultValue": 7,
          "canTeamKill": false,
          "canDuel": false,
          "canChangeTarget": true,
          "skillMotion": "Default",
          "viewType": "BATTLE",
          "parryingCloseType": "NEAR",
          "abilityScriptList": [
            {
              "scriptName": "EmptyBody"
            }
          ],
          "coinList": [
            {
              "operatorType": "ADD",
              "scale": 4
            }
          ]
        }
      ]
    },
    {
      "id": 1000104,
      "skillType": "SKILL",
      "skillTier": 1,
      "skillData": [
        {
          "attributeType": "NEUTRAL",
          "atkType": "NONE",
          "defType": "NON_ACTION",
          "skillTargetType": "FRONT",
          "targetNum": 0,
          "mpUsage": 0,
          "skillLevelCorrection" : 0,
          "defaultValue": 0,
          "canTeamKill": false,
          "canDuel": false,
          "canChangeTarget": false,
          "skillMotion": "Default",
          "viewType": "BATTLE",
          "parryingCloseType": "NEAR",
          "abilityScriptList": [
            {
              "scriptName": "Panic"
            },
            {
              "scriptName": "EmptyBody"
            }
          ]
        }
      ]
    },
    {
      "id": 1000105,
      "textID": 9900501,
      "skillTier": 1,
      "skillData": [
        {
          "iconID": "9900501",
          "skillTargetType": "FRONT",
          "canTeamKill": false,
          "canDuel": true,
          "canChangeTarget": true,
          "attributeType": "INDIGO",
          "atkType": "SLASH",
          "defType": "ATTACK",
          "skillMotion": "S1",
          "viewType": "BATTLE",
          "parryingCloseType": "NEAR",
          "targetNum": 1,
          "defaultValue": 2,
          "skillLevelCorrection": 0,
          "abilityScriptList": [
            {
              "scriptName": "EmptyBody"
            }
          ],
          "coinList": [
            {
              "operatorType": "ADD",
              "scale": 1
            },
            {
              "operatorType": "ADD",
              "scale": 1
            }
          ]
        }
      ]
    },
    {
      "id": 1000106,
      "textID": 9900601,
      "skillTier": 1,
      "skillData": [
        {
          "iconID": "9900601",
          "skillTargetType": "FRONT",
          "canTeamKill": false,
          "canDuel": true,
          "canChangeTarget": true,
          "attributeType": "INDIGO",
          "atkType": "PENETRATE",
          "defType": "ATTACK",
          "skillMotion": "S1",
          "viewType": "BATTLE",
          "parryingCloseType": "NEAR",
          "targetNum": 1,
          "defaultValue": 3,
          "skillLevelCorrection": 0,
          "abilityScriptList": [
            {
              "scriptName": "EmptyBody"
            }
          ],
          "coinList": [
            {
              "operatorType": "ADD",
              "scale": 1
            }
          ]
        }
      ]
    },
    {
      "id": 1000107,
      "textID": 9900401,
      "skillTier": 1,
      "skillData": [
        {
          "iconID": "9900401",
          "skillTargetType": "FRONT",
          "canTeamKill": false,
          "canDuel": true,
          "canChangeTarget": true,
          "attributeType": "INDIGO",
          "atkType": "HIT",
          "defType": "ATTACK",
          "skillMotion": "S1",
          "viewType": "BATTLE",
          "parryingCloseType": "NEAR",
          "targetNum": 1,
          "defaultValue": 2,
          "skillLevelCorrection": 0,
          "abilityScriptList": [
            {
              "scriptName": "EmptyBody"
            }
          ],
          "coinList": [
            {
              "operatorType": "ADD",
              "scale": 1
            },
            {
              "operatorType": "ADD",
              "scale": 1
            }
          ]
        }
      ]
    },
    {
      "id": 1000108,
      "textID": 1000101,
      "skillType": "SKILL",
      "skillTier": 1,
      "requireIDList": [],
      "skillData": [
        {
          "iconID": "1081004",
          "attributeType": "NEUTRAL",
          "atkType": "NONE",
          "defType": "GUARD",
          "skillTargetType": "FRONT",
          "targetNum": 1,
          "mpUsage": 0,
          "skillLevelCorrection": 0,
          "defaultValue": 3,
          "canTeamKill": false,
          "canDuel": true,
          "canChangeTarget": true,
          "skillMotion": "Default",
          "viewType": "BATTLE",
          "parryingCloseType": "NEAR",
          "abilityScriptList": [
            {
              "scriptName": "EmptyBody"
            }
          ],
          "coinList": [
            {
              "operatorType": "ADD",
              "grade": 2,
              "color": "GREY",
              "scale": 8,
              "abilityScriptList": [
                {
                  "scriptName": "SuperCoin"
                }
              ]
            }
          ]
        }
      ]
    },
    {
      "id": 1000109,
      "textID": 1000103,
      "skillTier": 1,
      "skillType": "SKILL",
      "skillData": [
        {
          "iconID": "113606",
          "skillTargetType": "FRONT",
          "canTeamKill": false,
          "canDuel": true,
          "canChangeTarget": true,
          "attributeType": "INDIGO",
          "atkType": "HIT",
          "defType": "COUNTER",
          "skillMotion": "Default",
          "viewType": "BATTLE",
          "parryingCloseType": "NEAR",
          "targetNum": 1,
          "defaultValue": 4,
          "skillLevelCorrection": 0,
          "abilityScriptList": [
            {
              "scriptName": "EmptyBody"
            }
          ],
          "coinList": [
            {
              "operatorType": "ADD",
              "scale": 4,
              "abilityScriptList": [
              ]
            },
            {
              "operatorType": "ADD",
              "scale": 4,
              "abilityScriptList": [
              ]
            }
          ]
        }
      ]
    }
  ]
}