{
  "list": [
    {
      "id": 2070111,
      "skillType": "EGO_AWAKEN",
      "skillTier": 3,
      "requireIDList": [],
      "skillData": [
        {
          "gaksungLevel": 1,
          "attributeType": "VIOLET",
          "atkType": "HIT",
          "defType": "ATTACK",
          "skillTargetType": "FRONT",
          "targetNum": 1,
          "mpUsage": 10,
          "skillLevelCorrection": 3,
          "defaultValue": 13,
          "canTeamKill": false,
          "canDuel": true,
          "canChangeTarget": true,
          "actionScript": "2070121",
          "skillMotion": "Default",
          "viewType": "SKILL",
          "parryingCloseType": "NEAR",
          "coinList": [
            {
              "operatorType": "ADD",
              "scale": 9,
              "abilityScriptList": [
                {
                  "scriptName": "GiveBuffOnSucceedAttackHead",
                  "buffData": {
                    "buffKeyword": "Enhancement",
                    "target": "Self",
                    "buffOwner": "",
                    "stack": 1,
                    "turn": 0,
                    "activeRound": 1
                  }
                },
                {
                  "scriptName": "GiveBuffOnSucceedAttackHead",
                  "buffData": {
                    "buffKeyword": "Agility",
                    "target": "Self",
                    "buffOwner": "",
                    "stack": 2,
                    "turn": 0,
                    "activeRound": 1
                  }
                }
              ]
            }
          ]
        },
        {
          "gaksungLevel": 3,
          "defaultValue": 15,
          "coinList": [
            {
              "operatorType": "ADD",
              "scale": 9,
              "abilityScriptList": [
                {
                  "scriptName": "GiveBuffOnSucceedAttack",
                  "buffData": {
                    "buffKeyword": "Enhancement",
                    "target": "Self",
                    "buffOwner": "",
                    "stack": 1,
                    "turn": 0,
                    "activeRound": 1
                  }
                },
                {
                  "scriptName": "GiveBuffOnSucceedAttack",
                  "buffData": {
                    "buffKeyword": "Agility",
                    "target": "Self",
                    "buffOwner": "",
                    "stack": 3,
                    "turn": 0,
                    "activeRound": 1
                  }
                }
              ]
            }
          ]
        },
        {
          "gaksungLevel": 4,
          "coinList": [
            {
              "operatorType": "ADD",
              "scale": 9,
              "abilityScriptList": [
                {
                  "scriptName": "GiveBuffOnSucceedAttack",
                  "buffData": {
                    "buffKeyword": "Enhancement",
                    "target": "Self",
                    "buffOwner": "",
                    "stack": 1,
                    "turn": 0,
                    "activeRound": 1
                  }
                },
                {
                  "scriptName": "GiveBuffOnSucceedAttack",
                  "buffData": {
                    "buffKeyword": "Agility",
                    "target": "Self",
                    "buffOwner": "",
                    "stack": 3,
                    "turn": 0,
                    "activeRound": 1
                  }
                },
                {
                  "scriptName": "GiveBuffOnKillTarget",
                  "buffData": {
                    "buffKeyword": "Enhancement",
                    "target": "Self",
                    "buffOwner": "",
                    "stack": 2,
                    "turn": 0,
                    "activeRound": 1
                  }
                }
              ]
            }
          ]
        }
      ]
    },
    {
      "id": 2070211,
      "skillType": "EGO_AWAKEN",
      "skillTier": 3,
      "requireIDList": [],
      "skillData": [
        {
          "gaksungLevel": 1,
          "attributeType": "VIOLET",
          "atkType": "PENETRATE",
          "defType": "ATTACK",
          "skillTargetType": "FRONT",
          "targetNum": 3,
          "mpUsage": 20,
          "skillLevelCorrection": 3,
          "defaultValue": 29,
          "canTeamKill": false,
          "canDuel": true,
          "canChangeTarget": true,
          "abilityScriptList": [
            {
              "scriptName": "SkillPowerAdderByUseCharge5Turn3"
            }
          ],
          "actionScript": "2070221",
          "skillMotion": "Default",
          "viewType": "SKILL",
          "parryingCloseType": "NEAR",
          "coinList": [
            {
              "operatorType": "SUB",
              "scale": 12,
              "abilityScriptList": [
                {
                  "scriptName": "GiveBuffOnSucceedAttackTail",
                  "buffData": {
                    "buffKeyword": "Charge",
                    "target": "Self",
                    "buffOwner": "",
                    "stack": 0,
                    "turn": 3,
                    "activeRound": 0
                  }
                }
              ]
            }
          ]
        },
        {
          "gaksungLevel": 3,
          "defaultValue": 33,
          "abilityScriptList": [
            {
              "scriptName": "GiveBuffOnUseTurnByVioletResonance",
              "buffData": {
                "buffKeyword": "Charge",
                "target": "Self",
                "buffOwner": "",
                "stack": 0,
                "turn": -1,
                "activeRound": 0
              }
            },
            {
              "scriptName": "SkillPowerAdderByUseCharge5Turn3"
            }
          ],
          "coinList": [
            {
              "operatorType": "SUB",
              "scale": 12,
              "abilityScriptList": [
                {
                  "scriptName": "GiveBuffOnSucceedAttackTail",
                  "buffData": {
                    "buffKeyword": "Charge",
                    "target": "Self",
                    "buffOwner": "",
                    "stack": 0,
                    "turn": 5,
                    "activeRound": 0
                  }
                }
              ]
            }
          ]
        },
        {
          "gaksungLevel": 4,
          "abilityScriptList": [
            {
              "scriptName": "GiveBuffOnUseTurnByVioletResonance",
              "buffData": {
                "buffKeyword": "Charge",
                "target": "Self",
                "buffOwner": "",
                "stack": 0,
                "turn": -1,
                "activeRound": 0
              }
            },
            {
              "scriptName": "2070211_gaksung4th"
            }
          ],
          "coinList": [
            {
              "operatorType": "SUB",
              "scale": 12,
              "abilityScriptList": [
                {
                  "scriptName": "GiveBuffOnSucceedAttackTail",
                  "buffData": {
                    "buffKeyword": "Charge",
                    "target": "Self",
                    "buffOwner": "",
                    "stack": 0,
                    "turn": 5,
                    "activeRound": 0
                  }
                }
              ]
            }
          ]
        }
      ]
    },
    {
      "id": 2070221,
      "skillType": "EGO_EROSION",
      "skillTier": 3,
      "requireIDList": [],
      "skillData": [
        {
          "gaksungLevel": 1,
          "attributeType": "VIOLET",
          "atkType": "PENETRATE",
          "defType": "ATTACK",
          "skillTargetType": "RANDOM",
          "targetNum": 3,
          "mpUsage": 20,
          "skillLevelCorrection": 3,
          "defaultValue": 35,
          "canTeamKill": true,
          "canDuel": true,
          "canChangeTarget": true,
          "abilityScriptList": [
            {
              "scriptName": "SkillPowerAdderByUseChargeAllTurn6"
            }
          ],
          "actionScript": "2070222",
          "skillMotion": "Default",
          "viewType": "SKILL",
          "parryingCloseType": "NEAR",
          "coinList": [
            {
              "operatorType": "SUB",
              "scale": 21,
              "abilityScriptList": [
                {
                  "scriptName": "GiveBuffOnSucceedAttackHead",
                  "buffData": {
                    "buffKeyword": "Vulnerable",
                    "target": "Self",
                    "buffOwner": "",
                    "stack": 3,
                    "turn": 0,
                    "activeRound": 1
                  }
                }
              ]
            }
          ]
        },
        {
          "gaksungLevel": 3,
          "defaultValue": 39,
          "abilityScriptList": [
            {
              "scriptName": "GiveBuffOnUseTurnByVioletResonance",
              "buffData": {
                "buffKeyword": "Charge",
                "target": "Self",
                "buffOwner": "",
                "stack": 0,
                "turn": -1,
                "activeRound": 0
              }
            },
            {
              "scriptName": "SkillPowerAdderByUseChargeAllTurn10"
            }
          ],
          "coinList": [
            {
              "operatorType": "SUB",
              "scale": 21,
              "abilityScriptList": [
                {
                  "scriptName": "GiveBuffOnSucceedAttackHead",
                  "buffData": {
                    "buffKeyword": "Vulnerable",
                    "target": "Self",
                    "buffOwner": "",
                    "stack": 3,
                    "turn": 0,
                    "activeRound": 1
                  }
                }
              ]
            }
          ]
        },
        {
          "gaksungLevel": 4,
          "abilityScriptList": [
            {
              "scriptName": "GiveBuffOnUseTurnByVioletResonance",
              "buffData": {
                "buffKeyword": "Charge",
                "target": "Self",
                "buffOwner": "",
                "stack": 0,
                "turn": -1,
                "activeRound": 0
              }
            },
            {
              "scriptName": "SkillPowerAdderByUseChargeAllTurn15"
            }
          ],
          "coinList": [
            {
              "operatorType": "SUB",
              "scale": 21,
              "abilityScriptList": [
                {
                  "scriptName": "GiveBuffOnSucceedAttackHead",
                  "buffData": {
                    "buffKeyword": "Vulnerable",
                    "target": "Self",
                    "buffOwner": "",
                    "stack": 3,
                    "turn": 0,
                    "activeRound": 1
                  }
                }
              ]
            }
          ]
        }
      ]
    },
    {
      "id": 2070311,
      "skillType": "EGO_AWAKEN",
      "skillTier": 3,
      "requireIDList": [],
      "skillData": [
        {
          "gaksungLevel": 1,
          "attributeType": "AZURE",
          "atkType": "HIT",
          "defType": "ATTACK",
          "skillTargetType": "FRONT",
          "targetNum": 1,
          "mpUsage": 20,
          "skillLevelCorrection": 0,
          "defaultValue": 19,
          "canTeamKill": false,
          "canDuel": true,
          "canChangeTarget": true,
          "abilityScriptList": [
            {
              "scriptName": "2070311",
              "buffData": {
                "buffKeyword": "Charge",
                "target": "Self",
                "buffOwner": "",
                "stack": 0,
                "turn": -1,
                "activeRound": 0,
                "value": 0.1
              }
            },
            {
              "scriptName": "GiveBuffBeforeAttack",
              "buffData": {
                "buffKeyword": "Agility",
                "target": "Self",
                "buffOwner": "",
                "stack": 2,
                "turn": 0,
                "activeRound": 1
              }
            }
          ],
          "skillMotion": "Default",
          "viewType": "SKILL",
          "parryingCloseType": "NEAR",
          "coinList": [
            {
              "operatorType": "ADD",
              "scale": 7,
              "abilityScriptList": [
                {
                  "scriptName": "GiveBuffOnSucceedAttack",
                  "buffData": {
                    "buffKeyword": "Paralysis",
                    "target": "Target",
                    "buffOwner": "",
                    "stack": 3,
                    "turn": 0,
                    "activeRound": 0
                  }
                }
              ]
            }
          ]
        },
        {
          "gaksungLevel": 3,
          "defaultValue": 22,
          "abilityScriptList": [
            {
              "scriptName": "2070311_gaksung",
              "buffData": {
                "buffKeyword": "Charge",
                "target": "Self",
                "buffOwner": "",
                "stack": 0,
                "turn": -1,
                "activeRound": 0,
                "value": 0.1
              }
            },
            {
              "scriptName": "GiveBuffBeforeAttack",
              "buffData": {
                "buffKeyword": "Agility",
                "target": "Self",
                "buffOwner": "",
                "stack": 2,
                "turn": 0,
                "activeRound": 1
              }
            }
          ],
          "coinList": [
            {
              "operatorType": "ADD",
              "scale": 7,
              "abilityScriptList": [
                {
                  "scriptName": "GiveBuffOnSucceedAttack",
                  "buffData": {
                    "buffKeyword": "Paralysis",
                    "target": "Target",
                    "buffOwner": "",
                    "stack": 3,
                    "turn": 0,
                    "activeRound": 0
                  }
                },
                {
                  "scriptName": "GiveBuffOnSucceedAttack",
                  "buffData": {
                    "buffKeyword": "AzureTakeDamageUp",
                    "target": "Target",
                    "buffOwner": "",
                    "stack": 1,
                    "turn": 0,
                    "activeRound": 0
                  }
                }
              ]
            }
          ]
        },
        {
          "gaksungLevel": 4,
          "targetNum": 3
        }
      ]
    },
    {
      "id": 2070321,
      "skillType": "EGO_EROSION",
      "skillTier": 3,
      "requireIDList": [],
      "skillData": [
        {
          "gaksungLevel": 1,
          "attributeType": "AZURE",
          "atkType": "HIT",
          "defType": "ATTACK",
          "skillTargetType": "RANDOM",
          "targetNum": 1,
          "mpUsage": 20,
          "skillLevelCorrection": 2,
          "defaultValue": 26,
          "canTeamKill": true,
          "canDuel": true,
          "canChangeTarget": true,
          "abilityScriptList": [
            {
              "scriptName": "2070321",
              "buffData": {
                "buffKeyword": "Charge",
                "target": "Self",
                "buffOwner": "",
                "stack": 0,
                "turn": -1,
                "activeRound": 0,
                "value": 0.1
              }
            },
            {
              "scriptName": "GiveBuffBeforeAttack",
              "buffData": {
                "buffKeyword": "Agility",
                "target": "Self",
                "buffOwner": "",
                "stack": 2,
                "turn": 0,
                "activeRound": 1
              }
            }
          ],
          "skillMotion": "Default",
          "viewType": "SKILL",
          "parryingCloseType": "NEAR",
          "coinList": [
            {
              "operatorType": "SUB",
              "scale": 7,
              "abilityScriptList": [
                {
                  "scriptName": "2070321_1"
                },
                {
                  "scriptName": "2070321_2",
                  "buffData": {
                    "buffKeyword": "Charge",
                    "target": "Self",
                    "buffOwner": "",
                    "stack": 0,
                    "turn": 7,
                    "activeRound": 0,
                    "value": 0.1
                  }
                }
              ]
            }
          ]
        },
        {
          "gaksungLevel": 3,
          "defaultValue": 29,
          "abilityScriptList": [
            {
              "scriptName": "2070321_gaksung",
              "buffData": {
                "buffKeyword": "Charge",
                "target": "Self",
                "buffOwner": "",
                "stack": 0,
                "turn": -1,
                "activeRound": 0,
                "value": 0.1
              }
            },
            {
              "scriptName": "GiveBuffBeforeAttack",
              "buffData": {
                "buffKeyword": "Agility",
                "target": "Self",
                "buffOwner": "",
                "stack": 2,
                "turn": 0,
                "activeRound": 1
              }
            }
          ],
          "coinList": [
            {
              "operatorType": "SUB",
              "scale": 7,
              "abilityScriptList": [
                {
                  "scriptName": "2070321_1_gaksung"
                },
                {
                  "scriptName": "2070321_2",
                  "buffData": {
                    "buffKeyword": "Charge",
                    "target": "Self",
                    "buffOwner": "",
                    "stack": 0,
                    "turn": 10,
                    "activeRound": 0,
                    "value": 0.1
                  }
                }
              ]
            }
          ]
        },
        {
          "gaksungLevel": 4,
          "abilityScriptList": [
            {
              "scriptName": "2070321_gaksung",
              "buffData": {
                "buffKeyword": "Charge",
                "target": "Self",
                "buffOwner": "",
                "stack": 0,
                "turn": -1,
                "activeRound": 0,
                "value": 0.1
              }
            },
            {
              "scriptName": "GiveBuffBeforeAttack",
              "buffData": {
                "buffKeyword": "Agility",
                "target": "Self",
                "buffOwner": "",
                "stack": 2,
                "turn": 0,
                "activeRound": 1
              }
            }
          ],
          "coinList": [
            {
              "operatorType": "SUB",
              "scale": 7,
              "abilityScriptList": [
                {
                  "scriptName": "2070321_1_gaksung4th"
                },
                {
                  "scriptName": "UseBuffAllTurnOnEndCoin",
                  "buffData": {
                    "buffKeyword": "Charge",
                    "target": "Self"
                  }
                },
                {
                  "scriptName": "2070321_2_gaksung4th",
                  "buffData": {
                    "buffKeyword": "Charge",
                    "target": "Self",
                    "buffOwner": "",
                    "stack": 0,
                    "turn": 10,
                    "activeRound": 0,
                    "value": 0.1
                  }
                }
              ]
            }
          ]
        }
      ]
    },
    {
      "id": 2070411,
      "skillType": "EGO_AWAKEN",
      "skillTier": 3,
      "requireIDList": [],
      "skillData": [
        {
          "gaksungLevel": 1,
          "attributeType": "SCARLET",
          "atkType": "HIT",
          "defType": "ATTACK",
          "skillTargetType": "FRONT",
          "targetNum": 2,
          "mpUsage": 25,
          "skillLevelCorrection": -1,
          "defaultValue": 18,
          "canTeamKill": false,
          "canDuel": true,
          "canChangeTarget": true,
          "skillMotion": "Default",
          "viewType": "SKILL",
          "parryingCloseType": "NEAR",
          "abilityScriptList": [
          ],
          "coinList": [
            {
              "operatorType": "ADD",
              "scale": 8,
              "abilityScriptList": [
                {
                  "scriptName": "GiveBuffOnSucceedAttack",
                  "buffData": {
                    "buffKeyword": "Reduction",
                    "target": "Target",
                    "buffOwner": "",
                    "stack": 1,
                    "turn": 0,
                    "activeRound": 1
                  }
                },
                {
                  "scriptName": "HealMpOnEndCoin12LeastMpAllyExceptSelf4"
                }
              ]
            }
          ]
        },
        {
          "gaksungLevel": 3,
          "targetNum": 3,
          "abilityScriptList": [
            {
              "scriptName": "TagetNumAdderBeforeBehaviour1IfSelfMpNotLessThan15"
            }
          ],
          "coinList": [
            {
              "operatorType": "ADD",
              "scale": 8,
              "abilityScriptList": [
                {
                  "scriptName": "GiveBuffOnSucceedAttack",
                  "buffData": {
                    "buffKeyword": "Reduction",
                    "target": "Target",
                    "buffOwner": "",
                    "stack": 2,
                    "turn": 0,
                    "activeRound": 1
                  }
                },
                {
                  "scriptName": "HealMpOnEndCoin17LeastMpAllyExceptSelf4"
                }
              ]
            }
          ]
        },
        {
          "gaksungLevel": 4,
          "abilityScriptList": [
            {
              "scriptName": "TagetNumAdderBeforeBehaviour2IfSelfMpNotLessThan15"
            }
          ],
          "coinList": [
            {
              "operatorType": "ADD",
              "scale": 8,
              "abilityScriptList": [
                {
                  "scriptName": "GiveBuffOnSucceedAttack",
                  "buffData": {
                    "buffKeyword": "Reduction",
                    "target": "Target",
                    "buffOwner": "",
                    "stack": 2,
                    "turn": 0,
                    "activeRound": 1
                  }
                },
                {
                  "scriptName": "HealMpOnEndCoin25LeastMpAllyExceptSelf4"
                }
              ]
            }
          ]
        }
      ]
    },
    {
      "id": 2070421,
      "skillType": "EGO_EROSION",
      "skillTier": 3,
      "requireIDList": [],
      "skillData": [
        {
          "gaksungLevel": 1,
          "attributeType": "SCARLET",
          "atkType": "HIT",
          "defType": "ATTACK",
          "skillTargetType": "RANDOM",
          "targetNum": 2,
          "range": 999,
          "mpUsage": 25,
          "skillLevelCorrection": -1,
          "defaultValue": 33,
          "canTeamKill": true,
          "canDuel": true,
          "canChangeTarget": true,
          "skillMotion": "Default",
          "viewType": "SKILL",
          "parryingCloseType": "NEAR",
          "abilityScriptList": [
          ],
          "coinList": [
            {
              "operatorType": "SUB",
              "scale": 15,
              "abilityScriptList": [
                {
                  "scriptName": "2070421",
                  "buffData": {
                    "buffKeyword": "DefenseDown",
                    "target": "",
                    "buffOwner": "",
                    "stack": 3,
                    "turn": 0,
                    "activeRound": 0
                  }
                },
                {
                  "scriptName": "GiveBuffOnSucceedAttack",
                  "buffData": {
                    "buffKeyword": "DefenseUp",
                    "target": "Self",
                    "buffOwner": "",
                    "stack": 2,
                    "turn": 0,
                    "activeRound": 1
                  }
                },
                {
                  "scriptName": "GiveBuffOnSucceedAttack",
                  "buffData": {
                    "buffKeyword": "AttackDmgUp",
                    "target": "Self",
                    "buffOwner": "",
                    "stack": 1,
                    "turn": 0,
                    "activeRound": 1
                  }
                },
                {
                  "scriptName": "2070421_end"
                }
              ]
            }
          ]
        },
        {
          "gaksungLevel": 3,
          "targetNum": 3,
          "abilityScriptList": [
            {
              "scriptName": "TagetNumAdderBeforeBehaviour1IfSelfMpLessThanMinus14"
            }
          ],
          "coinList": [
            {
              "operatorType": "SUB",
              "scale": 15,
              "abilityScriptList": [
                {
                  "scriptName": "2070421",
                  "buffData": {
                    "buffKeyword": "DefenseDown",
                    "target": "",
                    "buffOwner": "",
                    "stack": 3,
                    "turn": 0,
                    "activeRound": 0
                  }
                },
                {
                  "scriptName": "GiveBuffOnSucceedAttack",
                  "buffData": {
                    "buffKeyword": "DefenseUp",
                    "target": "Self",
                    "buffOwner": "",
                    "stack": 2,
                    "turn": 0,
                    "activeRound": 1
                  }
                },
                {
                  "scriptName": "GiveBuffOnSucceedAttack",
                  "buffData": {
                    "buffKeyword": "AttackDmgUp",
                    "target": "Self",
                    "buffOwner": "",
                    "stack": 1,
                    "turn": 0,
                    "activeRound": 1
                  }
                },
                {
                  "scriptName": "HealMpOnSucceedAttackTailSelf4"
                },
                {
                  "scriptName": "2070421_end"
                }
              ]
            }
          ]
        },
        {
          "gaksungLevel": 4,
          "abilityScriptList": [
            {
              "scriptName": "TagetNumAdderBeforeBehaviour2IfSelfMpLessThanMinus14"
            }
          ],
          "coinList": [
            {
              "operatorType": "SUB",
              "scale": 15,
              "abilityScriptList": [
                {
                  "scriptName": "2070421",
                  "buffData": {
                    "buffKeyword": "DefenseDown",
                    "target": "",
                    "buffOwner": "",
                    "stack": 3,
                    "turn": 0,
                    "activeRound": 0
                  }
                },
                {
                  "scriptName": "GiveBuffOnSucceedAttack",
                  "buffData": {
                    "buffKeyword": "DefenseUp",
                    "target": "Self",
                    "buffOwner": "",
                    "stack": 2,
                    "turn": 0,
                    "activeRound": 1
                  }
                },
                {
                  "scriptName": "GiveBuffOnSucceedAttack",
                  "buffData": {
                    "buffKeyword": "AttackDmgUp",
                    "target": "Self",
                    "buffOwner": "",
                    "stack": 1,
                    "turn": 0,
                    "activeRound": 1
                  }
                },
                {
                  "scriptName": "HealMpOnSucceedAttackTailSelf4"
                },
                {
                  "scriptName": "GiveBuffOnSucceedAttackTail",
                  "buffData": {
                    "buffKeyword": "Vulnerable",
                    "target": "Target",
                    "buffOwner": "",
                    "stack": 1,
                    "turn": 0,
                    "activeRound": 0
                  }
                },
                {
                  "scriptName": "2070421_end"
                }
              ]
            }
          ]
        }
      ]
    },
    {
      "id": 2070511,
      "skillType": "EGO_AWAKEN",
      "skillTier": 3,
      "requireIDList": [],
      "skillData": [
        {
          "gaksungLevel": 1,
          "attributeType": "SHAMROCK",
          "atkType": "HIT",
          "defType": "ATTACK",
          "skillTargetType": "FRONT",
          "targetNum": 1,
          "mpUsage": 20,
          "skillLevelCorrection": 0,
          "defaultValue": 17,
          "canTeamKill": false,
          "canDuel": true,
          "canChangeTarget": true,
          "skillMotion": "Default",
          "viewType": "SKILL",
          "parryingCloseType": "NEAR",
          "abilityScriptList": [
          ],
          "coinList": [
            {
              "operatorType": "ADD",
              "scale": 8,
              "abilityScriptList": [
                {
                  "scriptName": "HeathcliffFifthEgoCoinFirstAbilityHead1And2And5"
                }
              ]
            }
          ]
        },
        {
          "gaksungLevel": 3,
          "coinList": [
            {
              "operatorType": "ADD",
              "scale": 8,
              "abilityScriptList": [
                {
                  "scriptName": "HeathcliffFifthEgoCoinFirstAbilityHead1And2And5"
                },
                {
                  "scriptName": "HeathcliffFifthEgoCoinSecondAbility2And1And1And1And1And1"
                }
              ]
            }
          ]
        },
        {
          "gaksungLevel": 4,
          "targetNum": 2,
          "coinList": [
            {
              "operatorType": "ADD",
              "scale": 8,
              "abilityScriptList": [
                {
                  "scriptName": "HeathcliffFifthEgoCoinFirstAbility1And2And7"
                },
                {
                  "scriptName": "HeathcliffFifthEgoCoinSecondAbility2And2And2And2And2And2"
                }
              ]
            }
          ]
        }
      ]
    },
    {
      "id": 2070521,
      "skillType": "EGO_EROSION",
      "skillTier": 3,
      "requireIDList": [],
      "skillData": [
        {
          "gaksungLevel": 1,
          "attributeType": "SHAMROCK",
          "atkType": "HIT",
          "defType": "ATTACK",
          "skillTargetType": "RANDOM",
          "targetNum": 1,
          "mpUsage": 20,
          "skillLevelCorrection": 0,
          "defaultValue": 25,
          "canTeamKill": true,
          "canDuel": true,
          "canChangeTarget": true,
          "skillMotion": "Default",
          "viewType": "SKILL",
          "parryingCloseType": "NEAR",
          "abilityScriptList": [
            {
              "scriptName": "AttackHighestMpTarget"
            },
            {
              "scriptName": "GiveMpDmgBeforeAttackTarget10"
            }
          ],
          "coinList": [
            {
              "operatorType": "SUB",
              "scale": 10,
              "abilityScriptList": [
                {
                  "scriptName": "HeathcliffFifthEgoCoinFirstAbility1And2And7"
                }
              ]
            }
          ]
        },
        {
          "gaksungLevel": 3,
          "targetNum": 2,
          "abilityScriptList": [
            {
              "scriptName": "AttackHighestMpTarget"
            },
            {
              "scriptName": "GiveMpDmgBeforeAttackTarget10"
            }
          ],
          "coinList": [
            {
              "operatorType": "SUB",
              "scale": 10,
              "abilityScriptList": [
                {
                  "scriptName": "HeathcliffFifthEgoCoinFirstAbility1And2And7"
                }
              ]
            }
          ]
        },
        {
          "gaksungLevel": 4,
          "abilityScriptList": [
            {
              "scriptName": "AttackHighestMpTarget"
            },
            {
              "scriptName": "TagetNumAdderBeforeBehaviour1IfTargetMpNotLessThan15"
            },
            {
              "scriptName": "GiveMpDmgBeforeAttackTarget10"
            }
          ],
          "coinList": [
            {
              "operatorType": "SUB",
              "scale": 10,
              "abilityScriptList": [
                {
                  "scriptName": "HeathcliffFifthEgoCoinFirstAbility1And2And7"
                }
              ]
            }
          ]
        }
      ]
    },
    {
      "id": 2070611,
      "skillType": "EGO_AWAKEN",
      "skillTier": 3,
      "requireIDList": [],
      "skillData": [
        {
          "gaksungLevel": 1,
          "attributeType": "AZURE",
          "atkType": "HIT",
          "defType": "ATTACK",
          "skillTargetType": "FRONT",
          "targetNum": 5,
          "mpUsage": 10,
          "skillLevelCorrection": 0,
          "defaultValue": 18,
          "canTeamKill": false,
          "canDuel": true,
          "canChangeTarget": true,
          "skillMotion": "Default",
          "viewType": "SKILL",
          "parryingCloseType": "NEAR",
          "abilityScriptList": [
            {
              "scriptName": "HeathcliffSixthEgoSkillAbility3And10"
            },
            {
              "scriptName": "GiveBuffOnEndSkill",
              "buffData": {
                "buffKeyword": "Binding",
                "target": "Self",
                "buffOwner": "",
                "stack": 20,
                "turn": 0,
                "activeRound": 1
              }
            },
            {
              "scriptName": "GiveBuffOnEndSkill",
              "buffData": {
                "buffKeyword": "ForwardToTheKing",
                "target": "Self",
                "buffOwner": "",
                "stack": 1,
                "turn": 0,
                "activeRound": 1
              }
            },
            {
              "scriptName": "GiveBuffOnEndSkill",
              "buffData": {
                "buffKeyword": "Enhancement",
                "target": "Self",
                "buffOwner": "",
                "stack": 1,
                "turn": 0,
                "activeRound": 1
              }
            }
          ],
          "coinList": [
            {
              "operatorType": "ADD",
              "scale": 12,
              "abilityScriptList": [
                {
                  "scriptName": "GiveBuffOnSucceedAttack",
                  "buffData": {
                    "buffKeyword": "Sinking",
                    "target": "Target",
                    "stack": 4,
                    "turn": 0,
                    "activeRound": 0
                  }
                },
                {
                  "scriptName": "GiveBuffOnSucceedAttack",
                  "buffData": {
                    "buffKeyword": "Vibration",
                    "target": "Target",
                    "stack": 4,
                    "turn": 0,
                    "activeRound": 0
                  }
                },
                {
                  "scriptName": "VibrationExplosionOnSucceedAttack"
                }
              ]
            }
          ]
        },
        {
          "gaksungLevel": 3,
          "abilityScriptList": [
            {
              "scriptName": "HeathcliffSixthEgoSkillAbility3And10"
            },
            {
              "scriptName": "GiveBuffOnEndSkill",
              "buffData": {
                "buffKeyword": "Binding",
                "target": "Self",
                "buffOwner": "",
                "stack": 20,
                "turn": 0,
                "activeRound": 1
              }
            },
            {
              "scriptName": "GiveBuffOnEndSkill",
              "buffData": {
                "buffKeyword": "ForwardToTheKing",
                "target": "Self",
                "buffOwner": "",
                "stack": 1,
                "turn": 0,
                "activeRound": 1
              }
            },
            {
              "scriptName": "GiveBuffOnEndSkill",
              "buffData": {
                "buffKeyword": "Enhancement",
                "target": "Self",
                "buffOwner": "",
                "stack": 1,
                "turn": 0,
                "activeRound": 1
              }
            }
          ]
        },
        {
          "gaksungLevel": 4,
          "targetNum": 7,
          "abilityScriptList": [
            {
              "scriptName": "HeathcliffSixthEgoSkillAbility3And10"
            },
            {
              "scriptName": "GiveBuffOnEndSkill",
              "buffData": {
                "buffKeyword": "Binding",
                "target": "Self",
                "buffOwner": "",
                "stack": 20,
                "turn": 0,
                "activeRound": 1
              }
            },
            {
              "scriptName": "GiveBuffOnEndSkill",
              "buffData": {
                "buffKeyword": "ForwardToTheBoundKing",
                "target": "Self",
                "buffOwner": "",
                "stack": 1,
                "turn": 0,
                "activeRound": 1
              }
            },
            {
              "scriptName": "GiveBuffOnEndSkill",
              "buffData": {
                "buffKeyword": "Enhancement",
                "target": "Self",
                "buffOwner": "",
                "stack": 2,
                "turn": 0,
                "activeRound": 1
              }
            }
          ],
          "coinList": [
            {
              "operatorType": "ADD",
              "scale": 15,
              "abilityScriptList": [
                {
                  "scriptName": "GiveBuffOnSucceedAttack",
                  "buffData": {
                    "buffKeyword": "Binding",
                    "target": "Target",
                    "stack": 1,
                    "turn": 0,
                    "activeRound": 1
                  }
                },
                {
                  "scriptName": "GiveBuffOnSucceedAttack",
                  "buffData": {
                    "buffKeyword": "Sinking",
                    "target": "Target",
                    "stack": 4,
                    "turn": 0,
                    "activeRound": 0
                  }
                },
                {
                  "scriptName": "GiveBuffOnSucceedAttack",
                  "buffData": {
                    "buffKeyword": "Vibration",
                    "target": "Target",
                    "stack": 4,
                    "turn": 0,
                    "activeRound": 0
                  }
                },
                {
                  "scriptName": "VibrationExplosionOnSucceedAttack"
                }
              ]
            }
          ]
        }
      ]
    },
    {
      "id": 2070621,
      "skillType": "EGO_EROSION",
      "skillTier": 3,
      "requireIDList": [],
      "skillData": [
        {
          "gaksungLevel": 1,
          "attributeType": "AZURE",
          "atkType": "HIT",
          "defType": "ATTACK",
          "range": 999,
          "skillTargetType": "RANDOM",
          "targetNum": 5,
          "mpUsage": 35,
          "skillLevelCorrection": 0,
          "defaultValue": 32,
          "canTeamKill": true,
          "canDuel": true,
          "canChangeTarget": true,
          "skillMotion": "Default",
          "viewType": "SKILL",
          "parryingCloseType": "NEAR",
          "abilityScriptList": [
            {
              "scriptName": "GiveBuffOnEndSkill",
              "buffData": {
                "buffKeyword": "Binding",
                "target": "Self",
                "buffOwner": "",
                "stack": 20,
                "turn": 0,
                "activeRound": 1
              }
            },
            {
              "scriptName": "GiveBuffOnEndSkill",
              "buffData": {
                "buffKeyword": "ForwardToTheKing",
                "target": "Self",
                "buffOwner": "",
                "stack": 1,
                "turn": 0,
                "activeRound": 1
              }
            },
            {
              "scriptName": "GiveBuffOnEndSkill",
              "buffData": {
                "buffKeyword": "Enhancement",
                "target": "Self",
                "buffOwner": "",
                "stack": 2,
                "turn": 0,
                "activeRound": 1
              }
            },
            {
              "scriptName": "HeathcliffSixthEgoErodedSkillAbility2And2And2",
              "buffData": {
                "buffKeyword": "Binding",
                "target": "Custom",
                "buffOwner": "",
                "stack": 20,
                "turn": 0,
                "activeRound": 1
              }
            },
            {
              "scriptName": "HeathcliffSixthEgoErodedSkillAbility2And2And2",
              "buffData": {
                "buffKeyword": "Enhancement",
                "target": "Custom",
                "buffOwner": "",
                "stack": 3,
                "turn": 0,
                "activeRound": 1
              }
            }
          ],
          "coinList": [
            {
              "operatorType": "SUB",
              "scale": 14,
              "abilityScriptList": [
                {
                  "scriptName": "GiveBuffOnSucceedAttack",
                  "buffData": {
                    "buffKeyword": "Binding",
                    "target": "Target",
                    "stack": 3,
                    "turn": 0,
                    "activeRound": 1
                  }
                },
                {
                  "scriptName": "GiveBuffOnSucceedAttack",
                  "buffData": {
                    "buffKeyword": "Sinking",
                    "target": "Target",
                    "stack": 4,
                    "turn": 0,
                    "activeRound": 0
                  }
                },
                {
                  "scriptName": "GiveBuffOnSucceedAttack",
                  "buffData": {
                    "buffKeyword": "Vibration",
                    "target": "Target",
                    "stack": 4,
                    "turn": 0,
                    "activeRound": 0
                  }
                },
                {
                  "scriptName": "VibrationExplosionOnSucceedAttack"
                }
              ]
            }
          ]
        },
        {
          "gaksungLevel": 3,
          "abilityScriptList": [
            {
              "scriptName": "GiveBuffOnEndSkill",
              "buffData": {
                "buffKeyword": "Binding",
                "target": "Self",
                "buffOwner": "",
                "stack": 20,
                "turn": 0,
                "activeRound": 1
              }
            },
            {
              "scriptName": "GiveBuffOnEndSkill",
              "buffData": {
                "buffKeyword": "ForwardToTheKing",
                "target": "Self",
                "buffOwner": "",
                "stack": 1,
                "turn": 0,
                "activeRound": 1
              }
            },
            {
              "scriptName": "GiveBuffOnEndSkill",
              "buffData": {
                "buffKeyword": "Enhancement",
                "target": "Self",
                "buffOwner": "",
                "stack": 2,
                "turn": 0,
                "activeRound": 1
              }
            },
            {
              "scriptName": "HeathcliffSixthEgoErodedSkillAbility2And2And3",
              "buffData": {
                "buffKeyword": "Binding",
                "target": "Custom",
                "buffOwner": "",
                "stack": 20,
                "turn": 0,
                "activeRound": 1
              }
            },
            {
              "scriptName": "HeathcliffSixthEgoErodedSkillAbility2And2And3",
              "buffData": {
                "buffKeyword": "Enhancement",
                "target": "Custom",
                "buffOwner": "",
                "stack": 3,
                "turn": 0,
                "activeRound": 1
              }
            },
            {
              "scriptName": "HeathcliffSixthEgoErodedSkillAbility2And2And3",
              "buffData": {
                "buffKeyword": "AzureDamageUp",
                "target": "Custom",
                "buffOwner": "",
                "stack": 1,
                "turn": 0,
                "activeRound": 1
              }
            }
          ]
        },
        {
          "gaksungLevel": 4,
          "targetNum": 7,
          "defaultValue": 35,
          "abilityScriptList": [
            {
              "scriptName": "GiveBuffOnEndSkill",
              "buffData": {
                "buffKeyword": "Binding",
                "target": "Self",
                "buffOwner": "",
                "stack": 20,
                "turn": 0,
                "activeRound": 1
              }
            },
            {
              "scriptName": "GiveBuffOnEndSkill",
              "buffData": {
                "buffKeyword": "ForwardToTheKing",
                "target": "Self",
                "buffOwner": "",
                "stack": 1,
                "turn": 0,
                "activeRound": 1
              }
            },
            {
              "scriptName": "GiveBuffOnEndSkill",
              "buffData": {
                "buffKeyword": "Enhancement",
                "target": "Self",
                "buffOwner": "",
                "stack": 3,
                "turn": 0,
                "activeRound": 1
              }
            },
            {
              "scriptName": "HeathcliffSixthEgoErodedSkillAbility2And2And4",
              "buffData": {
                "buffKeyword": "Binding",
                "target": "Custom",
                "buffOwner": "",
                "stack": 20,
                "turn": 0,
                "activeRound": 1
              }
            },
            {
              "scriptName": "HeathcliffSixthEgoErodedSkillAbility2And2And4",
              "buffData": {
                "buffKeyword": "Enhancement",
                "target": "Custom",
                "buffOwner": "",
                "stack": 3,
                "turn": 0,
                "activeRound": 1
              }
            },
            {
              "scriptName": "HeathcliffSixthEgoErodedSkillAbility2And2And4",
              "buffData": {
                "buffKeyword": "AzureDamageUp",
                "target": "Custom",
                "buffOwner": "",
                "stack": 2,
                "turn": 0,
                "activeRound": 1
              }
            }
          ],
          "coinList": [
            {
              "operatorType": "SUB",
              "scale": 15,
              "abilityScriptList": [
                {
                  "scriptName": "GiveBuffOnSucceedAttack",
                  "buffData": {
                    "buffKeyword": "Binding",
                    "target": "Target",
                    "stack": 3,
                    "turn": 0,
                    "activeRound": 1
                  }
                },
                {
                  "scriptName": "GiveBuffOnSucceedAttack",
                  "buffData": {
                    "buffKeyword": "Sinking",
                    "target": "Target",
                    "stack": 4,
                    "turn": 0,
                    "activeRound": 0
                  }
                },
                {
                  "scriptName": "GiveBuffOnSucceedAttack",
                  "buffData": {
                    "buffKeyword": "Vibration",
                    "target": "Target",
                    "stack": 4,
                    "turn": 0,
                    "activeRound": 0
                  }
                },
                {
                  "scriptName": "VibrationExplosionOnSucceedAttack"
                }
              ]
            }
          ]
        }
      ]
    },
    {
      "id": 2070711,
      "skillType": "EGO_AWAKEN",
      "skillTier": 3,
      "requireIDList": [],
      "skillData": [
        {
          "gaksungLevel": 1,
          "attributeType": "INDIGO",
          "atkType": "PENETRATE",
          "defType": "ATTACK",
          "skillTargetType": "FRONT",
          "targetNum": 1,
          "mpUsage": 20,
          "skillLevelCorrection": 5,
          "defaultValue": 7,
          "canTeamKill": false,
          "canDuel": true,
          "canChangeTarget": true,
          "skillMotion": "Default",
          "viewType": "SKILL",
          "parryingCloseType": "NEAR",
          "range": 66.6,
          "abilityScriptList": [
            {
              "scriptName": "EDerSchutzeGiveBuffSelfByResonancePerf",
              "buffData": {
                "buffKeyword": "BoseProjektil",
                "stack": 1,
                "value": 2,
                "limit": 7
              }
            },
            {
              "scriptName": "EDerSchutzeGiveBuffByBoseProjektil",
              "buffData": {
                "buffKeyword": "Breath",
                "stack": 1,
                "value": 1,
                "limit": 3
              }
            },
            {
              "scriptName": "EDerSchutzeClaerAllBoseProjektilOnEndSkill"
            }
          ],
          "coinList": [
            {
              "operatorType": "ADD",
              "scale": 7,
              "abilityScriptList": []
            },
            {
              "operatorType": "ADD",
              "scale": 7,
              "abilityScriptList": [
                {
                  "scriptName": "EDerSchutzeCriDmgMultiplierByBuffStackDiv",
                  "buffData": {
                    "buffKeyword": "BoseProjektil",
                    "buffOwner": "Self",
                    "target": "",
                    "stack": 1,
                    "turn": 0,
                    "value": 5,
                    "activeRound": 0,
                    "limit": 35
                  }
                },
                {
                  "scriptName": "GiveBuffOnSucceedAttack",
                  "buffData": {
                    "buffKeyword": "Laceration",
                    "target": "Target",
                    "stack": 3,
                    "turn": 0,
                    "activeRound": 0
                  }
                },
                {
                  "scriptName": "GiveBuffOnSuccessCriticalAttack",
                  "buffData": {
                    "buffKeyword": "Sinking",
                    "target": "Target",
                    "stack": 3,
                    "turn": 0,
                    "activeRound": 0
                  }
                },
                {
                  "scriptName": "EDerSchutzeGiveBulletOnCriFinish",
                  "buffData": {
                    "buffKeyword": "Bullet",
                    "target": "Self",
                    "stack": 1,
                    "turn": 0,
                    "activeRound": 0,
                    "limit": 2
                  }
                }
              ]
            }
          ]
        },
        {
          "gaksungLevel": 3,
          "abilityScriptList": [
            {
              "scriptName": "EDerSchutzeGiveBuffSelfByResonancePerf",
              "buffData": {
                "buffKeyword": "BoseProjektil",
                "stack": 1,
                "value": 2,
                "limit": 7
              }
            },
            {
              "scriptName": "EDerSchutzeGiveBuffByBoseProjektil",
              "buffData": {
                "buffKeyword": "Breath",
                "stack": 1,
                "value": 1,
                "limit": 4
              }
            },
            {
              "scriptName": "EDerSchutzeClaerAllBoseProjektilOnEndSkill"
            }
          ],
          "coinList": [
            {
              "operatorType": "ADD",
              "scale": 7,
              "abilityScriptList": []
            },
            {
              "operatorType": "ADD",
              "scale": 7,
              "abilityScriptList": [
                {
                  "scriptName": "EDerSchutzeCriDmgMultiplierByBuffStackDiv",
                  "buffData": {
                    "buffKeyword": "BoseProjektil",
                    "buffOwner": "Self",
                    "target": "",
                    "stack": 1,
                    "turn": 0,
                    "value": 10,
                    "activeRound": 0,
                    "limit": 70
                  }
                },
                {
                  "scriptName": "GiveBuffOnSucceedAttack",
                  "buffData": {
                    "buffKeyword": "Laceration",
                    "target": "Target",
                    "stack": 4,
                    "turn": 0,
                    "activeRound": 0
                  }
                },
                {
                  "scriptName": "GiveBuffOnSuccessCriticalAttack",
                  "buffData": {
                    "buffKeyword": "Sinking",
                    "target": "Target",
                    "stack": 3,
                    "turn": 0,
                    "activeRound": 0
                  }
                },
                {
                  "scriptName": "EDerSchutzeGiveBulletOnCriFinish",
                  "buffData": {
                    "buffKeyword": "Bullet",
                    "target": "Self",
                    "stack": 1,
                    "turn": 0,
                    "activeRound": 0,
                    "limit": 2
                  }
                }
              ]
            }
          ]
        },
        {
          "gaksungLevel": 4,
          "abilityScriptList": [
            {
              "scriptName": "EDerSchutzeGiveBuffSelfByResonancePerf",
              "buffData": {
                "buffKeyword": "BoseProjektil",
                "stack": 1,
                "value": 2,
                "limit": 7
              }
            },
            {
              "scriptName": "EDerSchutzeGiveBuffByBoseProjektil",
              "buffData": {
                "buffKeyword": "Breath",
                "stack": 1,
                "value": 1,
                "limit": 7
              }
            },
            {
              "scriptName": "GiveBuffBeforeAttack",
              "buffData": {
                "buffKeyword": "Breath",
                "target": "Self",
                "buffOwner": "",
                "stack": 0,
                "turn": 1,
                "activeRound": 0
              }
            },
            {
              "scriptName": "EDerSchutzeClaerAllBoseProjektilOnEndSkill"
            }
          ],
          "coinList": [
            {
              "operatorType": "ADD",
              "scale": 7,
              "abilityScriptList": []
            },
            {
              "operatorType": "ADD",
              "scale": 7,
              "abilityScriptList": [
                {
                  "scriptName": "EDerSchutzeCriDmgMultiplierByBuffStackDiv",
                  "buffData": {
                    "buffKeyword": "BoseProjektil",
                    "buffOwner": "Self",
                    "target": "",
                    "stack": 1,
                    "turn": 0,
                    "value": 15,
                    "activeRound": 0,
                    "limit": 105
                  }
                },
                {
                  "scriptName": "GiveBuffOnSucceedAttack",
                  "buffData": {
                    "buffKeyword": "Laceration",
                    "target": "Target",
                    "stack": 5,
                    "turn": 0,
                    "activeRound": 0
                  }
                },
                {
                  "scriptName": "GiveBuffOnSuccessCriticalAttack",
                  "buffData": {
                    "buffKeyword": "Sinking",
                    "target": "Target",
                    "stack": 3,
                    "turn": 0,
                    "activeRound": 0
                  }
                },
                {
                  "scriptName": "EDerSchutzeGiveBulletOnCriFinish",
                  "buffData": {
                    "buffKeyword": "Bullet",
                    "target": "Self",
                    "stack": 1,
                    "turn": 0,
                    "activeRound": 0,
                    "limit": 3
                  }
                }
              ]
            }
          ]
        }
      ]
    },
    {
      "id": 2070721,
      "skillType": "EGO_EROSION",
      "skillTier": 3,
      "requireIDList": [],
      "skillData": [
        {
          "gaksungLevel": 1,
          "attributeType": "INDIGO",
          "atkType": "PENETRATE",
          "defType": "ATTACK",
          "skillTargetType": "RANDOM",
          "targetNum": 2,
          "mpUsage": 25,
          "skillLevelCorrection": 0,
          "defaultValue": 28,
          "canTeamKill": true,
          "canDuel": true,
          "canChangeTarget": true,
          "skillMotion": "Default",
          "viewType": "SKILL",
          "parryingCloseType": "NEAR",
          "range": 66.6,
          "abilityScriptList": [
            {
              "scriptName": "EDerSchutzeGiveBuffSelfByResonancePerf",
              "buffData": {
                "buffKeyword": "BoseProjektil",
                "stack": 1,
                "value": 2,
                "limit": 7
              }
            },
            {
              "scriptName": "EDerSchutzeDmgMultiplierByBuffStack",
              "buffData": {
                "buffKeyword": "BoseProjektil",
                "value": 2,
                "limit": 14
              }
            },
            {
              "scriptName": "EDerSchutzeGiveBuffByBoseProjektil",
              "buffData": {
                "buffKeyword": "Breath",
                "stack": 1,
                "value": 1,
                "limit": 3
              }
            },
            {
              "scriptName": "EDerSchutzeDmgMultiplierByBuffStackDiv",
              "buffData": {
                "buffKeyword": "Breath",
                "stack": 5,
                "turn": 0,
                "value": 3,
                "limit": 15
              }
            },
            {
              "scriptName": "EDerSchutzeUseBuffStack",
              "buffData": {
                "buffKeyword": "Breath",
                "stack": 5
              }
            },
            {
              "scriptName": "EDerSchutzeClaerAllBoseProjektilOnEndSkill"
            }
          ],
          "coinList": [
            {
              "operatorType": "SUB",
              "scale": 12,
              "abilityScriptList": [
                {
                  "scriptName": "GiveBuffOnSucceedAttack",
                  "buffData": {
                    "buffKeyword": "Laceration",
                    "buffOwner": "",
                    "target": "Target",
                    "stack": 2,
                    "turn": 0,
                    "activeRound": 0
                  }
                },
                {
                  "scriptName": "GiveBuffOnSucceedAttack",
                  "buffData": {
                    "buffKeyword": "Sinking",
                    "buffOwner": "",
                    "target": "Target",
                    "stack": 2,
                    "turn": 0,
                    "activeRound": 0
                  }
                }
              ]
            }
          ]
        },
        {
          "gaksungLevel": 3,
          "defaultValue": 28,
          "abilityScriptList": [
            {
              "scriptName": "EDerSchutzeGiveBuffSelfByResonancePerf",
              "buffData": {
                "buffKeyword": "BoseProjektil",
                "stack": 1,
                "value": 2,
                "limit": 7
              }
            },
            {
              "scriptName": "EDerSchutzeTargetNumAdderByBuff",
              "buffData": {
                "buffKeyword": "BoseProjektil",
                "stack": 3,
                "value": 1,
                "limit": 1
              }
            },
            {
              "scriptName": "EDerSchutzeDmgMultiplierByBuffStack",
              "buffData": {
                "buffKeyword": "BoseProjektil",
                "value": 2,
                "limit": 14
              }
            },
            {
              "scriptName": "EDerSchutzeGiveBuffByBoseProjektil",
              "buffData": {
                "buffKeyword": "Breath",
                "stack": 1,
                "value": 1,
                "limit": 4
              }
            },
            {
              "scriptName": "EDerSchutzeDmgMultiplierByBuffStackDiv",
              "buffData": {
                "buffKeyword": "Breath",
                "stack": 5,
                "turn": 0,
                "value": 4,
                "limit": 20
              }
            },
            {
              "scriptName": "EDerSchutzeUseBuffStack",
              "buffData": {
                "buffKeyword": "Breath",
                "stack": 5
              }
            },
            {
              "scriptName": "EDerSchutzeClaerAllBoseProjektilOnEndSkill"
            }
          ],
          "coinList": [
            {
              "operatorType": "SUB",
              "scale": 12,
              "abilityScriptList": [
                {
                  "scriptName": "GiveBuffOnSucceedAttack",
                  "buffData": {
                    "buffKeyword": "Laceration",
                    "buffOwner": "",
                    "target": "Target",
                    "stack": 3,
                    "turn": 0,
                    "activeRound": 0
                  }
                },
                {
                  "scriptName": "GiveBuffOnSucceedAttack",
                  "buffData": {
                    "buffKeyword": "Sinking",
                    "buffOwner": "",
                    "target": "Target",
                    "stack": 3,
                    "turn": 0,
                    "activeRound": 0
                  }
                }
              ]
            }
          ]
        },
        {
          "gaksungLevel": 4,
          "defaultValue": 30,
          "abilityScriptList": [
            {
              "scriptName": "EDerSchutzeGiveBuffSelfByResonancePerf",
              "buffData": {
                "buffKeyword": "BoseProjektil",
                "stack": 1,
                "value": 2,
                "limit": 7
              }
            },
            {
              "scriptName": "EDerSchutzeTargetNumAdderByBuff",
              "buffData": {
                "buffKeyword": "BoseProjektil",
                "stack": 3,
                "value": 1,
                "limit": 2
              }
            },
            {
              "scriptName": "EDerSchutzeDmgMultiplierByBuffStack",
              "buffData": {
                "buffKeyword": "BoseProjektil",
                "value": 3,
                "limit": 21
              }
            },
            {
              "scriptName": "EDerSchutzeGiveBuffByBoseProjektil",
              "buffData": {
                "buffKeyword": "Breath",
                "stack": 1,
                "value": 1,
                "limit": 7
              }
            },
            {
              "scriptName": "EDerSchutzeDmgMultiplierByBuffStackDiv",
              "buffData": {
                "buffKeyword": "Breath",
                "stack": 5,
                "turn": 0,
                "value": 5,
                "limit": 25
              }
            },
            {
              "scriptName": "EDerSchutzeUseBuffStack",
              "buffData": {
                "buffKeyword": "Breath",
                "stack": 5
              }
            },
            {
              "scriptName": "EDerSchutzeClaerAllBoseProjektilOnEndSkill"
            }
          ],
          "coinList": [
            {
              "operatorType": "SUB",
              "scale": 12,
              "abilityScriptList": [
                {
                  "scriptName": "GiveBuffOnSucceedAttack",
                  "buffData": {
                    "buffKeyword": "Laceration",
                    "buffOwner": "",
                    "target": "Target",
                    "stack": 3,
                    "turn": 0,
                    "activeRound": 0
                  }
                },
                {
                  "scriptName": "GiveBuffOnSucceedAttack",
                  "buffData": {
                    "buffKeyword": "Sinking",
                    "buffOwner": "",
                    "target": "Target",
                    "stack": 3,
                    "turn": 0,
                    "activeRound": 0
                  }
                }
              ]
            }
          ]
        }
      ]
    },
    {
      "id": 2070811,
      "skillType": "EGO_AWAKEN",
      "skillTier": 3,
      "requireIDList": [],
      "skillData": [
        {
          "gaksungLevel": 1,
          "attributeType": "AMBER",
          "atkType": "HIT",
          "defType": "ATTACK",
          "skillTargetType": "FRONT",
          "targetNum": 3,
          "mpUsage": 20,
          "skillLevelCorrection": 0,
          "defaultValue": 8,
          "canTeamKill": false,
          "canDuel": true,
          "canChangeTarget": true,
          "skillMotion": "Default",
          "viewType": "SKILL",
          "parryingCloseType": "NEAR",
          "abilityScriptList": [
            {
              "scriptName": "20708SwitchVibrationBeforeAttack_AMBER_VibrationSpring_20",
              "buffData": {
                "buffKeyword": "Vibration",
                "target": "Self",
                "stack": 0,
                "turn": -1,
                "activeRound": 0,
                "value": 0,
                "limit": 6
              }
            }
          ],
          "coinList": [
            {
              "operatorType": "ADD",
              "scale": 8,
              "abilityScriptList": [
                {
                  "scriptName": "GiveBuffOnSucceedAttack",
                  "buffData": {
                    "buffKeyword": "Vibration",
                    "target": "Target",
                    "stack": 0,
                    "turn": 1,
                    "activeRound": 0
                  }
                },
                {
                  "scriptName": "GiveBuffOnSucceedAttackHead",
                  "buffData": {
                    "buffKeyword": "Vibration",
                    "target": "Target",
                    "stack": 2,
                    "turn": 0,
                    "activeRound": 0
                  }
                },
                {
                  "scriptName": "GiveBuffOnSucceedAttackTail",
                  "buffData": {
                    "buffKeyword": "Vibration",
                    "target": "Target",
                    "stack": 0,
                    "turn": 2,
                    "activeRound": 0
                  }
                }
              ]
            },
            {
              "operatorType": "ADD",
              "scale": 8,
              "abilityScriptList": [
                {
                  "scriptName": "20708VibrationExplosionOnSucceedAttackOnPRMaxC_AMBER4",
                  "buffData": {
                    "buffKeyword": "AmberTakeDamageUp",
                    "target": "Target",
                    "stack": 1,
                    "turn": 0,
                    "activeRound": 0,
                    "value": 1
                  }
                }
              ]
            }
          ]
        },
        {
          "gaksungLevel": 3,
          "abilityScriptList": [
            {
              "scriptName": "20708SwitchVibrationBeforeAttack_AMBER_VibrationSpring_20",
              "buffData": {
                "buffKeyword": "Vibration",
                "target": "Self",
                "stack": 0,
                "turn": -1,
                "activeRound": 0,
                "value": 2,
                "limit": 8
              }
            }
          ],
          "coinList": [
            {
              "operatorType": "ADD",
              "scale": 8,
              "abilityScriptList": [
                {
                  "scriptName": "GiveBuffOnSucceedAttack",
                  "buffData": {
                    "buffKeyword": "Vibration",
                    "target": "Target",
                    "stack": 0,
                    "turn": 1,
                    "activeRound": 0
                  }
                },
                {
                  "scriptName": "GiveBuffOnSucceedAttackHead",
                  "buffData": {
                    "buffKeyword": "Vibration",
                    "target": "Target",
                    "stack": 4,
                    "turn": 0,
                    "activeRound": 0
                  }
                },
                {
                  "scriptName": "GiveBuffOnSucceedAttackTail",
                  "buffData": {
                    "buffKeyword": "Vibration",
                    "target": "Target",
                    "stack": 0,
                    "turn": 2,
                    "activeRound": 0
                  }
                }
              ]
            },
            {
              "operatorType": "ADD",
              "scale": 8,
              "abilityScriptList": [
                {
                  "scriptName": "20708VibrationExplosionOnSucceedAttackOnPRMaxC_AMBER1",
                  "buffData": {
                    "buffKeyword": "AmberTakeDamageUp",
                    "target": "Target",
                    "stack": 1,
                    "turn": 0,
                    "activeRound": 0,
                    "value": 1
                  }
                }
              ]
            }
          ]
        },
        {
          "gaksungLevel": 4,
          "abilityScriptList": [
            {
              "scriptName": "20708SwitchVibrationBeforeAttack_AMBER_VibrationSpring_20",
              "buffData": {
                "buffKeyword": "Vibration",
                "target": "Self",
                "stack": 0,
                "turn": -1,
                "activeRound": 0,
                "value": 4,
                "limit": 8
              }
            }
          ],
          "coinList": [
            {
              "operatorType": "ADD",
              "scale": 8,
              "abilityScriptList": [
                {
                  "scriptName": "GiveBuffOnSucceedAttack",
                  "buffData": {
                    "buffKeyword": "Vibration",
                    "target": "Target",
                    "stack": 0,
                    "turn": 1,
                    "activeRound": 0
                  }
                },
                {
                  "scriptName": "GiveBuffOnSucceedAttackHead",
                  "buffData": {
                    "buffKeyword": "Vibration",
                    "target": "Target",
                    "stack": 5,
                    "turn": 0,
                    "activeRound": 0
                  }
                },
                {
                  "scriptName": "GiveBuffOnSucceedAttackTail",
                  "buffData": {
                    "buffKeyword": "Vibration",
                    "target": "Target",
                    "stack": 0,
                    "turn": 3,
                    "activeRound": 0
                  }
                }
              ]
            },
            {
              "operatorType": "ADD",
              "scale": 8,
              "abilityScriptList": [
                {
                  "scriptName": "20708VibrationExplosionOnSucceedAttackOnRC_AMBER3",
                  "buffData": {
                    "buffKeyword": "AmberTakeDamageUp",
                    "target": "Target",
                    "stack": 1,
                    "turn": 0,
                    "activeRound": 0,
                    "value": 1
                  }
                }
              ]
            }
          ]
        }
      ]
    },
    {
      "id": 2070821,
      "skillType": "EGO_EROSION",
      "skillTier": 3,
      "requireIDList": [],
      "skillData": [
        {
          "gaksungLevel": 1,
          "attributeType": "AMBER",
          "atkType": "HIT",
          "defType": "ATTACK",
          "skillTargetType": "RANDOM",
          "targetNum": 3,
          "mpUsage": 20,
          "skillLevelCorrection": 3,
          "defaultValue": 28,
          "canTeamKill": true,
          "canDuel": true,
          "canChangeTarget": true,
          "skillMotion": "Default",
          "viewType": "SKILL",
          "parryingCloseType": "NEAR",
          "abilityScriptList": [
            {
              "scriptName": "20708SwitchVibrationBeforeAttack_AMBER_VibrationSpring_20",
              "buffData": {
                "buffKeyword": "Vibration",
                "target": "Self",
                "stack": 0,
                "turn": -1,
                "activeRound": 0,
                "value": 2,
                "limit": 8
              }
            }
          ],
          "coinList": [
            {
              "operatorType": "SUB",
              "scale": 8,
              "abilityScriptList": [
                {
                  "scriptName": "GiveBuffOnSucceedAttack",
                  "buffData": {
                    "buffKeyword": "Vibration",
                    "target": "Target",
                    "stack": 0,
                    "turn": 1,
                    "activeRound": 0
                  }
                },
                {
                  "scriptName": "GiveBuffOnSucceedAttackHead",
                  "buffData": {
                    "buffKeyword": "Vibration",
                    "target": "Target",
                    "stack": 4,
                    "turn": 0,
                    "activeRound": 0
                  }
                },
                {
                  "scriptName": "GiveBuffOnSucceedAttackTail",
                  "buffData": {
                    "buffKeyword": "Vibration",
                    "target": "Target",
                    "stack": 0,
                    "turn": 2,
                    "activeRound": 0
                  }
                }
              ]
            },
            {
              "operatorType": "SUB",
              "scale": 8,
              "abilityScriptList": [
                {
                  "scriptName": "VibrationExplosionOnSucceedAttackAndLoseTargetVibrationTurn1"
                },
                {
                  "scriptName": "20708VibrationExplosionOnSucceedAttackOnPRMaxC_AMBER4",
                  "buffData": {
                    "buffKeyword": "AmberTakeDamageUp",
                    "target": "Target",
                    "stack": 2,
                    "turn": 0,
                    "activeRound": 0,
                    "value": 1
                  }
                }
              ]
            }
          ]
        },
        {
          "gaksungLevel": 3,
          "abilityScriptList": [
            {
              "scriptName": "20708SwitchVibrationBeforeAttack_AMBER_VibrationSpring_20",
              "buffData": {
                "buffKeyword": "Vibration",
                "target": "Self",
                "stack": 0,
                "turn": -1,
                "activeRound": 0,
                "value": 4,
                "limit": 8
              }
            }
          ],
          "coinList": [
            {
              "operatorType": "SUB",
              "scale": 8,
              "abilityScriptList": [
                {
                  "scriptName": "GiveBuffOnSucceedAttack",
                  "buffData": {
                    "buffKeyword": "Vibration",
                    "target": "Target",
                    "stack": 0,
                    "turn": 1,
                    "activeRound": 0
                  }
                },
                {
                  "scriptName": "GiveBuffOnSucceedAttackHead",
                  "buffData": {
                    "buffKeyword": "Vibration",
                    "target": "Target",
                    "stack": 5,
                    "turn": 0,
                    "activeRound": 0
                  }
                },
                {
                  "scriptName": "GiveBuffOnSucceedAttackTail",
                  "buffData": {
                    "buffKeyword": "Vibration",
                    "target": "Target",
                    "stack": 0,
                    "turn": 3,
                    "activeRound": 0
                  }
                }
              ]
            },
            {
              "operatorType": "SUB",
              "scale": 8,
              "abilityScriptList": [
                {
                  "scriptName": "VibrationExplosionOnSucceedAttackAndLoseTargetVibrationTurn1"
                },
                {
                  "scriptName": "20708VibrationExplosionOnSucceedAttackOnPRMaxC_AMBER1",
                  "buffData": {
                    "buffKeyword": "AmberTakeDamageUp",
                    "target": "Target",
                    "stack": 2,
                    "turn": 0,
                    "activeRound": 0,
                    "value": 1
                  }
                }
              ]
            }
          ]
        },
        {
          "gaksungLevel": 4,
          "abilityScriptList": [
            {
              "scriptName": "20708SwitchVibrationBeforeAttack_AMBER_VibrationSpring_20",
              "buffData": {
                "buffKeyword": "Vibration",
                "target": "Self",
                "stack": 0,
                "turn": -1,
                "activeRound": 0,
                "value": 4,
                "limit": 10
              }
            }
          ],
          "coinList": [
            {
              "operatorType": "SUB",
              "scale": 8,
              "abilityScriptList": [
                {
                  "scriptName": "GiveBuffOnSucceedAttack",
                  "buffData": {
                    "buffKeyword": "Vibration",
                    "target": "Target",
                    "stack": 0,
                    "turn": 2,
                    "activeRound": 0
                  }
                },
                {
                  "scriptName": "GiveBuffOnSucceedAttackHead",
                  "buffData": {
                    "buffKeyword": "Vibration",
                    "target": "Target",
                    "stack": 6,
                    "turn": 0,
                    "activeRound": 0
                  }
                },
                {
                  "scriptName": "GiveBuffOnSucceedAttackTail",
                  "buffData": {
                    "buffKeyword": "Vibration",
                    "target": "Target",
                    "stack": 0,
                    "turn": 4,
                    "activeRound": 0
                  }
                }
              ]
            },
            {
              "operatorType": "SUB",
              "scale": 8,
              "abilityScriptList": [
                {
                  "scriptName": "VibrationExplosionOnSucceedAttackAndLoseTargetVibrationTurn1"
                },
                {
                  "scriptName": "20708VibrationExplosionOnSucceedAttackOnRC_AMBER3",
                  "buffData": {
                    "buffKeyword": "AmberTakeDamageUp",
                    "target": "Target",
                    "stack": 2,
                    "turn": 0,
                    "activeRound": 0,
                    "value": 1
                  }
                }
              ]
            }
          ]
        }
      ]
    }
  ]
}