{
  "list": [
    {
      "id": 2060811,
      "skillType": "EGO_AWAKEN",
      "skillTier": 3,
      "requireIDList": [],
      "skillData": [
        {
          "gaksungLevel": 1,
          "attributeType": "SHAMROCK",
          "atkType": "PENETRATE",
          "defType": "ATTACK",
          "skillTargetType": "FRONT",
          "targetNum": 1,
          "mpUsage": 10,
          "skillLevelCorrection": 0,
          "defaultValue": 20,
          "canTeamKill": false,
          "canDuel": false,
          "canChangeTarget": true,
          "skillMotion": "Default",
          "viewType": "SKILL",
          "parryingCloseType": "NEAR",
          "abilityScriptList": [
            {
              "scriptName": "DealNoTarget"
            },
            {
              "scriptName": "IgnoreDefenseSkill"
            },
            {
              "scriptName": "GiveBuffOnEndSkill",
              "buffData": {
                "buffKeyword": "DragonLance",
                "target": "Self",
                "buffOwner": "",
                "stack": 0,
                "turn": 0,
                "activeRound": 0
              }
            }
          ],
          "coinList": [
            {
              "operatorType": "SUB",
              "scale": 10,
              "abilityScriptList": [
                {
                  "scriptName": "DealSelf2060811"
                }
              ]
            }
          ]
        },
        {
          "gaksungLevel": 3
        },
        {
          "gaksungLevel": 4
        }
      ]
    },
    {
      "id": 2060812,
      "skillType": "EGO_AWAKEN",
      "skillTier": 3,
      "requireIDList": [],
      "skillData": [
        {
          "gaksungLevel": 1,
          "attributeType": "SHAMROCK",
          "atkType": "PENETRATE",
          "defType": "ATTACK",
          "skillTargetType": "FRONT",
          "targetNum": 7,
          "mpUsage": 10,
          "skillLevelCorrection": 5,
          "defaultValue": 4,
          "actionScript": "2060811",
          "canTeamKill": false,
          "canDuel": false,
          "canChangeTarget": true,
          "skillMotion": "Default",
          "viewType": "SKILL",
          "parryingCloseType": "NEAR",
          "abilityScriptList": [
            {
              "scriptName": "AttackDmgUpByRatioViaBuffCheckDevideByStackWithLimit6",
              "buffData": {
                "buffKeyword": "DragonLance",
                "buffOwner": "Self",
                "stack": 1,
                "turn": 0,
                "value": 0.02
              }
            },
            {
              "scriptName": "AttackDmgUpByRatioViaBuffCheckDevideByStackWithLimit20",
              "buffData": {
                "buffKeyword": "CondensedBlood",
                "buffOwner": "Self",
                "stack": 1,
                "turn": 0,
                "value": 0.04
              }
            },
            {
              "scriptName": "CoinScaleAdderOnStartTurnViaBuffCheck",
              "buffData": {
                "buffKeyword": "Burst",
                "target": "",
                "buffOwner": "Target",
                "stack": 5,
                "turn": 0,
                "activeRound": 0,
                "value": 1
              }
            },
            {
              "scriptName": "TagetNumAdderOnUseViaBuffCheck",
              "buffData": {
                "buffKeyword": "CondensedBlood",
                "target": "",
                "buffOwner": "Self",
                "stack": 3,
                "turn": 0,
                "activeRound": 0,
                "value": 1
              }
            },
            {
              "scriptName": "SkillPowerAdderOnUseViaBuffCheck",
              "buffData": {
                "buffKeyword": "CondensedBlood",
                "target": "",
                "buffOwner": "Self",
                "stack": 3,
                "turn": 0,
                "activeRound": 0,
                "value": 1
              }
            },
            {
              "scriptName": "UseBuffAllStackOnEndSkill",
              "buffData": {
                "buffKeyword": "CondensedBlood",
                "target": "Self"
              }
            },
            {
              "scriptName": "ForceToDestroyBuffOnEndSkill",
              "buffData": {
                "buffKeyword": "DragonLance",
                "target": "Self"
              }
            },
            {
              "scriptName": "DieOnEndSkill2060812"
            },
            {
              "scriptName": "DoNotCheckErode"
            }
          ],
          "coinList": [
            {
              "operatorType": "ADD",
              "scale": 4,
              "abilityScriptList": [
                {
                  "scriptName": "GiveBuffOnSucceedAttack",
                  "buffData": {
                    "buffKeyword": "Burst",
                    "target": "Target",
                    "buffOwner": "",
                    "stack": 0,
                    "turn": 3,
                    "activeRound": 0
                  }
                }
              ]
            },
            {
              "operatorType": "ADD",
              "scale": 4,
              "abilityScriptList": [
                {
                  "scriptName": "GiveBuffOnSucceedAttack",
                  "buffData": {
                    "buffKeyword": "Burst",
                    "target": "Target",
                    "buffOwner": "",
                    "stack": 2,
                    "turn": 0,
                    "activeRound": 0
                  }
                }
              ]
            },
            {
              "operatorType": "ADD",
              "scale": 4,
              "abilityScriptList": [
                {
                  "scriptName": "GiveBuffOnSucceedAttack",
                  "buffData": {
                    "buffKeyword": "Burst",
                    "target": "Target",
                    "buffOwner": "",
                    "stack": 2,
                    "turn": 0,
                    "activeRound": 0
                  }
                }
              ]
            },
            {
              "operatorType": "ADD",
              "scale": 4,
              "abilityScriptList": [
                {
                  "scriptName": "GiveBuffOnSucceedAttack",
                  "buffData": {
                    "buffKeyword": "Burst",
                    "target": "Target",
                    "buffOwner": "",
                    "stack": 2,
                    "turn": 0,
                    "activeRound": 0
                  }
                }
              ]
            }
          ]
        },
        {
          "gaksungLevel": 3,
          "abilityScriptList": [
            {
              "scriptName": "AttackDmgUpByRatioViaBuffCheckDevideByStackWithLimit9",
              "buffData": {
                "buffKeyword": "DragonLance",
                "buffOwner": "Self",
                "stack": 1,
                "turn": 0,
                "value": 0.03
              }
            },
            {
              "scriptName": "AttackDmgUpByRatioViaBuffCheckDevideByStackWithLimit30",
              "buffData": {
                "buffKeyword": "CondensedBlood",
                "buffOwner": "Self",
                "stack": 1,
                "turn": 0,
                "value": 0.06
              }
            },
            {
              "scriptName": "CoinScaleAdderOnStartTurnViaBuffCheckDevideByStackWithLimit2",
              "buffData": {
                "buffKeyword": "Burst",
                "target": "",
                "buffOwner": "Target",
                "stack": 5,
                "turn": 0,
                "activeRound": 0,
                "value": 1
              }
            },
            {
              "scriptName": "TagetNumAdderOnUseViaBuffCheck",
              "buffData": {
                "buffKeyword": "CondensedBlood",
                "target": "",
                "buffOwner": "Self",
                "stack": 3,
                "turn": 0,
                "activeRound": 0,
                "value": 1
              }
            },
            {
              "scriptName": "TagetNumAdderOnUseViaBuffCheck",
              "buffData": {
                "buffKeyword": "CondensedBlood",
                "target": "",
                "buffOwner": "Self",
                "stack": 4,
                "turn": 0,
                "activeRound": 0,
                "value": 1
              }
            },
            {
              "scriptName": "SkillPowerAdderOnUseViaBuffCheck",
              "buffData": {
                "buffKeyword": "CondensedBlood",
                "target": "",
                "buffOwner": "Self",
                "stack": 3,
                "turn": 0,
                "activeRound": 0,
                "value": 1
              }
            },
            {
              "scriptName": "SkillPowerAdderOnUseViaBuffCheck",
              "buffData": {
                "buffKeyword": "CondensedBlood",
                "target": "",
                "buffOwner": "Self",
                "stack": 4,
                "turn": 0,
                "activeRound": 0,
                "value": 1
              }
            },
            {
              "scriptName": "UseBuffAllStackOnEndSkill",
              "buffData": {
                "buffKeyword": "CondensedBlood",
                "target": "Self"
              }
            },
            {
              "scriptName": "ForceToDestroyBuffOnEndSkill",
              "buffData": {
                "buffKeyword": "DragonLance",
                "target": "Self"
              }
            },
            {
              "scriptName": "DieOnEndSkill2060812"
            },
            {
              "scriptName": "DoNotCheckErode"
            }
          ],
          "coinList": [
            {
              "operatorType": "ADD",
              "scale": 4,
              "abilityScriptList": [
                {
                  "scriptName": "GiveBuffOnSucceedAttack",
                  "buffData": {
                    "buffKeyword": "Burst",
                    "target": "Target",
                    "buffOwner": "",
                    "stack": 0,
                    "turn": 3,
                    "activeRound": 0
                  }
                }
              ]
            },
            {
              "operatorType": "ADD",
              "scale": 4,
              "abilityScriptList": [
                {
                  "scriptName": "GiveBuffOnSucceedAttack",
                  "buffData": {
                    "buffKeyword": "Burst",
                    "target": "Target",
                    "buffOwner": "",
                    "stack": 2,
                    "turn": 0,
                    "activeRound": 0
                  }
                }
              ]
            },
            {
              "operatorType": "ADD",
              "scale": 4,
              "abilityScriptList": [
                {
                  "scriptName": "GiveBuffOnSucceedAttack",
                  "buffData": {
                    "buffKeyword": "Burst",
                    "target": "Target",
                    "buffOwner": "",
                    "stack": 2,
                    "turn": 0,
                    "activeRound": 0
                  }
                }
              ]
            },
            {
              "operatorType": "ADD",
              "scale": 4,
              "actionIndex" :  4,
              "abilityScriptList": [
                {
                  "scriptName": "GiveBuffOnSucceedAttack",
                  "buffData": {
                    "buffKeyword": "Burst",
                    "target": "Target",
                    "buffOwner": "",
                    "stack": 2,
                    "turn": 0,
                    "activeRound": 0
                  }
                }
              ]
            }
          ]
        },
        {
          "gaksungLevel": 4,
          "abilityScriptList": [
            {
              "scriptName": "AttackDmgUpByRatioViaBuffCheckDevideByStackWithLimit9",
              "buffData": {
                "buffKeyword": "DragonLance",
                "buffOwner": "Self",
                "stack": 1,
                "turn": 0,
                "value": 0.03
              }
            },
            {
              "scriptName": "AttackDmgUpByRatioViaBuffCheckDevideByStackWithLimit30",
              "buffData": {
                "buffKeyword": "CondensedBlood",
                "buffOwner": "Self",
                "stack": 1,
                "turn": 0,
                "value": 0.06
              }
            },
            {
              "scriptName": "CoinScaleAdderOnStartTurnViaBuffCheckDevideByStackWithLimit3",
              "buffData": {
                "buffKeyword": "Burst",
                "target": "",
                "buffOwner": "Target",
                "stack": 5,
                "turn": 0,
                "activeRound": 0,
                "value": 1
              }
            },
            {
              "scriptName": "TagetNumAdderOnUseViaBuffCheck",
              "buffData": {
                "buffKeyword": "CondensedBlood",
                "target": "",
                "buffOwner": "Self",
                "stack": 3,
                "turn": 0,
                "activeRound": 0,
                "value": 1
              }
            },
            {
              "scriptName": "TagetNumAdderOnUseViaBuffCheck",
              "buffData": {
                "buffKeyword": "CondensedBlood",
                "target": "",
                "buffOwner": "Self",
                "stack": 4,
                "turn": 0,
                "activeRound": 0,
                "value": 1
              }
            },
            {
              "scriptName": "TagetNumAdderOnUseViaBuffCheck",
              "buffData": {
                "buffKeyword": "CondensedBlood",
                "target": "",
                "buffOwner": "Self",
                "stack": 5,
                "turn": 0,
                "activeRound": 0,
                "value": 1
              }
            },
            {
              "scriptName": "SkillPowerAdderOnUseViaBuffCheck",
              "buffData": {
                "buffKeyword": "CondensedBlood",
                "target": "",
                "buffOwner": "Self",
                "stack": 3,
                "turn": 0,
                "activeRound": 0,
                "value": 1
              }
            },
            {
              "scriptName": "SkillPowerAdderOnUseViaBuffCheck",
              "buffData": {
                "buffKeyword": "CondensedBlood",
                "target": "",
                "buffOwner": "Self",
                "stack": 4,
                "turn": 0,
                "activeRound": 0,
                "value": 1
              }
            },
            {
              "scriptName": "SkillPowerAdderOnUseViaBuffCheck",
              "buffData": {
                "buffKeyword": "CondensedBlood",
                "target": "",
                "buffOwner": "Self",
                "stack": 5,
                "turn": 0,
                "activeRound": 0,
                "value": 1
              }
            },
            {
              "scriptName": "UseBuffAllStackOnEndSkill",
              "buffData": {
                "buffKeyword": "CondensedBlood",
                "target": "Self"
              }
            },
            {
              "scriptName": "ForceToDestroyBuffOnEndSkill",
              "buffData": {
                "buffKeyword": "DragonLance",
                "target": "Self"
              }
            },
            {
              "scriptName": "DieOnEndSkill2060812"
            },
            {
              "scriptName": "DoNotCheckErode"
            }
          ],
          "coinList": [
            {
              "operatorType": "ADD",
              "scale": 5,
              "abilityScriptList": [
                {
                  "scriptName": "GiveBuffOnSucceedAttack",
                  "buffData": {
                    "buffKeyword": "Burst",
                    "target": "Target",
                    "buffOwner": "",
                    "stack": 0,
                    "turn": 3,
                    "activeRound": 0
                  }
                }
              ]
            },
            {
              "operatorType": "ADD",
              "scale": 5,
              "abilityScriptList": [
                {
                  "scriptName": "GiveBuffOnSucceedAttack",
                  "buffData": {
                    "buffKeyword": "Burst",
                    "target": "Target",
                    "buffOwner": "",
                    "stack": 2,
                    "turn": 0,
                    "activeRound": 0
                  }
                }
              ]
            },
            {
              "operatorType": "ADD",
              "scale": 5,
              "abilityScriptList": [
                {
                  "scriptName": "GiveBuffOnSucceedAttack",
                  "buffData": {
                    "buffKeyword": "Burst",
                    "target": "Target",
                    "buffOwner": "",
                    "stack": 2,
                    "turn": 0,
                    "activeRound": 0
                  }
                }
              ]
            },
            {
              "operatorType": "ADD",
              "scale": 5,
              "actionIndex": 4,
              "abilityScriptList": [
                {
                  "scriptName": "GiveBuffOnSucceedAttack",
                  "buffData": {
                    "buffKeyword": "Burst",
                    "target": "Target",
                    "buffOwner": "",
                    "stack": 2,
                    "turn": 0,
                    "activeRound": 0
                  }
                }
              ]
            }
          ]
        }
      ]
    },
    {
      "id": 2060821,
      "skillType": "EGO_EROSION",
      "skillTier": 3,
      "requireIDList": [],
      "skillData": [
        {
          "gaksungLevel": 1,
          "attributeType": "SHAMROCK",
          "atkType": "PENETRATE",
          "defType": "ATTACK",
          "skillTargetType": "RANDOM",
          "targetNum": 7,
          "mpUsage": 25,
          "skillLevelCorrection": 5,
          "defaultValue": 12,
          "canTeamKill": true,
          "canDuel": true,
          "canChangeTarget": true,
          "skillMotion": "Default",
          "viewType": "SKILL",
          "parryingCloseType": "NEAR",
          "abilityScriptList": [
            {
              "scriptName": "TargetNumAdder1BBOnRC_NONE4"
            },
            {
              "scriptName": "SkillPowerReducerBB2ByBrokenCoinWithLimit8"
            },
            {
              "scriptName": "GiveBuffOnEndSkill",
              "buffData": {
                "buffKeyword": "DragonLance",
                "target": "Self",
                "buffOwner": "",
                "stack": 0,
                "turn": 0,
                "activeRound": 0
              }
            }
          ],
          "coinList": [
            {
              "operatorType": "SUB",
              "grade": 2,
              "color": "GREY",
              "scale": 3,
              "abilityScriptList": [
                {
                  "scriptName": "SuperCoin"
                },
                {
                  "scriptName": "GiveBuffOnSucceedAttack",
                  "buffData": {
                    "buffKeyword": "Burst",
                    "target": "Target",
                    "buffOwner": "",
                    "stack": 0,
                    "turn": 2,
                    "activeRound": 0
                  }
                }
              ]
            },
            {
              "operatorType": "SUB",
              "grade": 2,
              "color": "GREY",
              "scale": 3,
              "abilityScriptList": [
                {
                  "scriptName": "SuperCoin"
                }
              ]
            },
            {
              "operatorType": "SUB",
              "grade": 2,
              "color": "GREY",
              "scale": 3,
              "abilityScriptList": [
                {
                  "scriptName": "SuperCoin"
                }
              ]
            },
            {
              "operatorType": "SUB",
              "grade": 2,
              "color": "GREY",
              "scale": 3,
              "abilityScriptList": [
                {
                  "scriptName": "SuperCoin"
                }
              ]
            }
          ]
        },
        {
          "gaksungLevel": 3,
          "abilityScriptList": [
            {
              "scriptName": "TargetNumAdder1BBOnRC_NONE4"
            },
            {
              "scriptName": "SkillPowerReducerBB2ByBrokenCoinWithLimit8"
            },
            {
              "scriptName": "GiveBuffOnEndSkill",
              "buffData": {
                "buffKeyword": "DragonLance",
                "target": "Self",
                "buffOwner": "",
                "stack": 0,
                "turn": 0,
                "activeRound": 0
              }
            }
          ],
          "coinList": [
            {
              "operatorType": "SUB",
              "grade": 2,
              "color": "GREY",
              "scale": 2,
              "abilityScriptList": [
                {
                  "scriptName": "SuperCoin"
                },
                {
                  "scriptName": "GiveBuffOnSucceedAttack",
                  "buffData": {
                    "buffKeyword": "Burst",
                    "target": "Target",
                    "buffOwner": "",
                    "stack": 0,
                    "turn": 2,
                    "activeRound": 0
                  }
                }
              ]
            },
            {
              "operatorType": "SUB",
              "grade": 2,
              "color": "GREY",
              "scale": 2,
              "abilityScriptList": [
                {
                  "scriptName": "SuperCoin"
                },
                {
                  "scriptName": "GiveBuffOnSucceedAttack",
                  "buffData": {
                    "buffKeyword": "Burst",
                    "target": "Target",
                    "buffOwner": "",
                    "stack": 1,
                    "turn": 0,
                    "activeRound": 0
                  }
                }
              ]
            },
            {
              "operatorType": "SUB",
              "grade": 2,
              "color": "GREY",
              "scale": 2,
              "abilityScriptList": [
                {
                  "scriptName": "SuperCoin"
                },
                {
                  "scriptName": "GiveBuffOnSucceedAttack",
                  "buffData": {
                    "buffKeyword": "Burst",
                    "target": "Target",
                    "buffOwner": "",
                    "stack": 1,
                    "turn": 0,
                    "activeRound": 0
                  }
                }
              ]
            },
            {
              "operatorType": "SUB",
              "grade": 2,
              "color": "GREY",
              "scale": 2,
              "abilityScriptList": [
                {
                  "scriptName": "SuperCoin"
                },
                {
                  "scriptName": "GiveBuffOnSucceedAttack",
                  "buffData": {
                    "buffKeyword": "Burst",
                    "target": "Target",
                    "buffOwner": "",
                    "stack": 1,
                    "turn": 0,
                    "activeRound": 0
                  }
                }
              ]
            }
          ]
        },
        {
          "gaksungLevel": 4,
          "abilityScriptList": [
            {
              "scriptName": "TargetNumAdder1BBOnRC_NONE4"
            },
            {
              "scriptName": "TargetNumAdder1BBOnRC_NONE6"
            },
            {
              "scriptName": "SkillPowerReducerBB2ByBrokenCoinWithLimit8"
            },
            {
              "scriptName": "GiveBuffOnEndSkill",
              "buffData": {
                "buffKeyword": "DragonLance",
                "target": "Self",
                "buffOwner": "",
                "stack": 0,
                "turn": 0,
                "activeRound": 0
              }
            }
          ],
          "coinList": [
            {
              "operatorType": "SUB",
              "grade": 2,
              "color": "GREY",
              "scale": 2,
              "abilityScriptList": [
                {
                  "scriptName": "SuperCoin"
                },
                {
                  "scriptName": "GiveBuffOnSucceedAttack",
                  "buffData": {
                    "buffKeyword": "Burst",
                    "target": "Target",
                    "buffOwner": "",
                    "stack": 0,
                    "turn": 2,
                    "activeRound": 0
                  }
                }
              ]
            },
            {
              "operatorType": "SUB",
              "grade": 2,
              "color": "GREY",
              "scale": 2,
              "abilityScriptList": [
                {
                  "scriptName": "SuperCoin"
                },
                {
                  "scriptName": "GiveBuffOnSucceedAttack",
                  "buffData": {
                    "buffKeyword": "Burst",
                    "target": "Target",
                    "buffOwner": "",
                    "stack": 1,
                    "turn": 0,
                    "activeRound": 0
                  }
                }
              ]
            },
            {
              "operatorType": "SUB",
              "grade": 2,
              "color": "GREY",
              "scale": 2,
              "abilityScriptList": [
                {
                  "scriptName": "SuperCoin"
                },
                {
                  "scriptName": "GiveBuffOnSucceedAttack",
                  "buffData": {
                    "buffKeyword": "Burst",
                    "target": "Target",
                    "buffOwner": "",
                    "stack": 1,
                    "turn": 0,
                    "activeRound": 0
                  }
                }
              ]
            },
            {
              "operatorType": "SUB",
              "grade": 2,
              "color": "GREY",
              "scale": 2,
              "abilityScriptList": [
                {
                  "scriptName": "SuperCoin"
                },
                {
                  "scriptName": "GiveBuffOnSucceedAttack",
                  "buffData": {
                    "buffKeyword": "Burst",
                    "target": "Target",
                    "buffOwner": "",
                    "stack": 2,
                    "turn": 0,
                    "activeRound": 0
                  }
                }
              ]
            }
          ]
        }
      ]
    },
    {
      "id": 2100811,
      "skillType": "EGO_AWAKEN",
      "skillTier": 3,
      "requireIDList": [],
      "skillData": [
        {
          "gaksungLevel": 1,
          "attributeType": "SHAMROCK",
          "atkType": "PENETRATE",
          "defType": "ATTACK",
          "skillTargetType": "FRONT",
          "targetNum": 5,
          "mpUsage": 10,
          "skillLevelCorrection": 0,
          "defaultValue": 8,
          "canTeamKill": false,
          "canDuel": true,
          "canChangeTarget": true,
          "skillMotion": "Default",
          "viewType": "SKILL",
          "parryingCloseType": "NEAR",
          "abilityScriptList": [
            {
              "scriptName": "GiveBuffOnBattleStart",
              "buffData": {
                "buffKeyword": "YesdragonNodie",
                "target": "Self",
                "stack": 1,
                "turn": 0,
                "activeRound": 0
              }
            },
            {
              "scriptName": "GiveBuffBeforeAttackAddStackByShamrockResonanceDevideByValue",
              "buffData": {
                "buffKeyword": "YesdragonSelf",
                "target": "Self",
                "stack": 0,
                "turn": 0,
                "activeRound": 0,
                "value": 1,
                "limit": 5
              }
            },
            {
              "scriptName": "TakeHpDmgByBuff21008",
              "buffData": {
                "buffKeyword": "YesdragonSelf",
                "target": "Self",
                "value": 2
              }
            },
            {
              "scriptName": "AfterEndAttackTakeMpDmgOnRoundEnd10For3Round"
            }
          ],
          "coinList": [
            {
              "operatorType": "ADD",
              "scale": 6,
              "abilityScriptList": [
                {
                  "scriptName": "GiveBuffOnSucceedAttack",
                  "buffData": {
                    "buffKeyword": "Burst",
                    "target": "Target",
                    "buffOwner": "",
                    "stack": 0,
                    "turn": 1,
                    "activeRound": 0
                  }
                }
              ]
            },
            {
              "operatorType": "ADD",
              "scale": 6,
              "abilityScriptList": [
                {
                  "scriptName": "GiveBuffOnSucceedAttack",
                  "buffData": {
                    "buffKeyword": "Burst",
                    "target": "Target",
                    "buffOwner": "",
                    "stack": 2,
                    "turn": 0,
                    "activeRound": 0
                  }
                },
                {
                  "scriptName": "Reroll21008",
                  "buffData": {
                    "buffKeyword": "YesdragonSelf",
                    "target": "",
                    "buffOwner": "Self",
                    "stack": 20,
                    "turn": 0,
                    "activeRound": 0,
                    "value": 0.3,
                    "limit": 1
                  }
                },
                {
                  "scriptName": "OnSucceedAttackReroll21008",
                  "turnLimit": 1,
                  "value": 0.2
                }
              ]
            }
          ]
        },
        {
          "gaksungLevel": 3,
          "abilityScriptList": [
            {
              "scriptName": "CoinScaleAdderViaBuffCheck",
              "buffData": {
                "buffKeyword": "YesdragonSelf",
                "target": "",
                "buffOwner": "Self",
                "stack": 6,
                "turn": 0,
                "activeRound": 0,
                "value": 1
              }
            },
            {
              "scriptName": "GiveBuffOnBattleStart",
              "buffData": {
                "buffKeyword": "YesdragonNodie",
                "target": "Self",
                "stack": 1,
                "turn": 0,
                "activeRound": 0
              }
            },
            {
              "scriptName": "GiveBuffBeforeAttackAddStackByShamrockResonanceDevideByValue",
              "buffData": {
                "buffKeyword": "YesdragonSelf",
                "target": "Self",
                "stack": 0,
                "turn": 0,
                "activeRound": 0,
                "value": 1,
                "limit": 5
              }
            },
            {
              "scriptName": "TakeHpDmgByBuff21008",
              "buffData": {
                "buffKeyword": "YesdragonSelf",
                "target": "Self",
                "value": 2
              }
            },
            {
              "scriptName": "AfterEndAttackTakeMpDmgOnRoundEnd10For3Round"
            }
          ],
          "coinList": [
            {
              "operatorType": "ADD",
              "scale": 6,
              "abilityScriptList": [
                {
                  "scriptName": "GiveBuffOnSucceedAttack",
                  "buffData": {
                    "buffKeyword": "Burst",
                    "target": "Target",
                    "buffOwner": "",
                    "stack": 0,
                    "turn": 1,
                    "activeRound": 0
                  }
                }
              ]
            },
            {
              "operatorType": "ADD",
              "scale": 6,
              "abilityScriptList": [
                {
                  "scriptName": "GiveBuffOnSucceedAttack",
                  "buffData": {
                    "buffKeyword": "Burst",
                    "target": "Target",
                    "buffOwner": "",
                    "stack": 3,
                    "turn": 0,
                    "activeRound": 0
                  }
                },
                {
                  "scriptName": "Reroll21008",
                  "buffData": {
                    "buffKeyword": "YesdragonSelf",
                    "target": "",
                    "buffOwner": "Self",
                    "stack": 20,
                    "turn": 0,
                    "activeRound": 0,
                    "value": 0.3,
                    "limit": 1
                  }
                },
                {
                  "scriptName": "OnSucceedAttackReroll21008",
                  "turnLimit": 1,
                  "value": 0.2
                }
              ]
            }
          ]
        },
        {
          "gaksungLevel": 4,
          "abilityScriptList": [
            {
              "scriptName": "CoinScaleAdderViaBuffCheckDevideByStack",
              "buffData": {
                "buffKeyword": "YesdragonSelf",
                "target": "",
                "buffOwner": "Self",
                "stack": 6,
                "turn": 0,
                "activeRound": 0,
                "value": 1
              }
            },
            {
              "scriptName": "GiveBuffOnBattleStart",
              "buffData": {
                "buffKeyword": "YesdragonNodie",
                "target": "Self",
                "stack": 1,
                "turn": 0,
                "activeRound": 0
              }
            },
            {
              "scriptName": "GiveBuffBeforeAttackAddStackByShamrockResonanceDevideByValue",
              "buffData": {
                "buffKeyword": "YesdragonSelf",
                "target": "Self",
                "stack": 0,
                "turn": 0,
                "activeRound": 0,
                "value": 1,
                "limit": 5
              }
            },
            {
              "scriptName": "TakeHpDmgByBuff21008",
              "buffData": {
                "buffKeyword": "YesdragonSelf",
                "target": "Self",
                "value": 2
              }
            },
            {
              "scriptName": "AfterEndAttackTakeMpDmgOnRoundEnd10For3Round"
            }
          ],
          "coinList": [
            {
              "operatorType": "ADD",
              "scale": 6,
              "abilityScriptList": [
                {
                  "scriptName": "GiveBuffOnSucceedAttack",
                  "buffData": {
                    "buffKeyword": "Burst",
                    "target": "Target",
                    "buffOwner": "",
                    "stack": 0,
                    "turn": 1,
                    "activeRound": 0
                  }
                }
              ]
            },
            {
              "operatorType": "ADD",
              "scale": 6,
              "abilityScriptList": [
                {
                  "scriptName": "AttackDmgUpByRatioByLostHpRatioSelfWithMax400",
                  "value": 0.005
                },
                {
                  "scriptName": "GiveBuffOnSucceedAttack",
                  "buffData": {
                    "buffKeyword": "Burst",
                    "target": "Target",
                    "buffOwner": "",
                    "stack": 3,
                    "turn": 0,
                    "activeRound": 0
                  }
                },
                {
                  "scriptName": "Reroll21008",
                  "buffData": {
                    "buffKeyword": "YesdragonSelf",
                    "target": "",
                    "buffOwner": "Self",
                    "stack": 20,
                    "turn": 0,
                    "activeRound": 0,
                    "value": 0.3,
                    "limit": 1
                  }
                },
                {
                  "scriptName": "OnSucceedAttackReroll21008",
                  "turnLimit": 1,
                  "value": 0.2
                }
              ]
            }
          ]
        }
      ]
    },
    {
      "id": 2100821,
      "skillType": "EGO_EROSION",
      "skillTier": 3,
      "requireIDList": [],
      "skillData": [
        {
          "gaksungLevel": 1,
          "attributeType": "SHAMROCK",
          "atkType": "PENETRATE",
          "defType": "ATTACK",
          "skillTargetType": "RANDOM",
          "targetNum": 7,
          "mpUsage": 20,
          "skillLevelCorrection": 2,
          "defaultValue": 20,
          "canTeamKill": true,
          "canDuel": true,
          "canChangeTarget": true,
          "skillMotion": "Default",
          "viewType": "SKILL",
          "parryingCloseType": "NEAR",
          "abilityScriptList": [
            {
              "scriptName": "GiveBuffOnBattleStart",
              "buffData": {
                "buffKeyword": "YesdragonNodie",
                "target": "Self",
                "stack": 1,
                "turn": 0,
                "activeRound": 0
              }
            },
            {
              "scriptName": "GiveBuffBeforeAttackAddStackByShamrockResonanceDevideByValue",
              "buffData": {
                "buffKeyword": "YesdragonSelf",
                "target": "Self",
                "stack": 4,
                "turn": 0,
                "activeRound": 0,
                "value": 1,
                "limit": 10
              }
            },
            {
              "scriptName": "TakeHpDmgByBuff21008",
              "buffData": {
                "buffKeyword": "YesdragonSelf",
                "target": "Self",
                "value": 2
              }
            }
          ],
          "coinList": [
            {
              "operatorType": "SUB",
              "scale": 8,
              "abilityScriptList": [
                {
                  "scriptName": "GiveBuffOnSucceedAttack",
                  "buffData": {
                    "buffKeyword": "Burst",
                    "target": "Target",
                    "buffOwner": "",
                    "stack": 0,
                    "turn": 1,
                    "activeRound": 0
                  }
                },
                {
                  "scriptName": "GiveBuffOnSucceedAttack",
                  "buffData": {
                    "buffKeyword": "Burst",
                    "target": "Target",
                    "buffOwner": "",
                    "stack": 2,
                    "turn": 0,
                    "activeRound": 0
                  }
                }
              ]
            },
            {
              "operatorType": "SUB",
              "scale": 8,
              "abilityScriptList": [
                {
                  "scriptName": "Reroll21008",
                  "buffData": {
                    "buffKeyword": "YesdragonSelf",
                    "target": "",
                    "buffOwner": "Self",
                    "stack": 20,
                    "turn": 0,
                    "activeRound": 0,
                    "value": 0.3,
                    "limit": 1
                  }
                },
                {
                  "scriptName": "OnSucceedAttackReroll21008",
                  "turnLimit": 1,
                  "value": 0.2
                }
              ]
            }
          ]
        },
        {
          "gaksungLevel": 3,
          "abilityScriptList": [
            {
              "scriptName": "SkillPowerAdderViaBuffCheck",
              "buffData": {
                "buffKeyword": "YesdragonSelf",
                "target": "",
                "buffOwner": "Self",
                "stack": 10,
                "turn": 0,
                "activeRound": 0,
                "value": 1
              }
            },
            {
              "scriptName": "GiveBuffOnBattleStart",
              "buffData": {
                "buffKeyword": "YesdragonNodie",
                "target": "Self",
                "stack": 1,
                "turn": 0,
                "activeRound": 0
              }
            },
            {
              "scriptName": "GiveBuffBeforeAttackAddStackByShamrockResonanceDevideByValue",
              "buffData": {
                "buffKeyword": "YesdragonSelf",
                "target": "Self",
                "stack": 4,
                "turn": 0,
                "activeRound": 0,
                "value": 1,
                "limit": 10
              }
            },
            {
              "scriptName": "TakeHpDmgByBuff21008",
              "buffData": {
                "buffKeyword": "YesdragonSelf",
                "target": "Self",
                "value": 2
              }
            }
          ],
          "coinList": [
            {
              "operatorType": "SUB",
              "scale": 8,
              "abilityScriptList": [
                {
                  "scriptName": "GiveBuffOnSucceedAttack",
                  "buffData": {
                    "buffKeyword": "Burst",
                    "target": "Target",
                    "buffOwner": "",
                    "stack": 0,
                    "turn": 1,
                    "activeRound": 0
                  }
                },
                {
                  "scriptName": "GiveBuffOnSucceedAttack",
                  "buffData": {
                    "buffKeyword": "Burst",
                    "target": "Target",
                    "buffOwner": "",
                    "stack": 3,
                    "turn": 0,
                    "activeRound": 0
                  }
                }
              ]
            },
            {
              "operatorType": "SUB",
              "scale": 8,
              "abilityScriptList": [
                {
                  "scriptName": "Reroll21008",
                  "buffData": {
                    "buffKeyword": "YesdragonSelf",
                    "target": "",
                    "buffOwner": "Self",
                    "stack": 20,
                    "turn": 0,
                    "activeRound": 0,
                    "value": 0.3,
                    "limit": 1
                  }
                },
                {
                  "scriptName": "OnSucceedAttackReroll21008",
                  "turnLimit": 1,
                  "value": 0.2
                }
              ]
            }
          ]
        },
        {
          "gaksungLevel": 4,
          "abilityScriptList": [
            {
              "scriptName": "SkillPowerAdderViaBuffDevide",
              "buffData": {
                "buffKeyword": "YesdragonSelf",
                "target": "",
                "buffOwner": "Self",
                "stack": 10,
                "turn": 0,
                "activeRound": 0,
                "value": 1
              }
            },
            {
              "scriptName": "GiveBuffOnBattleStart",
              "buffData": {
                "buffKeyword": "YesdragonNodie",
                "target": "Self",
                "stack": 1,
                "turn": 0,
                "activeRound": 0
              }
            },
            {
              "scriptName": "GiveBuffBeforeAttackAddStackByShamrockResonanceDevideByValue",
              "buffData": {
                "buffKeyword": "YesdragonSelf",
                "target": "Self",
                "stack": 4,
                "turn": 0,
                "activeRound": 0,
                "value": 1,
                "limit": 10
              }
            },
            {
              "scriptName": "TakeHpDmgByBuff21008",
              "buffData": {
                "buffKeyword": "YesdragonSelf",
                "target": "Self",
                "value": 2
              }
            }
          ],
          "coinList": [
            {
              "operatorType": "SUB",
              "scale": 8,
              "abilityScriptList": [
                {
                  "scriptName": "GiveBuffOnSucceedAttack",
                  "buffData": {
                    "buffKeyword": "Burst",
                    "target": "Target",
                    "buffOwner": "",
                    "stack": 0,
                    "turn": 1,
                    "activeRound": 0
                  }
                },
                {
                  "scriptName": "GiveBuffOnSucceedAttack",
                  "buffData": {
                    "buffKeyword": "Burst",
                    "target": "Target",
                    "buffOwner": "",
                    "stack": 3,
                    "turn": 0,
                    "activeRound": 0
                  }
                }
              ]
            },
            {
              "operatorType": "SUB",
              "scale": 8,
              "abilityScriptList": [
                {
                  "scriptName": "AttackDmgUpByRatioByLostHpRatioSelfWithMax400",
                  "value": 0.005
                },
                {
                  "scriptName": "Reroll21008",
                  "buffData": {
                    "buffKeyword": "YesdragonSelf",
                    "target": "",
                    "buffOwner": "Self",
                    "stack": 20,
                    "turn": 0,
                    "activeRound": 0,
                    "value": 0.3,
                    "limit": 1
                  }
                },
                {
                  "scriptName": "OnSucceedAttackReroll21008",
                  "turnLimit": 1,
                  "value": 0.2
                }
              ]
            }
          ]
        }
      ]
    }
  ]
}