{
  "list": [
    {
      "id": 2020111,
      "skillType": "EGO_AWAKEN",
      "skillTier": 3,
      "requireIDList": [],
      "skillData": [
        {
          "gaksungLevel": 1,
          "attributeType": "INDIGO",
          "atkType": "HIT",
          "defType": "ATTACK",
          "skillTargetType": "FRONT",
          "targetNum": 3,
          "mpUsage": 20,
          "skillLevelCorrection": -3,
          "defaultValue": 15,
          "canTeamKill": false,
          "canDuel": true,
          "canChangeTarget": true,
          "abilityScriptList": [
            {
              "scriptName": "HealMpOnEndSkill8LeastMpAlly4"
            }
          ],
          "actionScript": "2020121",
          "skillMotion": "Default",
          "viewType": "SKILL",
          "parryingCloseType": "NEAR",
          "coinList": [
            {
              "operatorType": "ADD",
              "scale": 4
            }
          ]
        },
        {
          "gaksungLevel": 3,
          "defaultValue": 19,
          "abilityScriptList": [
            {
              "scriptName": "HealMpOnEndSkill10LeastMpAlly4"
            }
          ],
          "coinList": [
            {
              "operatorType": "ADD",
              "scale": 4
            }
          ]
        },
        {
          "gaksungLevel": 4,
          "abilityScriptList": [
            {
              "scriptName": "HealMpOnEndSkill12LeastMpAlly4"
            }
          ],
          "coinList": [
            {
              "operatorType": "ADD",
              "scale": 4
            }
          ]
        }
      ]
    },
    {
      "id": 2020211,
      "skillType": "EGO_AWAKEN",
      "skillTier": 3,
      "requireIDList": [],
      "skillData": [
        {
          "gaksungLevel": 1,
          "attributeType": "AZURE",
          "atkType": "HIT",
          "defType": "ATTACK",
          "skillTargetType": "FRONT",
          "targetNum": 5,
          "mpUsage": 20,
          "skillLevelCorrection": -1,
          "defaultValue": 14,
          "canTeamKill": false,
          "canDuel": true,
          "canChangeTarget": true,
          "actionScript": "2020221",
          "skillMotion": "Default",
          "viewType": "SKILL",
          "parryingCloseType": "NEAR",
          "coinList": [
            {
              "operatorType": "ADD",
              "scale": 8,
              "abilityScriptList": [
                {
                  "scriptName": "HealMpOnEndCoinEveryAlly10"
                },
                {
                  "scriptName": "HealHpOnEndCoinEveryAllyByRatio10"
                }
              ]
            }
          ]
        },
        {
          "gaksungLevel": 3,
          "defaultValue": 16,
          "coinList": [
            {
              "operatorType": "ADD",
              "scale": 8,
              "abilityScriptList": [
                {
                  "scriptName": "HealMpOnEndCoinEveryAlly15"
                },
                {
                  "scriptName": "HealHpOnEndCoinEveryAllyByRatio15"
                }
              ]
            }
          ]
        },
        {
          "gaksungLevel": 4,
          "coinList": [
            {
              "operatorType": "ADD",
              "scale": 8,
              "abilityScriptList": [
                {
                  "scriptName": "HealMpOnEndCoinEveryAlly15"
                },
                {
                  "scriptName": "HealHpOnEndCoinEveryAllyByRatio15"
                },
                {
                  "scriptName": "HealMpOnEndCoinHeadEveryAlly10"
                }
              ]
            }
          ]
        }
      ]
    },
    {
      "id": 2020221,
      "skillType": "EGO_EROSION",
      "skillTier": 3,
      "requireIDList": [],
      "skillData": [
        {
          "gaksungLevel": 1,
          "attributeType": "AZURE",
          "atkType": "HIT",
          "defType": "ATTACK",
          "skillTargetType": "RANDOM",
          "targetNum": 5,
          "mpUsage": 20,
          "skillLevelCorrection": -1,
          "defaultValue": 27,
          "canTeamKill": true,
          "canDuel": true,
          "canChangeTarget": true,
          "actionScript": "2020222",
          "skillMotion": "Default",
          "viewType": "SKILL",
          "parryingCloseType": "NEAR",
          "coinList": [
            {
              "operatorType": "SUB",
              "scale": 14,
              "abilityScriptList": [
                {
                  "scriptName": "GiveMpDmgOnSucceedAttackTarget10"
                },
                {
                  "scriptName": "GiveBuffOnSucceedAttack",
                  "buffData": {
                    "buffKeyword": "Reduction",
                    "target": "Target",
                    "buffOwner": "",
                    "stack": 1,
                    "turn": 0,
                    "activeRound": 1
                  }
                }
              ]
            }
          ]
        },
        {
          "gaksungLevel": 3,
          "defaultValue": 29,
          "coinList": [
            {
              "operatorType": "SUB",
              "scale": 14,
              "abilityScriptList": [
                {
                  "scriptName": "GiveMpDmgOnSucceedAttackTarget20"
                },
                {
                  "scriptName": "GiveBuffOnSucceedAttack",
                  "buffData": {
                    "buffKeyword": "Reduction",
                    "target": "Target",
                    "buffOwner": "",
                    "stack": 2,
                    "turn": 0,
                    "activeRound": 1
                  }
                }
              ]
            }
          ]
        },
        {
          "gaksungLevel": 4,
          "coinList": [
            {
              "operatorType": "SUB",
              "scale": 14,
              "abilityScriptList": [
                {
                  "scriptName": "GiveMpDmgOnSucceedAttackTarget20"
                },
                {
                  "scriptName": "GiveMpDmgOnSucceedAttackTailTarget10"
                },
                {
                  "scriptName": "GiveBuffOnSucceedAttack",
                  "buffData": {
                    "buffKeyword": "Reduction",
                    "target": "Target",
                    "buffOwner": "",
                    "stack": 2,
                    "turn": 0,
                    "activeRound": 1
                  }
                }
              ]
            }
          ]
        }
      ]
    },
    {
      "id": 2020311,
      "skillType": "EGO_AWAKEN",
      "skillTier": 3,
      "requireIDList": [],
      "skillData": [
        {
          "gaksungLevel": 1,
          "attributeType": "VIOLET",
          "atkType": "PENETRATE",
          "defType": "ATTACK",
          "skillTargetType": "FRONT",
          "targetNum": 1,
          "mpUsage": 20,
          "skillLevelCorrection": 0,
          "defaultValue": 14,
          "canTeamKill": false,
          "canDuel": true,
          "canChangeTarget": true,
          "skillMotion": "Default",
          "viewType": "SKILL",
          "parryingCloseType": "NEAR",
          "coinList": [
            {
              "operatorType": "ADD",
              "scale": 10,
              "abilityScriptList": [
                {
                  "scriptName": "GiveBuffOnSucceedAttack",
                  "buffData": {
                    "buffKeyword": "PenetrateTakeDamageUp",
                    "target": "Target",
                    "buffOwner": "",
                    "stack": 1,
                    "turn": 0,
                    "activeRound": 0
                  }
                },
                {
                  "scriptName": "GiveBuffOnSucceedAttack",
                  "buffData": {
                    "buffKeyword": "VioletTakeDamageUp",
                    "target": "Target",
                    "buffOwner": "",
                    "stack": 1,
                    "turn": 0,
                    "activeRound": 0
                  }
                }
              ]
            }
          ]
        },
        {
          "gaksungLevel": 3,
          "defaultValue": 16,
          "coinList": [
            {
              "operatorType": "ADD",
              "scale": 10,
              "abilityScriptList": [
                {
                  "scriptName": "GiveBuffOnSucceedAttack",
                  "buffData": {
                    "buffKeyword": "PenetrateTakeDamageUp",
                    "target": "Target",
                    "buffOwner": "",
                    "stack": 3,
                    "turn": 0,
                    "activeRound": 0
                  }
                },
                {
                  "scriptName": "GiveBuffOnSucceedAttack",
                  "buffData": {
                    "buffKeyword": "VioletTakeDamageUp",
                    "target": "Target",
                    "buffOwner": "",
                    "stack": 1,
                    "turn": 0,
                    "activeRound": 0
                  }
                },
                {
                  "scriptName": "GiveBuffOnSucceedAttackHead",
                  "buffData": {
                    "buffKeyword": "Curse",
                    "target": "Target",
                    "buffOwner": "",
                    "stack": 3,
                    "turn": 0,
                    "activeRound": 0
                  }
                }
              ]
            }
          ]
        },
        {
          "gaksungLevel": 4,
          "coinList": [
            {
              "operatorType": "ADD",
              "scale": 10,
              "abilityScriptList": [
                {
                  "scriptName": "GiveBuffOnSucceedAttack",
                  "buffData": {
                    "buffKeyword": "PenetrateTakeDamageUp",
                    "target": "Target",
                    "buffOwner": "",
                    "stack": 3,
                    "turn": 0,
                    "activeRound": 0
                  }
                },
                {
                  "scriptName": "GiveBuffOnSucceedAttack",
                  "buffData": {
                    "buffKeyword": "VioletTakeDamageUp",
                    "target": "Target",
                    "buffOwner": "",
                    "stack": 1,
                    "turn": 0,
                    "activeRound": 0
                  }
                },
                {
                  "scriptName": "GiveBuffOnSucceedAttackHead",
                  "buffData": {
                    "buffKeyword": "Curse",
                    "target": "Target",
                    "buffOwner": "",
                    "stack": 3,
                    "turn": 0,
                    "activeRound": 0
                  }
                },
                {
                  "scriptName": "GiveBuffOnSucceedAttackHead",
                  "buffData": {
                    "buffKeyword": "NailPersonality",
                    "target": "Target",
                    "buffOwner": "",
                    "stack": 3,
                    "turn": 0,
                    "activeRound": 0
                  }
                },
                {
                  "scriptName": "DmgUpByBuff",
                  "buffData": {
                    "buffKeyword": "Curse",
                    "target": "",
                    "buffOwner": "Target",
                    "stack": 1,
                    "turn": 0,
                    "activeRound": 0,
                    "value": 0.5
                  }
                }
              ]
            }
          ]
        }
      ]
    },
    {
      "id": 2020321,
      "skillType": "EGO_EROSION",
      "skillTier": 3,
      "requireIDList": [],
      "skillData": [
        {
          "gaksungLevel": 1,
          "attributeType": "VIOLET",
          "atkType": "PENETRATE",
          "defType": "ATTACK",
          "skillTargetType": "RANDOM",
          "targetNum": 1,
          "mpUsage": 20,
          "skillLevelCorrection": 0,
          "defaultValue": 18,
          "canTeamKill": true,
          "canDuel": true,
          "canChangeTarget": true,
          "skillMotion": "Default",
          "viewType": "SKILL",
          "parryingCloseType": "NEAR",
          "coinList": [
            {
              "operatorType": "ADD",
              "scale": 4,
              "abilityScriptList": [
                {
                  "scriptName": "GiveBuffOnSucceedAttack",
                  "buffData": {
                    "buffKeyword": "PenetrateTakeDamageUp",
                    "target": "Target",
                    "buffOwner": "",
                    "stack": 1,
                    "turn": 0,
                    "activeRound": 0
                  }
                },
                {
                  "scriptName": "GiveBuffOnSucceedAttack",
                  "buffData": {
                    "buffKeyword": "VioletTakeDamageUp",
                    "target": "Target",
                    "buffOwner": "",
                    "stack": 1,
                    "turn": 0,
                    "activeRound": 0
                  }
                }
              ]
            }
          ]
        },
        {
          "gaksungLevel": 3,
          "defaultValue": 20,
          "coinList": [
            {
              "operatorType": "ADD",
              "scale": 4,
              "abilityScriptList": [
                {
                  "scriptName": "GiveBuffOnSucceedAttack",
                  "buffData": {
                    "buffKeyword": "PenetrateTakeDamageUp",
                    "target": "Target",
                    "buffOwner": "",
                    "stack": 1,
                    "turn": 0,
                    "activeRound": 0
                  }
                },
                {
                  "scriptName": "GiveBuffOnSucceedAttack",
                  "buffData": {
                    "buffKeyword": "VioletTakeDamageUp",
                    "target": "Target",
                    "buffOwner": "",
                    "stack": 3,
                    "turn": 0,
                    "activeRound": 0
                  }
                },
                {
                  "scriptName": "GiveBuffOnSucceedAttack",
                  "buffData": {
                    "buffKeyword": "Curse",
                    "target": "Target",
                    "buffOwner": "",
                    "stack": 3,
                    "turn": 0,
                    "activeRound": 0
                  }
                }
              ]
            }
          ]
        },
        {
          "gaksungLevel": 4,
          "coinList": [
            {
              "operatorType": "ADD",
              "scale": 4,
              "abilityScriptList": [
                {
                  "scriptName": "GiveBuffOnSucceedAttack",
                  "buffData": {
                    "buffKeyword": "PenetrateTakeDamageUp",
                    "target": "Target",
                    "buffOwner": "",
                    "stack": 1,
                    "turn": 0,
                    "activeRound": 0
                  }
                },
                {
                  "scriptName": "GiveBuffOnSucceedAttack",
                  "buffData": {
                    "buffKeyword": "VioletTakeDamageUp",
                    "target": "Target",
                    "buffOwner": "",
                    "stack": 3,
                    "turn": 0,
                    "activeRound": 0
                  }
                },
                {
                  "scriptName": "GiveBuffOnSucceedAttack",
                  "buffData": {
                    "buffKeyword": "Curse",
                    "target": "Target",
                    "buffOwner": "",
                    "stack": 3,
                    "turn": 0,
                    "activeRound": 0
                  }
                },
                {
                  "scriptName": "GiveBuffOnSucceedAttack",
                  "buffData": {
                    "buffKeyword": "NailPersonality",
                    "target": "Target",
                    "buffOwner": "",
                    "stack": 3,
                    "turn": 0,
                    "activeRound": 0
                  }
                },
                {
                  "scriptName": "DmgUpByBuff",
                  "buffData": {
                    "buffKeyword": "Curse",
                    "target": "",
                    "buffOwner": "Target",
                    "stack": 1,
                    "turn": 0,
                    "activeRound": 0,
                    "value": 0.5
                  }
                }
              ]
            }
          ]
        }
      ]
    },
    {
      "id": 2020411,
      "skillType": "EGO_AWAKEN",
      "skillTier": 3,
      "requireIDList": [],
      "skillData": [
        {
          "gaksungLevel": 1,
          "attributeType": "VIOLET",
          "atkType": "PENETRATE",
          "defType": "ATTACK",
          "skillTargetType": "FRONT",
          "targetNum": 1,
          "mpUsage": 20,
          "skillLevelCorrection": 2,
          "defaultValue": 20,
          "canTeamKill": false,
          "canDuel": true,
          "canChangeTarget": true,
          "skillMotion": "Default",
          "viewType": "SKILL",
          "parryingCloseType": "NEAR",
          "coinList": [
            {
              "operatorType": "ADD",
              "scale": 6,
              "abilityScriptList": [
                {
                  "scriptName": "GiveBuffOnSucceedAttack",
                  "buffData": {
                    "buffKeyword": "Paralysis",
                    "target": "Target",
                    "buffOwner": "",
                    "stack": 3,
                    "turn": 0,
                    "activeRound": 0
                  }
                },
                {
                  "scriptName": "GiveBuffOnSucceedAttack",
                  "buffData": {
                    "buffKeyword": "Charge",
                    "target": "Self",
                    "buffOwner": "",
                    "stack": 0,
                    "turn": 5,
                    "activeRound": 0
                  }
                }
              ]
            }
          ]
        },
        {
          "gaksungLevel": 3,
          "defaultValue": 22,
          "coinList": [
            {
              "operatorType": "ADD",
              "scale": 6,
              "abilityScriptList": [
                {
                  "scriptName": "GiveBuffOnSucceedAttack",
                  "buffData": {
                    "buffKeyword": "Paralysis",
                    "target": "Target",
                    "buffOwner": "",
                    "stack": 3,
                    "turn": 0,
                    "activeRound": 0
                  }
                },
                {
                  "scriptName": "GiveBuffOnSucceedAttack",
                  "buffData": {
                    "buffKeyword": "Charge",
                    "target": "Self",
                    "buffOwner": "",
                    "stack": 0,
                    "turn": 7,
                    "activeRound": 0
                  }
                },
                {
                  "scriptName": "2020411_1_gaksung"
                }
              ]
            }
          ]
        },
        {
          "gaksungLevel": 4,
          "targetNum": 3,
          "coinList": [
            {
              "operatorType": "ADD",
              "scale": 6,
              "abilityScriptList": [
                {
                  "scriptName": "GiveBuffOnSucceedAttack",
                  "buffData": {
                    "buffKeyword": "Paralysis",
                    "target": "Target",
                    "buffOwner": "",
                    "stack": 3,
                    "turn": 0,
                    "activeRound": 0
                  }
                },
                {
                  "scriptName": "GiveBuffOnEndCoin",
                  "buffData": {
                    "buffKeyword": "Charge",
                    "target": "Self",
                    "buffOwner": "",
                    "stack": 0,
                    "turn": 7,
                    "activeRound": 0
                  }
                },
                {
                  "scriptName": "2020411_1_gaksung4th"
                },
                {
                  "scriptName": "GiveBuffOnEndCoinHead",
                  "buffData": {
                    "buffKeyword": "Charge",
                    "target": "Self",
                    "buffOwner": "",
                    "stack": 0,
                    "turn": 3,
                    "activeRound": 0
                  }
                }
              ]
            }
          ]
        }
      ]
    },
    {
      "id": 2020421,
      "skillType": "EGO_EROSION",
      "skillTier": 3,
      "requireIDList": [],
      "skillData": [
        {
          "gaksungLevel": 1,
          "attributeType": "VIOLET",
          "atkType": "PENETRATE",
          "defType": "ATTACK",
          "skillTargetType": "RANDOM",
          "targetNum": 1,
          "mpUsage": 20,
          "skillLevelCorrection": 2,
          "defaultValue": 22,
          "canTeamKill": true,
          "canDuel": true,
          "canChangeTarget": true,
          "skillMotion": "Default",
          "viewType": "SKILL",
          "parryingCloseType": "NEAR",
          "coinList": [
            {
              "operatorType": "ADD",
              "scale": 10,
              "abilityScriptList": [
                {
                  "scriptName": "GiveBuffOnSucceedAttack",
                  "buffData": {
                    "buffKeyword": "Paralysis",
                    "target": "Target",
                    "buffOwner": "",
                    "stack": 5,
                    "turn": 0,
                    "activeRound": 0
                  }
                },
                {
                  "scriptName": "GiveBuffOnSucceedAttack",
                  "buffData": {
                    "buffKeyword": "Charge",
                    "target": "Self",
                    "buffOwner": "",
                    "stack": 0,
                    "turn": 7,
                    "activeRound": 0
                  }
                }
              ]
            }
          ]
        },
        {
          "gaksungLevel": 3,
          "defaultValue": 24,
          "coinList": [
            {
              "operatorType": "ADD",
              "scale": 10,
              "abilityScriptList": [
                {
                  "scriptName": "GiveBuffOnSucceedAttack",
                  "buffData": {
                    "buffKeyword": "Paralysis",
                    "target": "Target",
                    "buffOwner": "",
                    "stack": 5,
                    "turn": 0,
                    "activeRound": 0
                  }
                },
                {
                  "scriptName": "GiveBuffOnSucceedAttack",
                  "buffData": {
                    "buffKeyword": "Charge",
                    "target": "Self",
                    "buffOwner": "",
                    "stack": 0,
                    "turn": 10,
                    "activeRound": 0
                  }
                },
                {
                  "scriptName": "2020421_1_gaksung"
                }
              ]
            }
          ]
        },
        {
          "gaksungLevel": 4,
          "targetNum": 3,
          "coinList": [
            {
              "operatorType": "ADD",
              "scale": 10,
              "abilityScriptList": [
                {
                  "scriptName": "GiveBuffOnSucceedAttack",
                  "buffData": {
                    "buffKeyword": "Paralysis",
                    "target": "Target",
                    "buffOwner": "",
                    "stack": 5,
                    "turn": 0,
                    "activeRound": 0
                  }
                },
                {
                  "scriptName": "GiveBuffOnEndCoin",
                  "buffData": {
                    "buffKeyword": "Charge",
                    "target": "Self",
                    "buffOwner": "",
                    "stack": 0,
                    "turn": 10,
                    "activeRound": 0
                  }
                },
                {
                  "scriptName": "2020421_1_gaksung4th"
                }
              ]
            }
          ]
        }
      ]
    },
    {
      "id": 2020611,
      "skillType": "EGO_AWAKEN",
      "skillTier": 3,
      "requireIDList": [],
      "skillData": [
        {
          "gaksungLevel": 1,
          "attributeType": "AMBER",
          "atkType": "HIT",
          "defType": "ATTACK",
          "skillTargetType": "FRONT",
          "targetNum": 1,
          "mpUsage": 10,
          "skillLevelCorrection": 0,
          "defaultValue": 4,
          "canTeamKill": false,
          "canDuel": true,
          "canChangeTarget": true,
          "skillMotion": "Default",
          "viewType": "SKILL",
          "parryingCloseType": "NEAR",
          "abilityScriptList": [
            {
              "scriptName": "AttackDmgUpByRatio25IfFasterThanMTPerSpeedDiff1WithMax250"
            },
            {
              "scriptName": "2020611",
              "buffData": {
                "buffKeyword": "Vibration",
                "target": "Target",
                "buffOwner": "",
                "stack": 1,
                "turn": 0,
                "activeRound": 0,
                "value": 3,
                "limit": 5
              }
            },
            {
              "scriptName": "FaustSixthEgoMpDmgOnRE10"
            }
          ],
          "coinList": [
            {
              "operatorType": "ADD",
              "scale": 5,
              "abilityScriptList": [
                {
                  "scriptName": "GiveBuffOnSucceedAttack",
                  "buffData": {
                    "buffKeyword": "Vibration",
                    "target": "Target",
                    "buffOwner": "",
                    "stack": 5,
                    "turn": 5,
                    "activeRound": 0
                  }
                },
                {
                  "scriptName": "PileUpVibrationOSA_VibrationNesting",
                  "buffData": {
                    "buffKeyword": "VibrationContinue",
                    "target": "Target",
                    "buffOwner": "Target"
                  }
                }
              ]
            },
            {
              "operatorType": "ADD",
              "scale": 5,
              "abilityScriptList": [
                {
                  "scriptName": "VibrationExplosionOnSucceedAttackThenLoseTargetVibrationTurn1"
                }
              ]
            },
            {
              "operatorType": "ADD",
              "scale": 5,
              "abilityScriptList": [
                {
                  "scriptName": "VibrationExplosionOnSucceedAttackThenLoseTargetVibrationTurn1"
                }
              ]
            },
            {
              "operatorType": "ADD",
              "scale": 5,
              "abilityScriptList": [
                {
                  "scriptName": "VibrationExplosionOnSucceedAttackThenLoseTargetVibrationTurn1"
                },
                {
                  "scriptName": "2020611_4"
                }
              ]
            }
          ]
        },
        {
          "gaksungLevel": 3,
          "abilityScriptList": [
            {
              "scriptName": "AttackDmgUpByRatio35IfFasterThanMTPerSpeedDiff1WithMax350"
            },
            {
              "scriptName": "2020611_gaksung",
              "buffData": {
                "buffKeyword": "Vibration",
                "target": "Target",
                "buffOwner": "",
                "stack": 1,
                "turn": 0,
                "activeRound": 0,
                "value": 3,
                "limit": 5
              }
            },
            {
              "scriptName": "FaustSixthEgoMpDmgOnRE10"
            }
          ]
        },
        {
          "gaksungLevel": 4,
          "abilityScriptList": [
            {
              "scriptName": "AttackDmgUpByRatio50IfFasterThanMTPerSpeedDiff1WithMax500"
            },
            {
              "scriptName": "2020611_gaksung",
              "buffData": {
                "buffKeyword": "Vibration",
                "target": "Target",
                "buffOwner": "",
                "stack": 2,
                "turn": 0,
                "activeRound": 0,
                "value": 3,
                "limit": 10
              }
            },
            {
              "scriptName": "FaustSixthEgoMpDmgOnRE10"
            }
          ],
          "coinList": [
            {
              "operatorType": "ADD",
              "scale": 5,
              "abilityScriptList": [
                {
                  "scriptName": "GiveBuffOnSucceedAttack",
                  "buffData": {
                    "buffKeyword": "Vibration",
                    "target": "Target",
                    "buffOwner": "",
                    "stack": 10,
                    "turn": 10,
                    "activeRound": 0
                  }
                },
                {
                  "scriptName": "PileUpVibrationOSA_VibrationNesting",
                  "buffData": {
                    "buffKeyword": "VibrationContinue",
                    "target": "Target",
                    "buffOwner": "Target"
                  }
                },
                {
                  "scriptName": "VibrationExplosionOnSucceedAttackThenLoseTargetVibrationTurn1"
                }
              ]
            },
            {
              "operatorType": "ADD",
              "scale": 5,
              "abilityScriptList": [
                {
                  "scriptName": "VibrationExplosionOnSucceedAttackThenLoseTargetVibrationTurn1"
                }
              ]
            },
            {
              "operatorType": "ADD",
              "scale": 5,
              "abilityScriptList": [
                {
                  "scriptName": "VibrationExplosionOnSucceedAttackThenLoseTargetVibrationTurn1"
                }
              ]
            },
            {
              "operatorType": "ADD",
              "scale": 5,
              "abilityScriptList": [
                {
                  "scriptName": "VibrationExplosionOnSucceedAttackThenLoseTargetVibrationTurn1"
                },
                {
                  "scriptName": "2020611_4"
                }
              ]
            }
          ]
        }
      ]
    },
    {
      "id": 2020621,
      "skillType": "EGO_EROSION",
      "skillTier": 3,
      "requireIDList": [],
      "skillData": [
        {
          "gaksungLevel": 1,
          "attributeType": "AMBER",
          "atkType": "HIT",
          "defType": "ATTACK",
          "skillTargetType": "RANDOM",
          "targetNum": 3,
          "mpUsage": 40,
          "skillLevelCorrection": 0,
          "defaultValue": 36,
          "canTeamKill": true,
          "canDuel": true,
          "canChangeTarget": true,
          "skillMotion": "Default",
          "viewType": "SKILL",
          "parryingCloseType": "NEAR",
          "abilityScriptList": [
            {
              "scriptName": "AttackDmgUpByRatio15IfFasterThanMTPerSpeedDiff1WithMax120"
            },
            {
              "scriptName": "2020621",
              "buffData": {
                "buffKeyword": "Vibration",
                "target": "Custom",
                "buffOwner": "",
                "stack": 3,
                "turn": 0,
                "activeRound": 0,
                "value": 3
              }
            }
          ],
          "coinList": [
            {
              "operatorType": "SUB",
              "scale": 12,
              "abilityScriptList": [
                {
                  "scriptName": "GiveBuffOnSucceedAttack",
                  "buffData": {
                    "buffKeyword": "Vibration",
                    "target": "Target",
                    "buffOwner": "",
                    "stack": 3,
                    "turn": 3,
                    "activeRound": 0
                  }
                },
                {
                  "scriptName": "PileUpVibrationOSA_VibrationNesting",
                  "buffData": {
                    "buffKeyword": "VibrationContinue",
                    "target": "Target",
                    "buffOwner": "Target"
                  }
                },
                {
                  "scriptName": "VibrationExplosionOnSucceedAttackThenLoseTargetVibrationTurn1"
                },
                {
                  "scriptName": "VibrationExplosionOnSucceedAttack"
                },
                {
                  "scriptName": "2020611_4"
                }
              ]
            }
          ]
        },
        {
          "gaksungLevel": 3,
          "abilityScriptList": [
            {
              "scriptName": "AttackDmgUpByRatio20IfFasterThanMTPerSpeedDiff1WithMax160"
            },
            {
              "scriptName": "2020621_gaksung",
              "buffData": {
                "buffKeyword": "Vibration",
                "target": "Custom",
                "buffOwner": "",
                "stack": 1,
                "turn": 2,
                "activeRound": 0,
                "value": 3,
                "limit": 4
              }
            }
          ]
        },
        {
          "gaksungLevel": 4,
          "abilityScriptList": [
            {
              "scriptName": "AttackDmgUpByRatio25IfFasterThanMTPerSpeedDiff1WithMax200"
            },
            {
              "scriptName": "2020621_gaksung4th",
              "buffData": {
                "buffKeyword": "Vibration",
                "target": "Custom",
                "buffOwner": "",
                "stack": 1,
                "turn": 0,
                "activeRound": 0,
                "value": 3,
                "limit": 5
              }
            }
          ],
          "coinList": [
            {
              "operatorType": "SUB",
              "scale": 12,
              "abilityScriptList": [
                {
                  "scriptName": "GiveBuffOnSucceedAttack",
                  "buffData": {
                    "buffKeyword": "Vibration",
                    "target": "Target",
                    "buffOwner": "",
                    "stack": 5,
                    "turn": 5,
                    "activeRound": 0
                  }
                },
                {
                  "scriptName": "PileUpVibrationOSA_VibrationNesting",
                  "buffData": {
                    "buffKeyword": "VibrationContinue",
                    "target": "Target",
                    "buffOwner": "Target"
                  }
                },
                {
                  "scriptName": "VibrationExplosionOnSucceedAttackThenLoseTargetVibrationTurn1"
                },
                {
                  "scriptName": "VibrationExplosionOnSucceedAttack"
                },
                {
                  "scriptName": "VibrationExplosionOnSucceedAttack"
                },
                {
                  "scriptName": "2020611_4"
                }
              ]
            }
          ]
        }
      ]
    },
    {
      "id": 2020711,
      "skillType": "EGO_AWAKEN",
      "skillTier": 3,
      "requireIDList": [],
      "skillData": [
        {
          "gaksungLevel": 1,
          "attributeType": "SHAMROCK",
          "atkType": "SLASH",
          "defType": "ATTACK",
          "skillTargetType": "FRONT",
          "targetNum": 1,
          "mpUsage": 20,
          "skillLevelCorrection": 0,
          "defaultValue": 4,
          "canTeamKill": false,
          "canDuel": true,
          "canChangeTarget": true,
          "skillMotion": "Default",
          "viewType": "SKILL",
          "parryingCloseType": "NEAR",
          "abilityScriptList": [
            {
              "scriptName": "CoinScaleAdderViaBuffCheckDevideByStackWithLimit2",
              "buffData": {
                "buffKeyword": "Burst",
                "stack": 7,
                "turn": 0,
                "buffOwner": "Target",
                "value": 1
              }
            }
          ],
          "coinList": [
            {
              "operatorType": "ADD",
              "scale": 2,
              "abilityScriptList": [
                {
                  "scriptName": "GiveBuffOnSucceedAttack",
                  "buffData": {
                    "buffKeyword": "Burst",
                    "target": "Target",
                    "buffOwner": "",
                    "stack": 0,
                    "turn": 1,
                    "activeRound": 0
                  }
                }
              ]
            },
            {
              "operatorType": "ADD",
              "scale": 2,
              "abilityScriptList": [
                {
                  "scriptName": "GiveBuffOnSucceedAttack",
                  "buffData": {
                    "buffKeyword": "Burst",
                    "target": "Target",
                    "buffOwner": "",
                    "stack": 1,
                    "turn": 0,
                    "activeRound": 0
                  }
                }
              ]
            },
            {
              "operatorType": "ADD",
              "scale": 2,
              "abilityScriptList": [
                {
                  "scriptName": "GiveBuffOnSucceedAttack",
                  "buffData": {
                    "buffKeyword": "Burst",
                    "target": "Target",
                    "buffOwner": "",
                    "stack": 1,
                    "turn": 0,
                    "activeRound": 0
                  }
                }
              ]
            }
          ]
        },
        {
          "gaksungLevel": 3,
          "abilityScriptList": [
            {
              "scriptName": "CoinScaleAdder1IfBothSpeedSumNotLessThan6"
            },
            {
              "scriptName": "CoinScaleAdderViaBuffCheckDevideByStackWithLimit2",
              "buffData": {
                "buffKeyword": "Burst",
                "stack": 7,
                "turn": 0,
                "buffOwner": "Target",
                "value": 1
              }
            },
            {
              "scriptName": "GiveBuffBeforeAttack",
              "buffData": {
                "buffKeyword": "Agility",
                "target": "Self",
                "buffOwner": "",
                "stack": 2,
                "turn": 0,
                "activeRound": 1
              }
            },
            {
              "scriptName": "SeventhFaustEgoAwakenTargetNumAdder4And1"
            }
          ],
          "coinList": [
            {
              "operatorType": "ADD",
              "scale": 2,
              "abilityScriptList": [
                {
                  "scriptName": "GiveBuffOnSucceedAttack",
                  "buffData": {
                    "buffKeyword": "Burst",
                    "target": "Target",
                    "buffOwner": "",
                    "stack": 0,
                    "turn": 2,
                    "activeRound": 0
                  }
                }
              ]
            },
            {
              "operatorType": "ADD",
              "scale": 2,
              "abilityScriptList": [
                {
                  "scriptName": "GiveBuffOnSucceedAttack",
                  "buffData": {
                    "buffKeyword": "Burst",
                    "target": "Target",
                    "buffOwner": "",
                    "stack": 2,
                    "turn": 0,
                    "activeRound": 0
                  }
                }
              ]
            },
            {
              "operatorType": "ADD",
              "scale": 2,
              "abilityScriptList": [
                {
                  "scriptName": "GiveBuffOnSucceedAttack",
                  "buffData": {
                    "buffKeyword": "Burst",
                    "target": "Target",
                    "buffOwner": "",
                    "stack": 2,
                    "turn": 0,
                    "activeRound": 0
                  }
                }
              ]
            }
          ]
        },
        {
          "gaksungLevel": 4,
          "abilityScriptList": [
            {
              "scriptName": "CoinScaleAdder1IfBothSpeedSumNotLessThan6"
            },
            {
              "scriptName": "CoinScaleAdderViaBuffCheckDevideByStackWithLimit2",
              "buffData": {
                "buffKeyword": "Burst",
                "stack": 7,
                "turn": 0,
                "buffOwner": "Target",
                "value": 1
              }
            },
            {
              "scriptName": "GiveBuffBeforeAttack",
              "buffData": {
                "buffKeyword": "Agility",
                "target": "Self",
                "buffOwner": "",
                "stack": 2,
                "turn": 0,
                "activeRound": 1
              }
            },
            {
              "scriptName": "SeventhFaustEgoAwakenTargetNumAdder4And1_SHAMROCK1"
            }
          ],
          "coinList": [
            {
              "operatorType": "ADD",
              "scale": 3,
              "abilityScriptList": [
                {
                  "scriptName": "GiveBuffOnSucceedAttack",
                  "buffData": {
                    "buffKeyword": "Burst",
                    "target": "Target",
                    "buffOwner": "",
                    "stack": 0,
                    "turn": 2,
                    "activeRound": 0
                  }
                }
              ]
            },
            {
              "operatorType": "ADD",
              "scale": 3,
              "abilityScriptList": [
                {
                  "scriptName": "GiveBuffOnSucceedAttack",
                  "buffData": {
                    "buffKeyword": "Burst",
                    "target": "Target",
                    "buffOwner": "",
                    "stack": 2,
                    "turn": 0,
                    "activeRound": 0
                  }
                }
              ]
            },
            {
              "operatorType": "ADD",
              "scale": 3,
              "abilityScriptList": [
                {
                  "scriptName": "GiveBuffOnSucceedAttack",
                  "buffData": {
                    "buffKeyword": "Burst",
                    "target": "Target",
                    "buffOwner": "",
                    "stack": 2,
                    "turn": 0,
                    "activeRound": 0
                  }
                }
              ]
            }
          ]
        }
      ]
    },
    {
      "id": 2020721,
      "skillType": "EGO_EROSION",
      "skillTier": 3,
      "requireIDList": [],
      "skillData": [
        {
          "gaksungLevel": 1,
          "attributeType": "SHAMROCK",
          "atkType": "SLASH",
          "defType": "ATTACK",
          "skillTargetType": "RANDOM",
          "targetNum": 3,
          "mpUsage": 20,
          "skillLevelCorrection": 0,
          "defaultValue": 4,
          "canTeamKill": true,
          "canDuel": true,
          "canChangeTarget": true,
          "skillMotion": "Default",
          "viewType": "SKILL",
          "parryingCloseType": "NEAR",
          "abilityScriptList": [
            {
              "scriptName": "CoinScaleAdderViaBuffCheckDevideByStackWithLimit2",
              "buffData": {
                "buffKeyword": "Burst",
                "stack": 7,
                "turn": 0,
                "buffOwner": "Target",
                "value": 1
              }
            }
          ],
          "coinList": [
            {
              "operatorType": "ADD",
              "scale": 3,
              "abilityScriptList": [
                {
                  "scriptName": "GiveBuffOnSucceedAttack",
                  "buffData": {
                    "buffKeyword": "Burst",
                    "target": "Target",
                    "buffOwner": "",
                    "stack": 0,
                    "turn": 1,
                    "activeRound": 0
                  }
                }
              ]
            },
            {
              "operatorType": "ADD",
              "scale": 3,
              "abilityScriptList": [
                {
                  "scriptName": "GiveBuffOnSucceedAttack",
                  "buffData": {
                    "buffKeyword": "Burst",
                    "target": "Target",
                    "buffOwner": "",
                    "stack": 2,
                    "turn": 0,
                    "activeRound": 0
                  }
                }
              ]
            },
            {
              "operatorType": "ADD",
              "scale": 3,
              "abilityScriptList": [
                {
                  "scriptName": "GiveBuffOnSucceedAttack",
                  "buffData": {
                    "buffKeyword": "Snare",
                    "target": "Target",
                    "buffOwner": "",
                    "stack": 1,
                    "turn": 0,
                    "activeRound": 0
                  }
                }
              ]
            }
          ]
        },
        {
          "gaksungLevel": 3,
          "abilityScriptList": [
            {
              "scriptName": "CoinScaleAdder1IfBothSpeedSumNotLessThan6"
            },
            {
              "scriptName": "CoinScaleAdderViaBuffCheckDevideByStackWithLimit2",
              "buffData": {
                "buffKeyword": "Burst",
                "stack": 7,
                "turn": 0,
                "buffOwner": "Target",
                "value": 1
              }
            },
            {
              "scriptName": "GiveBuffBeforeAttack",
              "buffData": {
                "buffKeyword": "Agility",
                "target": "Self",
                "buffOwner": "",
                "stack": 2,
                "turn": 0,
                "activeRound": 1
              }
            }
          ],
          "coinList": [
            {
              "operatorType": "ADD",
              "scale": 3,
              "abilityScriptList": [
                {
                  "scriptName": "GiveBuffOnSucceedAttack",
                  "buffData": {
                    "buffKeyword": "Burst",
                    "target": "Target",
                    "buffOwner": "",
                    "stack": 0,
                    "turn": 1,
                    "activeRound": 0
                  }
                }
              ]
            },
            {
              "operatorType": "ADD",
              "scale": 3,
              "abilityScriptList": [
                {
                  "scriptName": "GiveBuffOnSucceedAttack",
                  "buffData": {
                    "buffKeyword": "Burst",
                    "target": "Target",
                    "buffOwner": "",
                    "stack": 2,
                    "turn": 0,
                    "activeRound": 0
                  }
                }
              ]
            },
            {
              "operatorType": "ADD",
              "scale": 3,
              "abilityScriptList": [
                {
                  "scriptName": "GiveBuffOnSucceedAttack",
                  "buffData": {
                    "buffKeyword": "Snare",
                    "target": "Target",
                    "buffOwner": "",
                    "stack": 1,
                    "turn": 0,
                    "activeRound": 0
                  }
                },
                {
                  "scriptName": "DmgUpByBuffStackWithLimit30",
                  "buffData": {
                    "buffKeyword": "Burst",
                    "buffOwner": "Target",
                    "target": "",
                    "stack": 1,
                    "turn": 0,
                    "activeRound": 0,
                    "value": 0.02
                  }
                }
              ]
            }
          ]
        },
        {
          "gaksungLevel": 4,
          "abilityScriptList": [
            {
              "scriptName": "CoinScaleAdder1IfBothSpeedSumNotLessThan6"
            },
            {
              "scriptName": "CoinScaleAdderViaBuffCheckDevideByStackWithLimit2",
              "buffData": {
                "buffKeyword": "Burst",
                "stack": 7,
                "turn": 0,
                "buffOwner": "Target",
                "value": 1
              }
            },
            {
              "scriptName": "GiveBuffBeforeAttack",
              "buffData": {
                "buffKeyword": "Agility",
                "target": "Self",
                "buffOwner": "",
                "stack": 2,
                "turn": 0,
                "activeRound": 1
              }
            },
            {
              "scriptName": "GiveBuffOnBreakOrKillTarget",
              "buffData": {
                "buffKeyword": "ShamrockResultUp",
                "target": "Self",
                "buffOwner": "",
                "stack": 1,
                "turn": 0,
                "activeRound": 1
              }
            }
          ],
          "coinList": [
            {
              "operatorType": "ADD",
              "scale": 4,
              "abilityScriptList": [
                {
                  "scriptName": "GiveBuffOnSucceedAttack",
                  "buffData": {
                    "buffKeyword": "Burst",
                    "target": "Target",
                    "buffOwner": "",
                    "stack": 0,
                    "turn": 2,
                    "activeRound": 0
                  }
                }
              ]
            },
            {
              "operatorType": "ADD",
              "scale": 4,
              "abilityScriptList": [
                {
                  "scriptName": "GiveBuffOnSucceedAttack",
                  "buffData": {
                    "buffKeyword": "Burst",
                    "target": "Target",
                    "buffOwner": "",
                    "stack": 4,
                    "turn": 0,
                    "activeRound": 0
                  }
                }
              ]
            },
            {
              "operatorType": "ADD",
              "scale": 4,
              "abilityScriptList": [
                {
                  "scriptName": "GiveBuffOnSucceedAttack",
                  "buffData": {
                    "buffKeyword": "Snare",
                    "target": "Target",
                    "buffOwner": "",
                    "stack": 2,
                    "turn": 0,
                    "activeRound": 0
                  }
                },
                {
                  "scriptName": "DmgUpByBuffStackWithLimit60",
                  "buffData": {
                    "buffKeyword": "Burst",
                    "buffOwner": "Target",
                    "target": "",
                    "stack": 1,
                    "turn": 0,
                    "activeRound": 0,
                    "value": 0.02
                  }
                }
              ]
            }
          ]
        }
      ]
    },
    {
      "id": 2020811,
      "skillType": "EGO_AWAKEN",
      "skillTier": 3,
      "requireIDList": [],
      "skillData": [
        {
          "gaksungLevel": 1,
          "attributeType": "INDIGO",
          "atkType": "PENETRATE",
          "defType": "ATTACK",
          "skillTargetType": "FRONT",
          "targetNum": 3,
          "mpUsage": 20,
          "skillLevelCorrection": 2,
          "defaultValue": 6,
          "canTeamKill": false,
          "canDuel": true,
          "canChangeTarget": true,
          "skillMotion": "Default",
          "viewType": "SKILL",
          "parryingCloseType": "NEAR",
          "abilityScriptList": [
            {
              "scriptName": "GiveBuffBeforeAttackByResonance20208",
              "buffData": {
                "buffKeyword": "Breath",
                "target": "EveryAlly",
                "buffOwner": "",
                "stack": -1,
                "turn": 0,
                "activeRound": 0,
                "limit": 4
              }
            },
            {
              "scriptName": "GiveBuffBeforeAttackOnRC_INDIGO3",
              "buffData": {
                "buffKeyword": "Breath",
                "target": "EveryAlly",
                "buffOwner": "",
                "stack": 0,
                "turn": 1,
                "activeRound": 0
              }
            },
            {
              "scriptName": "GiveBuffBeforeAttackOnRC_INDIGO3",
              "buffData": {
                "buffKeyword": "ReleaseBreath",
                "target": "EveryAlly",
                "buffOwner": "",
                "stack": 1,
                "turn": 0,
                "activeRound": 1
              }
            },
            {
              "scriptName": "GiveSystemAbilityIfEgoPassiveDeactivated20208"
            }
          ],
          "coinList": [
            {
              "operatorType": "ADD",
              "scale": 5
            },
            {
              "operatorType": "ADD",
              "scale": 5
            }
          ]
        },
        {
          "gaksungLevel": 3,
          "abilityScriptList": [
            {
              "scriptName": "GiveBuffBeforeAttackByResonance20208",
              "buffData": {
                "buffKeyword": "Breath",
                "target": "EveryAlly",
                "buffOwner": "",
                "stack": -1,
                "turn": 0,
                "activeRound": 0,
                "limit": 6
              }
            },
            {
              "scriptName": "GiveBuffBeforeAttackOnRC_INDIGO3",
              "buffData": {
                "buffKeyword": "Breath",
                "target": "EveryAlly",
                "buffOwner": "",
                "stack": 0,
                "turn": 1,
                "activeRound": 0
              }
            },
            {
              "scriptName": "GiveBuffBeforeAttackOnRC_INDIGO3",
              "buffData": {
                "buffKeyword": "ReleaseBreath",
                "target": "EveryAlly",
                "buffOwner": "",
                "stack": 1,
                "turn": 0,
                "activeRound": 1
              }
            },
            {
              "scriptName": "GiveSystemAbilityIfEgoPassiveDeactivated20208"
            }
          ],
          "coinList": [
            {
              "operatorType": "ADD",
              "scale": 5,
              "abilityScriptList": [
                {
                  "scriptName": "GiveBuffOnSucceedAttack",
                  "buffData": {
                    "buffKeyword": "Breath",
                    "target": "Self",
                    "buffOwner": "",
                    "stack": 0,
                    "turn": 1,
                    "activeRound": 0
                  }
                }
              ]
            },
            {
              "operatorType": "ADD",
              "scale": 5,
              "abilityScriptList": [
                {
                  "scriptName": "CriticalDmgUpByBreathStackAndTurnLimit20"
                }
              ]
            }
          ]
        },
        {
          "gaksungLevel": 4,
          "defaultValue": 8,
          "coinList": [
            {
              "operatorType": "ADD",
              "scale": 5,
              "abilityScriptList": [
                {
                  "scriptName": "GiveBuffOnSucceedAttack",
                  "buffData": {
                    "buffKeyword": "Breath",
                    "target": "Self",
                    "buffOwner": "",
                    "stack": 0,
                    "turn": 1,
                    "activeRound": 0
                  }
                }
              ]
            },
            {
              "operatorType": "ADD",
              "scale": 5,
              "abilityScriptList": [
                {
                  "scriptName": "CriticalDmgUpByBreathStackAndTurnLimit40"
                }
              ]
            }
          ]
        }
      ]
    },
    {
      "id": 2020821,
      "skillType": "EGO_EROSION",
      "skillTier": 3,
      "requireIDList": [],
      "skillData": [
        {
          "gaksungLevel": 1,
          "attributeType": "INDIGO",
          "atkType": "PENETRATE",
          "defType": "ATTACK",
          "skillTargetType": "RANDOM",
          "targetNum": 3,
          "mpUsage": 20,
          "skillLevelCorrection": 2,
          "defaultValue": 20,
          "canTeamKill": true,
          "canDuel": true,
          "canChangeTarget": true,
          "skillMotion": "Default",
          "viewType": "SKILL",
          "parryingCloseType": "NEAR",
          "abilityScriptList": [
            {
              "scriptName": "202082101"
            },
            {
              "scriptName": "GiveBuffBeforeAttackByResonance20208",
              "buffData": {
                "buffKeyword": "Breath",
                "target": "EveryAlly",
                "buffOwner": "",
                "stack": -1,
                "turn": 0,
                "activeRound": 0,
                "limit": 4
              }
            },
            {
              "scriptName": "GiveBuffBeforeAttackOnRC_INDIGO3",
              "buffData": {
                "buffKeyword": "Breath",
                "target": "EveryAlly",
                "buffOwner": "",
                "stack": 0,
                "turn": 1,
                "activeRound": 0
              }
            },
            {
              "scriptName": "GiveBuffBeforeAttackOnRC_INDIGO3",
              "buffData": {
                "buffKeyword": "ReleaseBreath",
                "target": "EveryAlly",
                "buffOwner": "",
                "stack": 1,
                "turn": 0,
                "activeRound": 1
              }
            },
            {
              "scriptName": "GiveBuffBeforeAttackOnRC_INDIGO3",
              "buffData": {
                "buffKeyword": "IndigoDamageUp",
                "target": "EveryAlly",
                "buffOwner": "",
                "stack": 1,
                "turn": 0,
                "activeRound": 1
              }
            },
            {
              "scriptName": "GiveSystemAbilityIfEgoPassiveDeactivated20208"
            }
          ],
          "coinList": [
            {
              "operatorType": "SUB",
              "scale": 8
            },
            {
              "operatorType": "SUB",
              "scale": 8
            }
          ]
        },
        {
          "gaksungLevel": 3,
          "abilityScriptList": [
            {
              "scriptName": "202082101"
            },
            {
              "scriptName": "GiveBuffBeforeAttackByResonance20208",
              "buffData": {
                "buffKeyword": "Breath",
                "target": "EveryAlly",
                "buffOwner": "",
                "stack": -1,
                "turn": 0,
                "activeRound": 0,
                "limit": 6
              }
            },
            {
              "scriptName": "GiveBuffBeforeAttackOnRC_INDIGO3",
              "buffData": {
                "buffKeyword": "Breath",
                "target": "EveryAlly",
                "buffOwner": "",
                "stack": 0,
                "turn": 1,
                "activeRound": 0
              }
            },
            {
              "scriptName": "GiveBuffBeforeAttackOnRC_INDIGO3",
              "buffData": {
                "buffKeyword": "ReleaseBreath",
                "target": "EveryAlly",
                "buffOwner": "",
                "stack": 1,
                "turn": 0,
                "activeRound": 1
              }
            },
            {
              "scriptName": "GiveBuffBeforeAttackOnRC_INDIGO3",
              "buffData": {
                "buffKeyword": "IndigoDamageUp",
                "target": "EveryAlly",
                "buffOwner": "",
                "stack": 1,
                "turn": 0,
                "activeRound": 1
              }
            },
            {
              "scriptName": "GiveSystemAbilityIfEgoPassiveDeactivated20208"
            }
          ],
          "coinList": [
            {
              "operatorType": "SUB",
              "scale": 8,
              "abilityScriptList": [
                {
                  "scriptName": "GiveBuffOnSucceedAttack",
                  "buffData": {
                    "buffKeyword": "Breath",
                    "target": "Self",
                    "buffOwner": "",
                    "stack": 0,
                    "turn": 1,
                    "activeRound": 0
                  }
                }
              ]
            },
            {
              "operatorType": "SUB",
              "scale": 8,
              "abilityScriptList": [
                {
                  "scriptName": "CriticalDmgUpByBreathStackAndTurnLimit20"
                }
              ]
            }
          ]
        },
        {
          "gaksungLevel": 4,
          "defaultValue": 24,
          "coinList": [
            {
              "operatorType": "SUB",
              "scale": 8,
              "abilityScriptList": [
                {
                  "scriptName": "GiveBuffOnSucceedAttack",
                  "buffData": {
                    "buffKeyword": "Breath",
                    "target": "Self",
                    "buffOwner": "",
                    "stack": 0,
                    "turn": 1,
                    "activeRound": 0
                  }
                }
              ]
            },
            {
              "operatorType": "SUB",
              "scale": 8,
              "abilityScriptList": [
                {
                  "scriptName": "CriticalDmgUpByBreathStackAndTurnLimit40"
                }
              ]
            }
          ]
        }
      ]
    }
  ]
}