{
  "list": [
    {
      "id": 9902201,
      "skillTier": 1,
      "skillData": [
        {
          "skillTargetType": "FRONT",
          "canTeamKill": false,
          "canDuel": true,
          "canChangeTarget": true,
          "attributeType": "INDIGO",
          "atkType": "SLASH",
          "defType": "ATTACK",
          "skillMotion": "S1",
          "viewType": "BATTLE",
          "parryingCloseType": "NEAR",
          "targetNum": 1,
          "defaultValue": 4,
          "skillLevelCorrection": 0,
          "abilityScriptList": [
            
          ],
          "coinList": [
            {
              "operatorType": "ADD",
              "scale": 1
            }
          ]
        }
      ]
    },
    {
      "id": 9902301,
      "skillTier": 1,
      "skillData": [
        {
          "skillTargetType": "FRONT",
          "canTeamKill": false,
          "canDuel": true,
          "canChangeTarget": true,
          "attributeType": "INDIGO",
          "atkType": "PENETRATE",
          "defType": "ATTACK",
          "skillMotion": "S1",
          "viewType": "BATTLE",
          "parryingCloseType": "NEAR",
          "targetNum": 1,
          "defaultValue": 3,
          "skillLevelCorrection": 0,
          "abilityScriptList": [
            
          ],
          "coinList": [
            {
              "operatorType": "ADD",
              "scale": 2
            }
          ]
        }
      ]
    },
    {
      "id": 9902401,
      "skillTier": 1,
      "skillData": [
        {
          "skillTargetType": "FRONT",
          "canTeamKill": false,
          "canDuel": true,
          "canChangeTarget": true,
          "attributeType": "INDIGO",
          "atkType": "HIT",
          "defType": "ATTACK",
          "skillMotion": "S2",
          "viewType": "BATTLE",
          "parryingCloseType": "NEAR",
          "targetNum": 1,
          "defaultValue": 13,
          "skillLevelCorrection": 0,
          "abilityScriptList": [
            
          ],
          "coinList": [
            {
              "operatorType": "ADD",
              "scale": 0
            }
          ]
        }
      ]
    },
    {
      "id": 9902501,
      "skillTier": 1,
      "skillData": [
        {
          "skillTargetType": "FRONT",
          "canTeamKill": false,
          "canDuel": true,
          "canChangeTarget": true,
          "attributeType": "INDIGO",
          "atkType": "HIT",
          "defType": "ATTACK",
          "skillMotion": "S1",
          "viewType": "BATTLE",
          "parryingCloseType": "NEAR",
          "targetNum": 1,
          "defaultValue": 7,
          "skillLevelCorrection": 0,
          "abilityScriptList": [
            
          ],
          "coinList": [
            {
              "operatorType": "ADD",
              "scale": 2
            }
          ]
        }
      ]
    },
    {
      "id": 9902601,
      "skillTier": 1,
      "skillData": [
        {
          "skillTargetType": "FRONT",
          "canTeamKill": false,
          "canDuel": true,
          "canChangeTarget": true,
          "attributeType": "INDIGO",
          "atkType": "HIT",
          "defType": "ATTACK",
          "skillMotion": "S1",
          "viewType": "BATTLE",
          "parryingCloseType": "NEAR",
          "targetNum": 1,
          "defaultValue": 2,
          "skillLevelCorrection": 0,
          "abilityScriptList": [
            
          ],
          "coinList": [
            {
              "operatorType": "ADD",
              "scale": 2
            },
            {
              "operatorType": "ADD",
              "scale": 2
            }
          ]
        }
      ]
    }
  ]
}