{
  "list": [
    {
      "id": 1121201,
      "skillType": "SKILL",
      "skillTier": 1,
      "requireIDList": [],
      "skillData": [
        {
          "gaksungLevel": 1,
          "attributeType": "INDIGO",
          "atkType": "SLASH",
          "defType": "ATTACK",
          "skillTargetType": "FRONT",
          "targetNum": 1,
          "mpUsage": 0,
          "skillLevelCorrection": 2,
          "defaultValue": 3,
          "canTeamKill": false,
          "canDuel": true,
          "canChangeTarget": true,
          "skillMotion": "S1",
          "viewType": "BATTLE",
          "parryingCloseType": "NEAR",
          "abilityScriptList": [
            {
              "scriptName": "GiveBuffOnUse",
              "buffData": {
                "buffKeyword": "Breath",
                "target": "Self",
                "buffOwner": "",
                "stack": 0,
                "turn": 1,
                "activeRound": 0
              }
            }
          ],
          "coinList": [
            {
              "operatorType": "ADD",
              "scale": 3,
              "abilityScriptList": [
                {
                  "scriptName": "GiveBuffOnSucceedAttack",
                  "buffData": {
                    "buffKeyword": "Burst",
                    "target": "Target",
                    "buffOwner": "",
                    "stack": 1,
                    "turn": 0,
                    "activeRound": 0
                  }
                }
              ]
            },
            {
              "operatorType": "ADD",
              "scale": 3,
              "abilityScriptList": [
                {
                  "scriptName": "GiveBuffOnSucceedAttack",
                  "buffData": {
                    "buffKeyword": "Burst",
                    "target": "Target",
                    "buffOwner": "",
                    "stack": 1,
                    "turn": 0,
                    "activeRound": 0
                  }
                }
              ]
            }
          ]
        },
        {
          "gaksungLevel": 2,
          "abilityScriptList": [
            {
              "scriptName": "CoinScaleAdder11212_10_1_1"
            },
            {
              "scriptName": "GiveBuffOnUse",
              "buffData": {
                "buffKeyword": "Breath",
                "target": "Self",
                "buffOwner": "",
                "stack": 0,
                "turn": 2,
                "activeRound": 0
              }
            }
          ],
          "coinList": [
            {
              "operatorType": "ADD",
              "scale": 3,
              "abilityScriptList": [
                {
                  "scriptName": "GiveBuffOnSucceedAttack",
                  "buffData": {
                    "buffKeyword": "Burst",
                    "target": "Target",
                    "buffOwner": "",
                    "stack": 1,
                    "turn": 0,
                    "activeRound": 0
                  }
                }
              ]
            },
            {
              "operatorType": "ADD",
              "scale": 3,
              "abilityScriptList": [
                {
                  "scriptName": "GiveBuffOnSucceedAttack",
                  "buffData": {
                    "buffKeyword": "Burst",
                    "target": "Target",
                    "buffOwner": "",
                    "stack": 1,
                    "turn": 0,
                    "activeRound": 0
                  }
                },
                {
                  "scriptName": "GiveBuffOnSACIfHasStack_SnakeStance1",
                  "buffData": {
                    "buffKeyword": "Burst",
                    "target": "Target",
                    "buffOwner": "Self",
                    "stack": 0,
                    "turn": 1,
                    "activeRound": 0
                  }
                }
              ]
            }
          ]
        },
        {
          "gaksungLevel": 3,
          "coinList": [
            {
              "operatorType": "ADD",
              "scale": 4,
              "abilityScriptList": [
                {
                  "scriptName": "GiveBuffOnSucceedAttack",
                  "buffData": {
                    "buffKeyword": "Burst",
                    "target": "Target",
                    "buffOwner": "",
                    "stack": 1,
                    "turn": 0,
                    "activeRound": 0
                  }
                }
              ]
            },
            {
              "operatorType": "ADD",
              "scale": 4,
              "abilityScriptList": [
                {
                  "scriptName": "GiveBuffOnSucceedAttack",
                  "buffData": {
                    "buffKeyword": "Burst",
                    "target": "Target",
                    "buffOwner": "",
                    "stack": 1,
                    "turn": 0,
                    "activeRound": 0
                  }
                },
                {
                  "scriptName": "GiveBuffOnSACIfHasStack_SnakeStance1",
                  "buffData": {
                    "buffKeyword": "Burst",
                    "target": "Target",
                    "buffOwner": "Self",
                    "stack": 0,
                    "turn": 1,
                    "activeRound": 0
                  }
                }
              ]
            }
          ]
        },
        {
          "gaksungLevel": 4,
          "abilityScriptList": [
            {
              "scriptName": "CoinScaleAdder11212_10_1_2"
            },
            {
              "scriptName": "GiveBuffOnUse",
              "buffData": {
                "buffKeyword": "Breath",
                "target": "Self",
                "buffOwner": "",
                "stack": 0,
                "turn": 2,
                "activeRound": 0
              }
            }
          ]
        }
      ]
    },
    {
      "id": 1121202,
      "skillType": "SKILL",
      "skillTier": 2,
      "requireIDList": [],
      "skillData": [
        {
          "gaksungLevel": 1,
          "attributeType": "SHAMROCK",
          "atkType": "SLASH",
          "defType": "ATTACK",
          "skillTargetType": "FRONT",
          "targetNum": 1,
          "mpUsage": 0,
          "skillLevelCorrection": 3,
          "defaultValue": 3,
          "canTeamKill": false,
          "canDuel": true,
          "canChangeTarget": true,
          "skillMotion": "S2",
          "viewType": "BATTLE",
          "parryingCloseType": "NEAR",
          "abilityScriptList": [
            {
              "scriptName": "GiveBuffOnWinDuel",
              "buffData": {
                "buffKeyword": "Burst",
                "target": "Target",
                "buffOwner": "",
                "stack": 0,
                "turn": 1,
                "activeRound": 0
              }
            },
            {
              "scriptName": "GiveBuffOnWinDuel",
              "buffData": {
                "buffKeyword": "Breath",
                "target": "Self",
                "buffOwner": "",
                "stack": 0,
                "turn": 1,
                "activeRound": 0
              }
            }
          ],
          "coinList": [
            {
              "operatorType": "ADD",
              "scale": 3,
              "abilityScriptList": [
                {
                  "scriptName": "GiveBuffOnSucceedAttack",
                  "buffData": {
                    "buffKeyword": "Burst",
                    "target": "Target",
                    "buffOwner": "",
                    "stack": 1,
                    "turn": 0,
                    "activeRound": 0
                  }
                }
              ]
            },
            {
              "operatorType": "ADD",
              "scale": 3,
              "abilityScriptList": [
                {
                  "scriptName": "GiveBuffOnSucceedAttack",
                  "buffData": {
                    "buffKeyword": "Burst",
                    "target": "Target",
                    "buffOwner": "",
                    "stack": 1,
                    "turn": 0,
                    "activeRound": 0
                  }
                }
              ]
            },
            {
              "operatorType": "ADD",
              "scale": 3,
              "abilityScriptList": [
                {
                  "scriptName": "GiveBuffOnSucceedAttack",
                  "buffData": {
                    "buffKeyword": "Burst",
                    "target": "Target",
                    "buffOwner": "",
                    "stack": 1,
                    "turn": 0,
                    "activeRound": 0
                  }
                },
                {
                  "scriptName": "GiveBuffOnSucceedAttack",
                  "buffData": {
                    "buffKeyword": "BurstPoison",
                    "target": "Target",
                    "buffOwner": "",
                    "stack": 5,
                    "turn": 0,
                    "activeRound": 0
                  }
                }
              ]
            }
          ]
        },
        {
          "gaksungLevel": 2,
          "abilityScriptList": [
            {
              "scriptName": "CoinScaleAdder11212_10_1_1"
            },
            {
              "scriptName": "GiveBuffOnWinDuel",
              "buffData": {
                "buffKeyword": "Burst",
                "target": "Target",
                "buffOwner": "",
                "stack": 0,
                "turn": 1,
                "activeRound": 0
              }
            },
            {
              "scriptName": "GiveBuffOnWinDuel",
              "buffData": {
                "buffKeyword": "Breath",
                "target": "Self",
                "buffOwner": "",
                "stack": 0,
                "turn": 2,
                "activeRound": 0
              }
            }
          ],
          "coinList": [
            {
              "operatorType": "ADD",
              "scale": 3,
              "abilityScriptList": [
                {
                  "scriptName": "GiveBuffOnSucceedAttack",
                  "buffData": {
                    "buffKeyword": "Burst",
                    "target": "Target",
                    "buffOwner": "",
                    "stack": 1,
                    "turn": 0,
                    "activeRound": 0
                  }
                }
              ]
            },
            {
              "operatorType": "ADD",
              "scale": 3,
              "abilityScriptList": [
                {
                  "scriptName": "GiveBuffOnSucceedAttack",
                  "buffData": {
                    "buffKeyword": "Burst",
                    "target": "Target",
                    "buffOwner": "",
                    "stack": 1,
                    "turn": 0,
                    "activeRound": 0
                  }
                }
              ]
            },
            {
              "operatorType": "ADD",
              "scale": 3,
              "abilityScriptList": [
                {
                  "scriptName": "GiveBuffOnSucceedAttack",
                  "buffData": {
                    "buffKeyword": "Burst",
                    "target": "Target",
                    "buffOwner": "",
                    "stack": 2,
                    "turn": 0,
                    "activeRound": 0
                  }
                },
                {
                  "scriptName": "RerollOnSAViaConditionalBuffCheckAndUseResult",
                  "conditionalData": {
                    "category": "Buff_Stack",
                    "type": "GreaterEqual",
                    "conditionBuffData": {
                      "buffKeyword": "Breath",
                      "buffOwner": "Self",
                      "stack": 30,
                      "turn": 0,
                      "activeRound": 0
                    },
                    "resultBuffData": {
                      "buffKeyword": "Breath",
                      "buffOwner": "Self",
                      "stack": 10,
                      "turn": 0,
                      "activeRound": 0,
                      "limit": 1
                    }
                  }
                },
                {
                  "scriptName": "GiveBuffOnSucceedAttack",
                  "buffData": {
                    "buffKeyword": "BurstPoison",
                    "target": "Target",
                    "buffOwner": "",
                    "stack": 5,
                    "turn": 0,
                    "activeRound": 0
                  }
                }
              ]
            }
          ]
        },
        {
          "gaksungLevel": 3,
          "coinList": [
            {
              "operatorType": "ADD",
              "scale": 4,
              "abilityScriptList": [
                {
                  "scriptName": "GiveBuffOnSucceedAttack",
                  "buffData": {
                    "buffKeyword": "Burst",
                    "target": "Target",
                    "buffOwner": "",
                    "stack": 1,
                    "turn": 0,
                    "activeRound": 0
                  }
                }
              ]
            },
            {
              "operatorType": "ADD",
              "scale": 4,
              "abilityScriptList": [
                {
                  "scriptName": "GiveBuffOnSucceedAttack",
                  "buffData": {
                    "buffKeyword": "Burst",
                    "target": "Target",
                    "buffOwner": "",
                    "stack": 1,
                    "turn": 0,
                    "activeRound": 0
                  }
                }
              ]
            },
            {
              "operatorType": "ADD",
              "scale": 4,
              "abilityScriptList": [
                {
                  "scriptName": "GiveBuffOnSucceedAttack",
                  "buffData": {
                    "buffKeyword": "Burst",
                    "target": "Target",
                    "buffOwner": "",
                    "stack": 2,
                    "turn": 0,
                    "activeRound": 0
                  }
                },
                {
                  "scriptName": "RerollOnSAViaConditionalBuffCheckAndUseResult",
                  "conditionalData": {
                    "category": "Buff_Stack",
                    "type": "GreaterEqual",
                    "conditionBuffData": {
                      "buffKeyword": "Breath",
                      "buffOwner": "Self",
                      "stack": 30,
                      "turn": 0,
                      "activeRound": 0
                    },
                    "resultBuffData": {
                      "buffKeyword": "Breath",
                      "buffOwner": "Self",
                      "stack": 10,
                      "turn": 0,
                      "activeRound": 0,
                      "limit": 1
                    }
                  }
                },
                {
                  "scriptName": "GiveBuffOnSucceedAttack",
                  "buffData": {
                    "buffKeyword": "BurstPoison",
                    "target": "Target",
                    "buffOwner": "",
                    "stack": 5,
                    "turn": 0,
                    "activeRound": 0
                  }
                }
              ]
            }
          ]
        },
        {
          "gaksungLevel": 4,
          "defaultValue": 4,
          "abilityScriptList": [
            {
              "scriptName": "CoinScaleAdder11212_10_1_2"
            },
            {
              "scriptName": "GiveBuffOnWinDuel",
              "buffData": {
                "buffKeyword": "Burst",
                "target": "Target",
                "buffOwner": "",
                "stack": 0,
                "turn": 2,
                "activeRound": 0
              }
            },
            {
              "scriptName": "GiveBuffOnWinDuel",
              "buffData": {
                "buffKeyword": "Breath",
                "target": "Self",
                "buffOwner": "",
                "stack": 0,
                "turn": 2,
                "activeRound": 0
              }
            }
          ],
          "coinList": [
            {
              "operatorType": "ADD",
              "scale": 4,
              "abilityScriptList": [
                {
                  "scriptName": "GiveBuffOnSucceedAttack",
                  "buffData": {
                    "buffKeyword": "Burst",
                    "target": "Target",
                    "buffOwner": "",
                    "stack": 1,
                    "turn": 0,
                    "activeRound": 0
                  }
                }
              ]
            },
            {
              "operatorType": "ADD",
              "scale": 4,
              "abilityScriptList": [
                {
                  "scriptName": "GiveBuffOnSucceedAttack",
                  "buffData": {
                    "buffKeyword": "Burst",
                    "target": "Target",
                    "buffOwner": "",
                    "stack": 1,
                    "turn": 0,
                    "activeRound": 0
                  }
                }
              ]
            },
            {
              "operatorType": "ADD",
              "scale": 4,
              "abilityScriptList": [
                {
                  "scriptName": "GiveBuffOnSucceedAttack",
                  "buffData": {
                    "buffKeyword": "Burst",
                    "target": "Target",
                    "buffOwner": "",
                    "stack": 2,
                    "turn": 0,
                    "activeRound": 0
                  }
                },
                {
                  "scriptName": "RerollOnSAViaConditionalBuffCheckAndUseResult",
                  "conditionalData": {
                    "category": "Buff_Stack",
                    "type": "GreaterEqual",
                    "conditionBuffData": {
                      "buffKeyword": "Breath",
                      "buffOwner": "Self",
                      "stack": 30,
                      "turn": 0,
                      "activeRound": 0
                    },
                    "resultBuffData": {
                      "buffKeyword": "Breath",
                      "buffOwner": "Self",
                      "stack": 10,
                      "turn": 0,
                      "activeRound": 0,
                      "limit": 1
                    }
                  }
                },
                {
                  "scriptName": "GiveBuffOnSucceedAttack",
                  "buffData": {
                    "buffKeyword": "BurstPoison",
                    "target": "Target",
                    "buffOwner": "",
                    "stack": 5,
                    "turn": 0,
                    "activeRound": 0
                  }
                },
                {
                  "scriptName": "GiveBuffOnSuccessCriticalAttack",
                  "buffData": {
                    "buffKeyword": "SnakeStance",
                    "target": "Self",
                    "buffOwner": "",
                    "stack": 1,
                    "turn": 0,
                    "activeRound": 0
                  }
                }
              ]
            }
          ]
        }
      ]
    },
    {
      "id": 1121203,
      "skillType": "SKILL",
      "skillTier": 3,
      "requireIDList": [
        "CheckAwakenLevel3"
      ],
      "skillData": [
        {
          "gaksungLevel": 3,
          "attributeType": "VIOLET",
          "atkType": "PENETRATE",
          "defType": "ATTACK",
          "skillTargetType": "FRONT",
          "targetNum": 1,
          "mpUsage": 0,
          "skillLevelCorrection": 4,
          "defaultValue": 8,
          "canTeamKill": false,
          "canDuel": true,
          "canChangeTarget": true,
          "skillMotion": "S3",
          "viewType": "ENCOUNTER",
          "parryingCloseType": "NEAR",
          "abilityScriptList": [
            {
              "scriptName": "CoinScaleAdder1121203_8_1_4",
              "value": 5,
              "buffData": {
                "buffKeyword": "SnakeStance",
                "target": "",
                "buffOwner": "Self",
                "stack": 1,
                "turn": 0,
                "activeRound": 0,
                "value": 1,
                "limit": 6
              }
            },
            {
              "scriptName": "GiveBuffOnUse",
              "buffData": {
                "buffKeyword": "SnakeStance",
                "target": "Self",
                "buffOwner": "",
                "stack": 3,
                "turn": 0,
                "activeRound": 0
              }
            },
            {
              "scriptName": "GiveBuffOnWinDuelIfHasStack_Burst5",
              "buffData": {
                "buffKeyword": "Breath",
                "target": "Self",
                "buffOwner": "Target",
                "stack": 5,
                "turn": 0,
                "activeRound": 0
              }
            }
          ],
          "coinList": [
            {
              "operatorType": "ADD",
              "scale": 12,
              "cutsceneStart": true,
              "abilityScriptList": [
                {
                  "scriptName": "DmgUpByBuff1121203_150",
                  "value": 0.05
                },
                {
                  "scriptName": "CriticalDmgUpByJsonValue",
                  "value": 0.75
                },
                {
                  "scriptName": "UseBurstPoisonOnSA",
                  "buffData": {
                    "buffKeyword": "BurstPoison",
                    "target": "Target",
                    "buffOwner": "",
                    "stack": 2,
                    "turn": 0,
                    "activeRound": 0
                  }
                },
                {
                  "scriptName": "UseBurstPoisonOnSAC",
                  "buffData": {
                    "buffKeyword": "BurstPoison",
                    "target": "Target",
                    "buffOwner": "",
                    "stack": 3,
                    "turn": 0,
                    "activeRound": 0
                  }
                },
                {
                  "scriptName": "GiveBuffOnSucceedAttack",
                  "buffData": {
                    "buffKeyword": "BurstPoison",
                    "target": "Target",
                    "buffOwner": "",
                    "stack": 5,
                    "turn": 0,
                    "activeRound": 0
                  }
                }
              ]
            }
          ]
        },
        {
          "gaksungLevel": 4,
          "abilityScriptList": [
            {
              "scriptName": "CoinScaleAdder1121203_8_1_4",
              "value": 5,
              "buffData": {
                "buffKeyword": "SnakeStance",
                "target": "",
                "buffOwner": "Self",
                "stack": 1,
                "turn": 0,
                "activeRound": 0,
                "value": 1,
                "limit": 6
              }
            },
            {
              "scriptName": "GiveBuffOnUse",
              "buffData": {
                "buffKeyword": "SnakeStance",
                "target": "Self",
                "buffOwner": "",
                "stack": 3,
                "turn": 0,
                "activeRound": 0
              }
            },
            {
              "scriptName": "GiveBuffOnWinDuelIfHasStack_Burst5",
              "buffData": {
                "buffKeyword": "Breath",
                "target": "Self",
                "buffOwner": "Target",
                "stack": 5,
                "turn": 0,
                "activeRound": 0
              }
            }
          ],
          "coinList": [
            {
              "operatorType": "ADD",
              "scale": 14,
              "cutsceneStart": true,
              "abilityScriptList": [
                {
                  "scriptName": "DmgUpByBuff1121203_200",
                  "value": 0.1
                },
                {
                  "scriptName": "CriticalDmgUpByJsonValue",
                  "value": 1
                },
                {
                  "scriptName": "UseBurstPoisonOnSA",
                  "buffData": {
                    "buffKeyword": "BurstPoison",
                    "target": "Target",
                    "buffOwner": "",
                    "stack": 2,
                    "turn": 0,
                    "activeRound": 0
                  }
                },
                {
                  "scriptName": "UseBurstPoisonOnSAC",
                  "buffData": {
                    "buffKeyword": "BurstPoison",
                    "target": "Target",
                    "buffOwner": "",
                    "stack": 3,
                    "turn": 0,
                    "activeRound": 0
                  }
                },
                {
                  "scriptName": "GiveBuffOnSuccessCriticalAttack",
                  "buffData": {
                    "buffKeyword": "Burst",
                    "target": "Target",
                    "buffOwner": "",
                    "stack": 0,
                    "turn": 2,
                    "activeRound": 0
                  }
                },
                {
                  "scriptName": "GiveBuffOnSucceedAttack",
                  "buffData": {
                    "buffKeyword": "BurstPoison",
                    "target": "Target",
                    "buffOwner": "",
                    "stack": 5,
                    "turn": 0,
                    "activeRound": 0
                  }
                }
              ]
            }
          ]
        }
      ]
    },
    {
      "id": 1121204,
      "skillType": "SKILL",
      "skillTier": 1,
      "requireIDList": [],
      "skillData": [
        {
          "gaksungLevel": 1,
          "attributeType": "NEUTRAL",
          "atkType": "NONE",
          "defType": "GUARD",
          "skillTargetType": "FRONT",
          "targetNum": 1,
          "mpUsage": 0,
          "skillLevelCorrection": 0,
          "defaultValue": 2,
          "range": 999,
          "canTeamKill": false,
          "canDuel": true,
          "canChangeTarget": true,
          "skillMotion": "Default",
          "viewType": "BATTLE",
          "parryingCloseType": "NEAR",
          "abilityScriptList": [
            {
              "scriptName": "GiveBuffOnBattleStart",
              "buffData": {
                "buffKeyword": "SnakeStance",
                "target": "Self",
                "buffOwner": "",
                "stack": 3,
                "turn": 0,
                "activeRound": 1
              }
            }
          ],
          "coinList": [
            {
              "operatorType": "ADD",
              "grade": 2,
              "color": "GREY",
              "scale": 8,
              "abilityScriptList": [
                {
                  "scriptName": "SuperCoin"
                }
              ]
            }
          ]
        },
        {
          "gaksungLevel": 4,
          "attributeType": "SHAMROCK",
          "iconID": "1121204_4",
          "defaultValue": 3,
          "abilityScriptList": [
            {
              "scriptName": "GiveBuffOnBattleStart",
              "buffData": {
                "buffKeyword": "SnakeStance",
                "target": "Self",
                "buffOwner": "",
                "stack": 3,
                "turn": 0,
                "activeRound": 1
              }
            },
            {
              "scriptName": "CoinScaleAdderOnStartTurnViaBuffCheck",
              "buffData": {
                "buffKeyword": "Breath",
                "buffOwner": "Self",
                "stack": 10,
                "turn": 0,
                "value": 1
              }
            }
          ],
          "coinList": [
            {
              "operatorType": "ADD",
              "grade": 2,
              "color": "GREY",
              "scale": 10,
              "abilityScriptList": [
                {
                  "scriptName": "SuperCoin"
                }
              ]
            }
          ]
        }
      ]
    },
    {
      "id": 1091201,
      "skillType": "SKILL",
      "skillTier": 1,
      "requireIDList": [],
      "skillData": [
        {
          "gaksungLevel": 1,
          "attributeType": "VIOLET",
          "atkType": "SLASH",
          "defType": "ATTACK",
          "skillTargetType": "FRONT",
          "targetNum": 1,
          "mpUsage": 0,
          "skillLevelCorrection": 1,
          "defaultValue": 2,
          "canTeamKill": false,
          "canDuel": true,
          "canChangeTarget": true,
          "skillMotion": "S1",
          "viewType": "BATTLE",
          "parryingCloseType": "NEAR",
          "abilityScriptList": [
            {
              "scriptName": "GiveBuffOnUse",
              "buffData": {
                "buffKeyword": "Breath",
                "target": "Self",
                "buffOwner": "",
                "stack": 0,
                "turn": 1,
                "activeRound": 0
              }
            }
          ],
          "coinList": [
            {
              "operatorType": "ADD",
              "scale": 4,
              "abilityScriptList": [
                {
                  "scriptName": "GiveBuffOnSucceedAttack",
                  "buffData": {
                    "buffKeyword": "Burst",
                    "target": "Target",
                    "buffOwner": "",
                    "stack": 1,
                    "turn": 0,
                    "activeRound": 0
                  }
                }
              ]
            },
            {
              "operatorType": "ADD",
              "scale": 4,
              "abilityScriptList": [
                {
                  "scriptName": "GiveBuffOnSucceedAttack",
                  "buffData": {
                    "buffKeyword": "Burst",
                    "target": "Target",
                    "buffOwner": "",
                    "stack": 1,
                    "turn": 0,
                    "activeRound": 0
                  }
                }
              ]
            }
          ]
        },
        {
          "gaksungLevel": 2,
          "abilityScriptList": [
            {
              "scriptName": "CoinScaleAdder11212_10_1_1"
            },
            {
              "scriptName": "GiveBuffOnUse",
              "buffData": {
                "buffKeyword": "Breath",
                "target": "Self",
                "buffOwner": "",
                "stack": 0,
                "turn": 2,
                "activeRound": 0
              }
            }
          ],
          "coinList": [
            {
              "operatorType": "ADD",
              "scale": 4,
              "abilityScriptList": [
                {
                  "scriptName": "GiveBuffOnSucceedAttack",
                  "buffData": {
                    "buffKeyword": "Burst",
                    "target": "Target",
                    "buffOwner": "",
                    "stack": 1,
                    "turn": 0,
                    "activeRound": 0
                  }
                }
              ]
            },
            {
              "operatorType": "ADD",
              "scale": 4,
              "abilityScriptList": [
                {
                  "scriptName": "GiveBuffOnSucceedAttack",
                  "buffData": {
                    "buffKeyword": "Burst",
                    "target": "Target",
                    "buffOwner": "",
                    "stack": 1,
                    "turn": 0,
                    "activeRound": 0
                  }
                },
                {
                  "scriptName": "GiveBuffOnSACIfHasStack_SnakeStance1",
                  "buffData": {
                    "buffKeyword": "Burst",
                    "target": "Target",
                    "buffOwner": "Self",
                    "stack": 1,
                    "turn": 0,
                    "activeRound": 0
                  }
                }
              ]
            }
          ]
        },
        {
          "gaksungLevel": 3,
          "defaultValue": 3
        },
        {
          "gaksungLevel": 4,
          "abilityScriptList": [
            {
              "scriptName": "CoinScaleAdder11212_10_1_2"
            },
            {
              "scriptName": "GiveBuffOnUse",
              "buffData": {
                "buffKeyword": "Breath",
                "target": "Self",
                "buffOwner": "",
                "stack": 0,
                "turn": 2,
                "activeRound": 0
              }
            }
          ],
          "coinList": [
            {
              "operatorType": "ADD",
              "scale": 4,
              "abilityScriptList": [
                {
                  "scriptName": "GiveBuffOnSucceedAttack",
                  "buffData": {
                    "buffKeyword": "Burst",
                    "target": "Target",
                    "buffOwner": "",
                    "stack": 1,
                    "turn": 0,
                    "activeRound": 0
                  }
                }
              ]
            },
            {
              "operatorType": "ADD",
              "scale": 4,
              "abilityScriptList": [
                {
                  "scriptName": "GiveBuffOnSucceedAttack",
                  "buffData": {
                    "buffKeyword": "Burst",
                    "target": "Target",
                    "buffOwner": "",
                    "stack": 1,
                    "turn": 0,
                    "activeRound": 0
                  }
                },
                {
                  "scriptName": "GiveBuffOnSACIfHasStack_SnakeStance1",
                  "buffData": {
                    "buffKeyword": "Burst",
                    "target": "Target",
                    "buffOwner": "Self",
                    "stack": 2,
                    "turn": 0,
                    "activeRound": 0
                  }
                }
              ]
            }
          ]
        }
      ]
    },
    {
      "id": 1091202,
      "skillType": "SKILL",
      "skillTier": 2,
      "requireIDList": [],
      "skillData": [
        {
          "gaksungLevel": 1,
          "attributeType": "SHAMROCK",
          "atkType": "SLASH",
          "defType": "ATTACK",
          "skillTargetType": "FRONT",
          "targetNum": 1,
          "mpUsage": 0,
          "skillLevelCorrection": 2,
          "defaultValue": 3,
          "canTeamKill": false,
          "canDuel": true,
          "canChangeTarget": true,
          "skillMotion": "S2",
          "viewType": "BATTLE",
          "parryingCloseType": "NEAR",
          "abilityScriptList": [
            {
              "scriptName": "GiveBuffOnWinDuel",
              "buffData": {
                "buffKeyword": "Burst",
                "target": "Target",
                "buffOwner": "",
                "stack": 0,
                "turn": 2,
                "activeRound": 0
              }
            },
            {
              "scriptName": "GiveBuffOnWinDuel",
              "buffData": {
                "buffKeyword": "Breath",
                "target": "Self",
                "buffOwner": "",
                "stack": 0,
                "turn": 1,
                "activeRound": 0
              }
            }
          ],
          "coinList": [
            {
              "operatorType": "ADD",
              "scale": 4
            },
            {
              "operatorType": "ADD",
              "scale": 4,
              "abilityScriptList": [
                {
                  "scriptName": "GiveBuffOnSucceedAttack",
                  "buffData": {
                    "buffKeyword": "Burst",
                    "target": "Target",
                    "buffOwner": "",
                    "stack": 0,
                    "turn": 1,
                    "activeRound": 0
                  }
                }
              ]
            },
            {
              "operatorType": "ADD",
              "scale": 4,
              "abilityScriptList": [
                {
                  "scriptName": "GiveBuffOnSucceedAttack",
                  "buffData": {
                    "buffKeyword": "BurstPoison",
                    "target": "Target",
                    "buffOwner": "",
                    "stack": 5,
                    "turn": 0,
                    "activeRound": 0
                  }
                }
              ]
            }
          ]
        },
        {
          "gaksungLevel": 2,
          "abilityScriptList": [
            {
              "scriptName": "CoinScaleAdder11212_10_1_1"
            },
            {
              "scriptName": "GiveBuffOnWinDuel",
              "buffData": {
                "buffKeyword": "Burst",
                "target": "Target",
                "buffOwner": "",
                "stack": 0,
                "turn": 2,
                "activeRound": 0
              }
            },
            {
              "scriptName": "GiveBuffOnWinDuel",
              "buffData": {
                "buffKeyword": "Breath",
                "target": "Self",
                "buffOwner": "",
                "stack": 0,
                "turn": 2,
                "activeRound": 0
              }
            }
          ],
          "coinList": [
            {
              "operatorType": "ADD",
              "scale": 4
            },
            {
              "operatorType": "ADD",
              "scale": 4,
              "abilityScriptList": [
                {
                  "scriptName": "GiveBuffOnSucceedAttack",
                  "buffData": {
                    "buffKeyword": "Burst",
                    "target": "Target",
                    "buffOwner": "",
                    "stack": 0,
                    "turn": 1,
                    "activeRound": 0
                  }
                }
              ]
            },
            {
              "operatorType": "ADD",
              "scale": 4,
              "abilityScriptList": [
                {
                  "scriptName": "RerollOnSAViaConditionalBuffCheckAndUseResult",
                  "conditionalData": {
                    "category": "Buff_Stack",
                    "type": "GreaterEqual",
                    "conditionBuffData": {
                      "buffKeyword": "Breath",
                      "buffOwner": "Self",
                      "stack": 30,
                      "turn": 0,
                      "activeRound": 0
                    },
                    "resultBuffData": {
                      "buffKeyword": "Breath",
                      "buffOwner": "Self",
                      "stack": 10,
                      "turn": 0,
                      "activeRound": 0,
                      "limit": 1
                    }
                  }
                },
                {
                  "scriptName": "GiveBuffOnSucceedAttack",
                  "buffData": {
                    "buffKeyword": "BurstPoison",
                    "target": "Target",
                    "buffOwner": "",
                    "stack": 5,
                    "turn": 0,
                    "activeRound": 0
                  }
                }
              ]
            }
          ]
        },
        {
          "gaksungLevel": 3,
          "defaultValue": 4
        },
        {
          "gaksungLevel": 4,
          "abilityScriptList": [
            {
              "scriptName": "CoinScaleAdder11212_10_1_2"
            },
            {
              "scriptName": "GiveBuffOnWinDuel",
              "buffData": {
                "buffKeyword": "Burst",
                "target": "Target",
                "buffOwner": "",
                "stack": 0,
                "turn": 2,
                "activeRound": 0
              }
            },
            {
              "scriptName": "GiveBuffOnWinDuel",
              "buffData": {
                "buffKeyword": "Breath",
                "target": "Self",
                "buffOwner": "",
                "stack": 0,
                "turn": 2,
                "activeRound": 0
              }
            }
          ],
          "coinList": [
            {
              "operatorType": "ADD",
              "scale": 4,
              "abilityScriptList": [
                {
                  "scriptName": "GiveBuffOnSucceedAttack",
                  "buffData": {
                    "buffKeyword": "Burst",
                    "target": "Target",
                    "buffOwner": "",
                    "stack": 1,
                    "turn": 0,
                    "activeRound": 0
                  }
                }
              ]
            },
            {
              "operatorType": "ADD",
              "scale": 4,
              "abilityScriptList": [
                {
                  "scriptName": "GiveBuffOnSucceedAttack",
                  "buffData": {
                    "buffKeyword": "Burst",
                    "target": "Target",
                    "buffOwner": "",
                    "stack": 0,
                    "turn": 1,
                    "activeRound": 0
                  }
                }
              ]
            },
            {
              "operatorType": "ADD",
              "scale": 4,
              "abilityScriptList": [
                {
                  "scriptName": "RerollOnSAViaConditionalBuffCheckAndUseResult",
                  "conditionalData": {
                    "category": "Buff_Stack",
                    "type": "GreaterEqual",
                    "conditionBuffData": {
                      "buffKeyword": "Breath",
                      "buffOwner": "Self",
                      "stack": 30,
                      "turn": 0,
                      "activeRound": 0
                    },
                    "resultBuffData": {
                      "buffKeyword": "Breath",
                      "buffOwner": "Self",
                      "stack": 10,
                      "turn": 0,
                      "activeRound": 0,
                      "limit": 1
                    }
                  }
                },
                {
                  "scriptName": "GiveBuffOnSucceedAttack",
                  "buffData": {
                    "buffKeyword": "BurstPoison",
                    "target": "Target",
                    "buffOwner": "",
                    "stack": 5,
                    "turn": 0,
                    "activeRound": 0
                  }
                },
                {
                  "scriptName": "GiveBuffOnSuccessCriticalAttack",
                  "buffData": {
                    "buffKeyword": "SnakeStance",
                    "target": "Self",
                    "buffOwner": "",
                    "stack": 1,
                    "turn": 0,
                    "activeRound": 0
                  }
                }
              ]
            }
          ]
        }
      ]
    },
    {
      "id": 1091203,
      "skillType": "SKILL",
      "skillTier": 3,
      "requireIDList": [
        "CheckAwakenLevel3"
      ],
      "skillData": [
        {
          "gaksungLevel": 3,
          "attributeType": "AZURE",
          "atkType": "PENETRATE",
          "defType": "ATTACK",
          "skillTargetType": "FRONT",
          "targetNum": 3,
          "mpUsage": 0,
          "skillLevelCorrection": 5,
          "defaultValue": 4,
          "range": 6,
          "arearange": 4,
          "canTeamKill": false,
          "canDuel": true,
          "canChangeTarget": true,
          "skillMotion": "S3",
          "viewType": "ENCOUNTER",
          "parryingCloseType": "NEAR",
          "abilityScriptList": [
            {
              "scriptName": "DealRandomTargetAmongTargetsMTFirst"
            },
            {
              "scriptName": "CoinScaleAdder11212_10_1_1"
            },
            {
              "scriptName": "ParryingPowerResultAdderOnStartTurnSelfViaBuffCheckDevideByStack",
              "buffData": {
                "buffKeyword": "SnakeStance",
                "buffOwner": "Self",
                "stack": 1,
                "turn": 0,
                "value": 1
              }
            },
            {
              "scriptName": "GiveBuffOnUse",
              "buffData": {
                "buffKeyword": "SnakeStance",
                "target": "Self",
                "buffOwner": "",
                "stack": 3,
                "turn": 0,
                "activeRound": 0
              }
            }
          ],
          "coinList": [
            {
              "operatorType": "ADD",
              "scale": 4,
              "abilityScriptList": [
                {
                  "scriptName": "GiveBuffOnSucceedAttack",
                  "buffData": {
                    "buffKeyword": "Breath",
                    "target": "Self",
                    "buffOwner": "",
                    "stack": 0,
                    "turn": 2,
                    "activeRound": 0
                  }
                }
              ]
            },
            {
              "operatorType": "ADD",
              "scale": 4,
              "abilityScriptList": [
                {
                  "scriptName": "GiveBuffOnSucceedAttack",
                  "buffData": {
                    "buffKeyword": "Breath",
                    "target": "Self",
                    "buffOwner": "",
                    "stack": 2,
                    "turn": 0,
                    "activeRound": 0
                  }
                }
              ]
            },
            {
              "operatorType": "ADD",
              "scale": 4,
              "actionIndex" :  3,
              "cutsceneStart": true,
              "abilityScriptList": [
                {
                  "scriptName": "GiveBuffOnSucceedAttack",
                  "buffData": {
                    "buffKeyword": "Burst",
                    "target": "Target",
                    "buffOwner": "",
                    "stack": 0,
                    "turn": 1,
                    "activeRound": 0
                  }
                },
                {
                  "scriptName": "UseBurstPoisonOnSAC",
                  "buffData": {
                    "buffKeyword": "BurstPoison",
                    "target": "Target",
                    "buffOwner": "",
                    "stack": 1,
                    "turn": 0,
                    "activeRound": 0
                  }
                },
                {
                  "scriptName": "RerollOnSACUpto2"
                }
              ]
            }
          ]
        },
        {
          "gaksungLevel": 4,
          "defaultValue": 5,
          "abilityScriptList": [
            {
              "scriptName": "DealRandomTargetAmongTargetsMTFirst"
            },
            {
              "scriptName": "CoinScaleAdder11212_10_1_2"
            },
            {
              "scriptName": "ParryingPowerResultAdderOnStartTurnSelfViaBuffCheckDevideByStack",
              "buffData": {
                "buffKeyword": "SnakeStance",
                "buffOwner": "Self",
                "stack": 1,
                "turn": 0,
                "value": 1
              }
            },
            {
              "scriptName": "GiveBuffOnUse",
              "buffData": {
                "buffKeyword": "SnakeStance",
                "target": "Self",
                "buffOwner": "",
                "stack": 3,
                "turn": 0,
                "activeRound": 0
              }
            },
            {
              "scriptName": "GiveBuffOnWinDuel1091203",
              "buffData": {
                "buffKeyword": "Burst",
                "target": "Custom",
                "buffOwner": "",
                "stack": 0,
                "turn": 1,
                "activeRound": 0
              }
            }
          ]
        }
      ]
    },
    {
      "id": 1091204,
      "skillType": "SKILL",
      "skillTier": 1,
      "requireIDList": [],
      "skillData": [
        {
          "gaksungLevel": 1,
          "attributeType": "NEUTRAL",
          "atkType": "NONE",
          "defType": "GUARD",
          "skillTargetType": "FRONT",
          "targetNum": 1,
          "mpUsage": 0,
          "skillLevelCorrection": 0,
          "defaultValue": 2,
          "range": 999,
          "canTeamKill": false,
          "canDuel": true,
          "canChangeTarget": true,
          "skillMotion": "Default",
          "viewType": "BATTLE",
          "parryingCloseType": "NEAR",
          "abilityScriptList": [
            {
              "scriptName": "GiveBuffOnBattleStart",
              "buffData": {
                "buffKeyword": "SnakeStance",
                "target": "Self",
                "buffOwner": "",
                "stack": 3,
                "turn": 0,
                "activeRound": 1
              }
            }
          ],
          "coinList": [
            {
              "operatorType": "ADD",
              "grade": 2,
              "color": "GREY",
              "scale": 8,
              "abilityScriptList": [
                {
                  "scriptName": "SuperCoin"
                }
              ]
            }
          ]
        },
        {
          "gaksungLevel": 4,
          "attributeType": "SHAMROCK",
          "iconID": "1091204_4",
          "defaultValue": 3,
          "abilityScriptList": [
            {
              "scriptName": "GiveBuffOnBattleStart",
              "buffData": {
                "buffKeyword": "SnakeStance",
                "target": "Self",
                "buffOwner": "",
                "stack": 3,
                "turn": 0,
                "activeRound": 1
              }
            },
            {
              "scriptName": "CoinScaleAdderOnStartTurnViaBuffCheck",
              "buffData": {
                "buffKeyword": "Breath",
                "buffOwner": "Self",
                "stack": 10,
                "turn": 0,
                "value": 1
              }
            }
          ],
          "coinList": [
            {
              "operatorType": "ADD",
              "grade": 2,
              "color": "GREY",
              "scale": 10,
              "abilityScriptList": [
                {
                  "scriptName": "SuperCoin"
                }
              ]
            }
          ]
        }
      ]
    }
  ]
}