{
  "list": [
    {
      "id": 112601,
      "skillTier": 1,
      "skillData": [
        {
          "skillTargetType": "FRONT",
          "canTeamKill": false,
          "canDuel": true,
          "canChangeTarget": true,
          "attributeType": "SCARLET",
          "atkType": "SLASH",
          "defType": "ATTACK",
          "skillMotion": "S1",
          "viewType": "BATTLE",
          "parryingCloseType": "NEAR",
          "targetNum": 1,
          "defaultValue": 4,
          "skillLevelCorrection": 2,
          "abilityScriptList": [
            {
              "scriptName": "ParryingPowerResultAdderOnStartTurnSelfViaBuffCheck",
              "buffData": {
                "buffKeyword": "Burst",
                "buffOwner": "Target",
                "stack": 5,
                "turn": 0,
                "value": 1
              }
            },
            {
              "scriptName": "EmptyBody"
            }
          ],
          "coinList": [
            {
              "operatorType": "ADD",
              "scale": 6,
              "abilityScriptList": [
                {
                  "scriptName": "GiveBuffOnSucceedAttack",
                  "buffData": {
                    "buffKeyword": "Burst",
                    "target": "Target",
                    "stack": 2,
                    "turn": 0,
                    "activeRound": 0
                  }
                }
              ]
            }
          ]
        }
      ]
    },
    {
      "id": 112602,
      "skillTier": 1,
      "skillData": [
        {
          "skillTargetType": "FRONT",
          "canTeamKill": false,
          "canDuel": true,
          "canChangeTarget": true,
          "attributeType": "SCARLET",
          "atkType": "SLASH",
          "defType": "ATTACK",
          "skillMotion": "S2",
          "viewType": "BATTLE",
          "parryingCloseType": "NEAR",
          "targetNum": 1,
          "defaultValue": 4,
          "skillLevelCorrection": 3,
          "abilityScriptList": [
            {
              "scriptName": "ParryingPowerResultAdderOnStartTurnSelfViaBuffCheck",
              "buffData": {
                "buffKeyword": "Burst",
                "buffOwner": "Target",
                "stack": 5,
                "turn": 0,
                "value": 1
              }
            },
            {
              "scriptName": "GiveBuffOnUse",
              "buffData": {
                "buffKeyword": "LegStrength",
                "target": "Self",
                "stack": 3,
                "turn": 0,
                "activeRound": 0
              }
            },
            {
              "scriptName": "EmptyBody"
            }
          ],
          "coinList": [
            {
              "operatorType": "ADD",
              "scale": 6,
              "abilityScriptList": [
                {
                  "scriptName": "GiveBuffOnSucceedAttack",
                  "buffData": {
                    "buffKeyword": "Burst",
                    "target": "Target",
                    "stack": 0,
                    "turn": 2,
                    "activeRound": 0
                  }
                },
                {
                  "scriptName": "GiveBuffOnSucceedAttackIfHasStack_BurstAgility1",
                  "buffData": {
                    "buffKeyword": "Agility",
                    "target": "Self",
                    "buffOwner": "Target",
                    "stack": 1,
                    "turn": 0,
                    "activeRound": 1
                  }
                }
              ]
            }
          ]
        }
      ]
    },
    {
      "id": 112603,
      "skillTier": 1,
      "skillData": [
        {
          "skillTargetType": "FRONT",
          "canTeamKill": false,
          "canDuel": true,
          "canChangeTarget": true,
          "attributeType": "AMBER",
          "atkType": "SLASH",
          "defType": "ATTACK",
          "skillMotion": "S3",
          "viewType": "BATTLE",
          "parryingCloseType": "NEAR",
          "targetNum": 1,
          "defaultValue": 4,
          "skillLevelCorrection": 4,
          "abilityScriptList": [
            {
              "scriptName": "CoinScaleAdderOnStartTurnViaBuffCheck",
              "buffData": {
                "buffKeyword": "Burst",
                "buffOwner": "Target",
                "stack": 5,
                "turn": 0,
                "value": 1
              }
            },
            {
              "scriptName": "EmptyBody"
            }
          ],
          "coinList": [
            {
              "operatorType": "ADD",
              "scale": 5,
              "abilityScriptList": [
                {
                  "scriptName": "GiveBuffOnSucceedAttack",
                  "buffData": {
                    "buffKeyword": "Burst",
                    "target": "Target",
                    "stack": 2,
                    "turn": 0,
                    "activeRound": 0
                  }
                }
              ]
            },
            {
              "operatorType": "ADD",
              "scale": 5,
              "abilityScriptList": [
                {
                  "scriptName": "GiveBuffOnSucceedAttack",
                  "buffData": {
                    "buffKeyword": "Burst",
                    "target": "Target",
                    "stack": 2,
                    "turn": 0,
                    "activeRound": 0
                  }
                },
                {
                  "scriptName": "GiveBuffOnSucceedAttack",
                  "buffData": {
                    "buffKeyword": "BurstAgility",
                    "target": "Target",
                    "stack": 1,
                    "turn": 0,
                    "activeRound": 0
                  }
                }
              ]
            }
          ]
        }
      ]
    },
    {
      "id": 112604,
      "skillTier": 1,
      "skillData": [
        {
          "skillTargetType": "FRONT",
          "canTeamKill": false,
          "canDuel": true,
          "canChangeTarget": true,
          "attributeType": "INDIGO",
          "atkType": "SLASH",
          "defType": "ATTACK",
          "skillMotion": "S4",
          "viewType": "BATTLE",
          "parryingCloseType": "NEAR",
          "targetNum": 1,
          "defaultValue": 4,
          "skillLevelCorrection": 5,
          "abilityScriptList": [
            {
              "scriptName": "AttackHighestStackTarget_BurstAgility"
            },
            {
              "scriptName": "11260402"
            },
            {
              "scriptName": "CoinScaleAdderOnStartTurnViaBuffCheckDevideByStackWithLimit2",
              "buffData": {
                "buffKeyword": "Burst",
                "buffOwner": "Target",
                "stack": 5,
                "turn": 0,
                "value": 1
              }
            },
            {
              "scriptName": "SkillPowerAdderViaBuffCheckDevideByTurnWithLimit3",
              "buffData": {
                "buffKeyword": "Burst",
                "buffOwner": "Target",
                "stack": 0,
                "turn": 2,
                "value": 1
              }
            },
            {
              "scriptName": "11260401"
            },
            {
              "scriptName": "EmptyBody"
            }
          ],
          "coinList": [
            {
              "operatorType": "ADD",
              "grade": 2,
              "color": "GREY",
              "scale": 4,
              "abilityScriptList": [
                {
                  "scriptName": "SuperCoin"
                },
                {
                  "scriptName": "GiveBuffOnSucceedAttack",
                  "buffData": {
                    "buffKeyword": "Burst",
                    "target": "Target",
                    "stack": 0,
                    "turn": 3,
                    "activeRound": 0
                  }
                }
              ]
            },
            {
              "operatorType": "ADD",
              "grade": 2,
              "color": "GREY",
              "scale": 4,
              "abilityScriptList": [
                {
                  "scriptName": "SuperCoin"
                },
                {
                  "scriptName": "GiveBuffOnSucceedAttack",
                  "buffData": {
                    "buffKeyword": "Burst",
                    "target": "Target",
                    "stack": 5,
                    "turn": 0,
                    "activeRound": 0
                  }
                }
              ]
            },
            {
              "operatorType": "ADD",
              "grade": 2,
              "color": "GREY",
              "scale": 4,
              "abilityScriptList": [
                {
                  "scriptName": "SuperCoin"
                },
                {
                  "scriptName": "DmgUpByBuff",
                  "buffData": {
                    "buffKeyword": "BurstAgility",
                    "buffOwner": "Target",
                    "stack": 1,
                    "turn": 0,
                    "value": 0.5
                  }
                },
                {
                  "scriptName": "GiveBuffOnSucceedAttack",
                  "buffData": {
                    "buffKeyword": "Burst",
                    "target": "Target",
                    "stack": 5,
                    "turn": 0,
                    "activeRound": 0
                  }
                }
              ]
            }
          ]
        }
      ]
    },
    {
      "id": 112605,
      "skillTier": 1,
      "skillData": [
        {
          "skillTargetType": "FRONT",
          "canTeamKill": false,
          "canDuel": true,
          "canChangeTarget": true,
          "attributeType": "VIOLET",
          "atkType": "SLASH",
          "defType": "COUNTER",
          "skillMotion": "S5",
          "viewType": "BATTLE",
          "parryingCloseType": "NEAR",
          "targetNum": 1,
          "defaultValue": 4,
          "skillLevelCorrection": 0,
          "abilityScriptList": [
            {
              "scriptName": "11260501"
            },
            {
              "scriptName": "EmptyBody"
            }
          ],
          "coinList": [
            {
              "operatorType": "ADD",
              "scale": 4,
              "abilityScriptList": [
                {
                  "scriptName": "GiveBuffOnSucceedAttack",
                  "buffData": {
                    "buffKeyword": "Burst",
                    "target": "Target",
                    "stack": 0,
                    "turn": 2,
                    "activeRound": 0
                  }
                }
              ]
            },
            {
              "operatorType": "ADD",
              "scale": 4,
              "abilityScriptList": [
                {
                  "scriptName": "GiveBuffOnSucceedAttack",
                  "buffData": {
                    "buffKeyword": "Burst",
                    "target": "Target",
                    "stack": 0,
                    "turn": 1,
                    "activeRound": 0
                  }
                }
              ]
            },
            {
              "operatorType": "ADD",
              "scale": 4,
              "abilityScriptList": [
                {
                  "scriptName": "GiveBuffOnSucceedAttack",
                  "buffData": {
                    "buffKeyword": "Burst",
                    "target": "Target",
                    "stack": 0,
                    "turn": 1,
                    "activeRound": 0
                  }
                }
              ]
            }
          ]
        }
      ]
    },
    
    {
      "id": 112701,
      "skillTier": 1,
      "skillData": [
        {
          "attributeType": "INDIGO",
          "atkType": "HIT",
          "defType": "ATTACK",
          "targetNum": 3,
          "skillTargetType": "RANDOM",
          "canTeamKill": false,
          "canDuel": true,
          "canChangeTarget": true,
          "skillMotion": "S4",
          "range": 7,
          "arearange": 3,
          "viewType": "ENCOUNTER",
          "parryingCloseType": "NEAR",
          "skillLevelCorrection": 0,
          "defaultValue": 5,
          "abilityScriptList": [
            {
              "scriptName": "GiveBuffOnUse",
              "buffData": {
                "buffKeyword": "HitDamageUp",
                "target": "Self",
                "stack": 3,
                "turn": 0,
                "activeRound": 1
              }
            },
            {
              "scriptName": "OverwriteToSuperCoinViaBuffCheck",
              "buffData": {
                "buffKeyword": "MiddleFingerBook",
                "buffOwner": "Target",
                "stack": 3,
                "turn": 0
              }
            },
            {
              "scriptName": "EmptyBody"
            }
          ],
          "coinList": [
            {
              "operatorType": "ADD",
              "scale": 7
            },
            {
              "operatorType": "ADD",
              "scale": 7,
              "abilityScriptList": [
                {
                  "scriptName": "GiveBuffOnSucceedAttack",
                  "buffData": {
                    "buffKeyword": "Binding",
                    "target": "Target",
                    "stack": 1,
                    "turn": 0,
                    "activeRound": 1
                  }
                }
              ]
            }
          ]
        }
      ]
    },
    {
      "id": 112702,
      "skillTier": 1,
      "skillData": [
        {
          "attributeType": "VIOLET",
          "atkType": "HIT",
          "defType": "ATTACK",
          "targetNum": 1,
          "skillTargetType": "RANDOM",
          "canTeamKill": false,
          "canDuel": true,
          "canChangeTarget": true,
          "skillMotion": "S5",
          "range": 7,
          "arearange": 3,
          "viewType": "ENCOUNTER",
          "parryingCloseType": "NEAR",
          "skillLevelCorrection": 0,
          "defaultValue": 4,
          "abilityScriptList": [
            {
              "scriptName": "AttackHighestStackTargetOnlyHasBuff_MiddleFingerBook"
            },
            {
              "scriptName": "OverwriteToSuperCoinViaBuffCheck",
              "buffData": {
                "buffKeyword": "MiddleFingerBook",
                "buffOwner": "Target",
                "stack": 3,
                "turn": 0
              }
            },
            {
              "scriptName": "EmptyBody"
            }
          ],
          "coinList": [
            {
              "operatorType": "ADD",
              "scale": 4,
              "abilityScriptList": [
                {
                  "scriptName": "GiveBuffOnSucceedAttack",
                  "buffData": {
                    "buffKeyword": "Vulnerable",
                    "target": "Target",
                    "stack": 1,
                    "turn": 0,
                    "activeRound": 0
                  }
                },
                {
                  "scriptName": "GiveBuffOnSucceedAttack",
                  "buffData": {
                    "buffKeyword": "Vulnerable",
                    "target": "Target",
                    "stack": 1,
                    "turn": 0,
                    "activeRound": 1
                  }
                }
              ]
            },
            {
              "operatorType": "ADD",
              "scale": 4,
              "abilityScriptList": [
                {
                  "scriptName": "GiveBuffOnSucceedAttack",
                  "buffData": {
                    "buffKeyword": "Vulnerable",
                    "target": "Target",
                    "stack": 1,
                    "turn": 0,
                    "activeRound": 0
                  }
                },
                {
                  "scriptName": "GiveBuffOnSucceedAttack",
                  "buffData": {
                    "buffKeyword": "Vulnerable",
                    "target": "Target",
                    "stack": 1,
                    "turn": 0,
                    "activeRound": 1
                  }
                }
              ]
            },
            {
              "operatorType": "ADD",
              "scale": 4,
              "abilityScriptList": [
                {
                  "scriptName": "GiveAdditionalHitDmgOnSuccessAttackTargetViaBuffDevide",
                  "buffData": {
                    "buffKeyword": "MiddleFingerBook",
                    "target": "",
                    "buffOwner": "Target",
                    "stack": 1,
                    "turn": 0,
                    "activeRound": 0,
                    "value": 3
                  }
                },
                {
                  "scriptName": "ForceToDestroyActivatedBuffOnSucceedAttack",
                  "buffData": {
                    "buffKeyword": "MiddleFingerBook",
                    "target": "Target",
                    "activeRound": 0
                  }
                }
              ]
            }
          ]
        }
      ]
    },
    {
      "id": 112703,
      "skillTier": 1,
      "skillData": [
        {
          "attributeType": "INDIGO",
          "atkType": "NONE",
          "defType": "GUARD",
          "targetNum": 1,
          "skillTargetType": "RANDOM",
          "canTeamKill": false,
          "canDuel": false,
          "canChangeTarget": true,
          "skillMotion": "Default",
          "viewType": "BATTLE",
          "parryingCloseType": "NEAR",
          "skillLevelCorrection": 0,
          "defaultValue": 8,
          "abilityScriptList": [
            {
              "scriptName": "HealMpOnBattleStartEveryAlly10"
            },
            {
              "scriptName": "OnEndRound112703"
            },
            {
              "scriptName": "GiveBuffOnRoundEndAlive",
              "buffData": {
                "buffKeyword": "HitResultUp",
                "target": "EveryAlly",
                "stack": 1,
                "turn": 0,
                "activeRound": 1
              }
            },
            {
              "scriptName": "EmptyBody"
            }
          ],
          "coinList": [
            {
              "operatorType": "ADD",
              "scale": 8
            }
          ]
        }
      ]
    },
    {
      "id": 112704,
      "skillTier": 1,
      "skillData": [
        {
          "iconID": 809909,
          "attributeType": "CRIMSON",
          "atkType": "HIT",
          "defType": "ATTACK",
          "targetNum": 7,
          "range": 10,
          "arearange":  6,
          "skillTargetType": "RANDOM",
          "canTeamKill": false,
          "canDuel": true,
          "canChangeTarget": true,
          "skillMotion": "S9",
          "viewType": "ENCOUNTER",
          "parryingCloseType": "NEAR",
          "skillLevelCorrection": 0,
          "defaultValue": 8,
          "abilityScriptList": [
            {
              "scriptName": "SkillPowerResultAdderViaBuffCheck",
              "buffData": {
                "buffKeyword": "MiddleFingerBook",
                "target": "",
                "buffOwner": "Target",
                "stack": 5,
                "turn": 0,
                "activeRound": 0,
                "value": 5
              }
            },
            {
              "scriptName": "DestroyBuff9102004",
              "buffData": {
                "buffKeyword": "MiddleFingerBook",
                "buffOwner": "Target"
              }
            },
            {
              "scriptName": "EmptyBody"
            },
            {
              "scriptName": "CanBeChangedTargetIgnoreSpeed"
            }
          ],
          "coinList": [
            {
              "operatorType": "ADD",
              "scale": 15,
              "grade": 2,
              "color": "GREY",
              "abilityScriptList": [
                {
                  "scriptName": "SuperCoin"
                },
                {
                  "scriptName": "GiveAdditionalHitDmgOnSuccessAttackTargetViaBuffDevide",
                  "buffData": {
                    "buffKeyword": "MiddleFingerBook",
                    "target": "",
                    "buffOwner": "Target",
                    "stack": 1,
                    "turn": 0,
                    "activeRound": 0,
                    "value": 10
                  }
                }
              ]
            }
          ]
        }
      ]
    },
    {
      "id": 112801,
      "skillTier": 1,
      "textID": 9102001,
      "skillData": [
        {
          "iconID": 9102001,
          "attributeType": "SCARLET",
          "atkType": "HIT",
          "defType": "ATTACK",
          "targetNum": 1,
          "skillTargetType": "RANDOM",
          "canTeamKill": false,
          "canDuel": true,
          "canChangeTarget": true,
          "skillMotion": "S1",
          "viewType": "BATTLE",
          "range": 6,
          "arearange": 3,
          "parryingCloseType": "NEAR",
          "skillLevelCorrection": 2,
          "defaultValue": 4,
          "abilityScriptList": [
            {
              "scriptName": "EmptyBody"
            }
          ],
          "coinList": [
            {
              "operatorType": "ADD",
              "scale": 6,
              "abilityScriptList": [
                {
                  "scriptName": "GiveBuffOnSucceedAttack",
                  "buffData": {
                    "buffKeyword": "Paralysis",
                    "target": "Target",
                    "stack": 1,
                    "turn": 0,
                    "activeRound": 1
                  }
                }
              ]
            }
          ]
        }
      ]
    },
    {
      "id": 112802,
      "skillTier": 1,
      "textID": 9102002,
      "skillData": [
        {
          "iconID": 9102002,
          "attributeType": "CRIMSON",
          "atkType": "HIT",
          "defType": "ATTACK",
          "targetNum": 1,
          "skillTargetType": "RANDOM",
          "canTeamKill": false,
          "canDuel": true,
          "canChangeTarget": true,
          "skillMotion": "S2",
          "viewType": "BATTLE",
          "range": 6,
          "arearange": 3,
          "parryingCloseType": "NEAR",
          "skillLevelCorrection": 2,
          "defaultValue": 4,
          "abilityScriptList": [
            {
              "scriptName": "BuffStackAdder9102002_MiddleFingerBook1",
              "buffData": {
                "buffKeyword": "DefenseDown",
                "target": "Target",
                "buffOwner": "Target",
                "stack": 2,
                "turn": 0,
                "activeRound": 0
              }
            },
            {
              "scriptName": "EmptyBody"
            }
          ],
          "coinList": [
            {
              "operatorType": "ADD",
              "scale": 7,
              "abilityScriptList": [
                {
                  "scriptName": "GiveBuffOnSucceedAttack",
                  "buffData": {
                    "buffKeyword": "Binding",
                    "target": "Target",
                    "stack": 1,
                    "turn": 0,
                    "activeRound": 1
                  }
                },
                {
                  "scriptName": "GiveBuffOnSucceedAttack",
                  "buffData": {
                    "buffKeyword": "DefenseDown",
                    "target": "Target",
                    "stack": 2,
                    "turn": 0,
                    "activeRound": 1
                  }
                }
              ]
            }
          ]
        }
      ]
    },
    {
      "id": 112803,
      "skillTier": 1,
      "textID": 9102003,
      "skillData": [
        {
          "iconID": 9102003,
          "attributeType": "CRIMSON",
          "atkType": "HIT",
          "defType": "ATTACK",
          "targetNum": 1,
          "skillTargetType": "RANDOM",
          "canTeamKill": false,
          "canDuel": true,
          "canChangeTarget": true,
          "skillMotion": "S3",
          "viewType": "BATTLE",
          "range": 6,
          "arearange": 3,
          "parryingCloseType": "NEAR",
          "skillLevelCorrection": 3,
          "defaultValue": 5,
          "abilityScriptList": [
            {
              "scriptName": "BuffStackAdder9102002_MiddleFingerBook1",
              "buffData": {
                "buffKeyword": "AttackDown",
                "target": "Target",
                "buffOwner": "Target",
                "stack": 1,
                "turn": 0,
                "activeRound": 0
              }
            },
            {
              "scriptName": "EmptyBody"
            }
          ],
          "coinList": [
            {
              "operatorType": "ADD",
              "scale": 5,
              "abilityScriptList": [
                {
                  "scriptName": "GiveBuffOnSucceedAttackHead",
                  "buffData": {
                    "buffKeyword": "AttackDown",
                    "target": "Target",
                    "stack": 1,
                    "turn": 0,
                    "activeRound": 1
                  }
                },
                {
                  "scriptName": "GiveBuffOnSucceedAttackIfHasStack_MiddleFingerBook1",
                  "buffData": {
                    "buffKeyword": "PlusCoinValueUp",
                    "buffOwner": "Target",
                    "target": "Self",
                    "stack": 1,
                    "turn": 0,
                    "activeRound": 1
                  }
                }
              ]
            },
            {
              "operatorType": "ADD",
              "scale": 5,
              "abilityScriptList": [
                {
                  "scriptName": "GiveBuffOnSucceedAttackHead",
                  "buffData": {
                    "buffKeyword": "AttackDown",
                    "target": "Target",
                    "stack": 1,
                    "turn": 0,
                    "activeRound": 1
                  }
                },
                {
                  "scriptName": "GiveBuffOnSucceedAttackIfHasStack_MiddleFingerBook1",
                  "buffData": {
                    "buffKeyword": "PlusCoinValueUp",
                    "buffOwner": "Target",
                    "target": "Self",
                    "stack": 1,
                    "turn": 0,
                    "activeRound": 1
                  }
                }
              ]
            }
          ]
        }
      ]
    },
    {
      "id": 112804,
      "skillTier": 1,
      "textID": 9102004,
      "skillData": [
        {
          "iconID": 9102004,
          "attributeType": "VIOLET",
          "atkType": "HIT",
          "defType": "ATTACK",
          "targetNum": 1,
          "skillTargetType": "RANDOM",
          "canTeamKill": false,
          "canDuel": true,
          "canChangeTarget": true,
          "skillMotion": "S4",
          "viewType": "ENCOUNTER",
          "range": 6,
          "arearange": 3,
          "parryingCloseType": "NEAR",
          "skillLevelCorrection": 5,
          "defaultValue": 4,
          "abilityScriptList": [
            {
              "scriptName": "AttackDmgUpByRatioViaBuffCheckDevideByStackWithLimit50",
              "buffData": {
                "buffKeyword": "MiddleFingerBook",
                "target": "",
                "buffOwner": "Target",
                "stack": 2,
                "turn": 0,
                "activeRound": 0,
                "value": 0.1
              }
            },
            {
              "scriptName": "TargetNumAdderBB1IfAbnormalitySelfHpRatioNotMoreThan40"
            },
            {
              "scriptName": "OverwriteToSuperCoinViaBuffCheck",
              "buffData": {
                "buffKeyword": "MiddleFingerBook",
                "buffOwner": "Target",
                "stack": 1,
                "turn": 0
              }
            },
            {
              "scriptName": "CoinScaleAdder9102004",
              "value": 3,
              "buffData": {
                "buffKeyword": "MiddleFingerBook",
                "buffOwner": "Target",
                "stack": 1,
                "turn": 0,
                "value": 1,
                "limit": 2
              }
            },
            {
              "scriptName": "ParryingPowerResultAdderOnStartTurnSelfViaBuffCheckDevideByStack",
              "buffData": {
                "buffKeyword": "MiddleFingerBook",
                "target": "",
                "buffOwner": "Target",
                "stack": 2,
                "turn": 0,
                "value": 1,
                "limit": 5
              }
            },
            {
              "scriptName": "GiveBuffOnKillTargetIfHasStack_MiddleFingerBook1",
              "turnLimit": 2,
              "buffData": {
                "buffKeyword": "PlusCoinValueUp",
                "target": "Self",
                "buffOwner": "Target",
                "stack": 1,
                "turn": 0,
                "activeRound": 1
              }
            },
            {
              "scriptName": "DestroyBuff9102004",
              "buffData": {
                "buffKeyword": "MiddleFingerBook",
                "buffOwner": "Target"
              }
            },
            {
              "scriptName": "EmptyBody"
            }
          ],
          "coinList": [
            {
              "operatorType": "ADD",
              "scale": 4,
              "abilityScriptList": [
                {
                  "scriptName": "GiveBuffOnSucceedAttack",
                  "buffData": {
                    "buffKeyword": "Paralysis",
                    "target": "Target",
                    "stack": 3,
                    "turn": 0,
                    "activeRound": 1
                  }
                }
              ]
            },
            {
              "operatorType": "ADD",
              "scale": 4,
              "abilityScriptList": [
                {
                  "scriptName": "GiveBuffOnSucceedAttack",
                  "buffData": {
                    "buffKeyword": "Binding",
                    "target": "Target",
                    "stack": 3,
                    "turn": 0,
                    "activeRound": 1
                  }
                }
              ]
            },
            {
              "operatorType": "ADD",
              "scale": 4,
              "abilityScriptList": [
                {
                  "scriptName": "GiveBuffOnSucceedAttack",
                  "buffData": {
                    "buffKeyword": "Reduction",
                    "target": "Target",
                    "stack": 2,
                    "turn": 0,
                    "activeRound": 1
                  }
                }
              ]
            }
          ]
        }
      ]
    },
    {
      "id": 112805,
      "skillTier": 1,
      "textID": 9102005,
      "skillData": [
        {
          "iconID": 9102005,
          "attributeType": "INDIGO",
          "atkType": "HIT",
          "defType": "COUNTER",
          "targetNum": 1,
          "skillTargetType": "RANDOM",
          "canTeamKill": false,
          "canDuel": false,
          "canChangeTarget": true,
          "skillMotion": "S5",
          "viewType": "BATTLE",
          "range": 6,
          "arearange": 3,
          "parryingCloseType": "NEAR",
          "skillLevelCorrection": -5,
          "defaultValue": 2,
          "abilityScriptList": [
            {
              "scriptName": "CounterShieldViaBuff",
              "turnLimit": 1,
              "buffData": {
                "buffKeyword": "MiddleFingerBook",
                "buffOwner": "Target",
                "stack": 1,
                "turn": 0,
                "value": 5,
                "limit": 50
              }
            },
            {
              "scriptName": "SkillPowerAdderOnUseViaBuffCheck",
              "buffData": {
                "buffKeyword": "MiddleFingerBook",
                "buffOwner": "Target",
                "target": "",
                "stack": 5,
                "turn": 0,
                "activeRound": 0,
                "value": 3
              }
            },
            {
              "scriptName": "GiveBuffOnUseIfHasStack_MiddleFingerBook5",
              "buffData": {
                "buffKeyword": "DefenseDown",
                "target": "Target",
                "buffOwner": "Target",
                "stack": 4,
                "turn": 0,
                "activeRound": 0
              }
            },
            {
              "scriptName": "EmptyBody"
            }
          ],
          "coinList": [
            {
              "operatorType": "ADD",
              "scale": 2,
              "abilityScriptList": [
                {
                  "scriptName": "DamageFirstBreakSectionOnSuccessAttack20"
                },
                {
                  "scriptName": "GiveHpDmgOnSATarget15"
                }
              ]
            },
            {
              "operatorType": "ADD",
              "scale": 2,
              "abilityScriptList": [
                {
                  "scriptName": "DamageFirstBreakSectionOnSuccessAttack20"
                },
                {
                  "scriptName": "GiveHpDmgOnSATarget15"
                }
              ]
            }
          ]
        }
      ]
    }
  ]
}