{
  "list": [
    {
      "id": 874101,
      "skillTier": 2,
      "textID": 804701,
      "skillData": [
        {
          "iconID": 804701,
          "canTeamKill": false,
          "canDuel": true,
          "canChangeTarget": true,
          "attributeType": "SCARLET",
          "atkType": "HIT",
          "defType": "ATTACK",
          "skillMotion": "S1",
          "viewType": "BATTLE",
          "parryingCloseType": "NEAR",
          "targetNum": 1,
          "defaultValue": 4,
          "skillLevelCorrection": -5,
          "skillTargetType": "RANDOM",
          "abilityScriptList": [
            {
              "scriptName": "EmptyRightArm"
            },
            {
              "scriptName": "GiveBuffOnUse",
              "buffData": {
                "buffKeyword": "WrappedCurseTag",
                "target": "Target",
                "stack": 2,
                "turn": 0,
                "activeRound": 0
              }
            }
          ],
          "coinList": [
            {
              "operatorType": "ADD",
              "scale": 5,
              "abilityScriptList": [
                {
                  "scriptName": "GiveBuffOnSucceedAttack",
                  "buffData": {
                    "buffKeyword": "Burst",
                    "target": "Target",
                    "stack": 2,
                    "turn": 2,
                    "activeRound": 1
                  }
                }
              ]
            }
          ]
        }
      ]
    },
    {
      "id": 874102,
      "skillTier": 2,
      "textID": 804702,
      "skillData": [
        {
          "iconID": 804702,
          "canTeamKill": false,
          "canDuel": true,
          "canChangeTarget": true,
          "attributeType": "SCARLET",
          "atkType": "HIT",
          "defType": "ATTACK",
          "skillMotion": "S2",
          "viewType": "BATTLE",
          "parryingCloseType": "NEAR",
          "targetNum": 1,
          "defaultValue": 3,
          "skillLevelCorrection": -5,
          "skillTargetType": "RANDOM",
          "abilityScriptList": [
            {
              "scriptName": "EmptyBody"
            },
            {
              "scriptName": "GiveBuffOnUse",
              "buffData": {
                "buffKeyword": "WrappedCurseTag",
                "target": "Target",
                "stack": 1,
                "turn": 0,
                "activeRound": 0
              }
            }
          ],
          "coinList": [
            {
              "operatorType": "ADD",
              "scale": 3,
              "abilityScriptList": [
                {
                  "scriptName": "GiveBuffOnSucceedAttackByDuplicateStack_WrappedCurseTag",
                  "buffData": {
                    "buffKeyword": "WrappedCurseTag",
                    "buffOwner": "Target",
                    "target": "Target",
                    "stack": -1,
                    "turn": 0,
                    "activeRound": 0
                  }
                }
              ]
            },
            {
              "operatorType": "ADD",
              "scale": 3,
              "abilityScriptList": [
                {
                  "scriptName": "GiveBuffOnSucceedAttackHead",
                  "buffData": {
                    "buffKeyword": "Burst",
                    "target": "Target",
                    "stack": 5,
                    "turn": 0,
                    "activeRound": 1
                  }
                }
              ]
            },
            {
              "operatorType": "ADD",
              "scale": 3,
              "abilityScriptList": [
                {
                  "scriptName": "GiveBuffOnSucceedAttackHead",
                  "buffData": {
                    "buffKeyword": "Burst",
                    "target": "Target",
                    "stack": 2,
                    "turn": 2,
                    "activeRound": 1
                  }
                }
              ]
            }
          ]
        }
      ]
    },
    {
      "id": 874103,
      "skillTier": 2,
      "textID": 804703,
      "skillData": [
        {
          "iconID": 804703,
          "canTeamKill": false,
          "canDuel": true,
          "canChangeTarget": true,
          "attributeType": "AZURE",
          "atkType": "HIT",
          "defType": "ATTACK",
          "skillMotion": "S3",
          "viewType": "BATTLE",
          "parryingCloseType": "NEAR",
          "targetNum": 1,
          "defaultValue": 3,
          "skillLevelCorrection": -5,
          "skillTargetType": "RANDOM",
          "abilityScriptList": [
            {
              "scriptName": "EmptyRightArm"
            },
            {
              "scriptName": "DestroySpecificBuffOnRoundEnd",
              "buffData": {
                "buffKeyword": "ReattachedCurseTag",
                "target": "AbnormalitySelf"
              }
            }
          ],
          "coinList": [
            {
              "operatorType": "ADD",
              "scale": 3
            },
            {
              "operatorType": "ADD",
              "scale": 3
            },
            {
              "operatorType": "ADD",
              "scale": 3
            },
            {
              "operatorType": "ADD",
              "scale": 3
            },
            {
              "operatorType": "ADD",
              "scale": 3,
              "abilityScriptList": [
                {
                  "scriptName": "GiveBuffOnSucceedAttack",
                  "buffData": {
                    "buffKeyword": "Paralysis",
                    "target": "Target",
                    "stack": 5,
                    "turn": 0,
                    "activeRound": 1
                  }
                },
                {
                  "scriptName": "GiveBuffOnSucceedAttackHead",
                  "buffData": {
                    "buffKeyword": "Binding",
                    "target": "Target",
                    "stack": 5,
                    "turn": 0,
                    "activeRound": 1
                  }
                }
              ]
            }
          ]
        }
      ]
    },
    {
      "id": 874104,
      "skillTier": 2,
      "textID": 804704,
      "skillData": [
        {
          "iconID": 804704,
          "canTeamKill": false,
          "canDuel": false,
          "canChangeTarget": true,
          "attributeType": "NEUTRAL",
          "atkType": "NONE",
          "defType": "GUARD",
          "skillMotion": "Default",
          "viewType": "BATTLE",
          "parryingCloseType": "NEAR",
          "targetNum": 1,
          "defaultValue": 10,
          "skillLevelCorrection": -5,
          "skillTargetType": "RANDOM",
          "abilityScriptList": [
            {
              "scriptName": "EmptyBody"
            },
            {
              "scriptName": "GiveBuffOnUseByDuplicateStack_WrappedCurseTag",
              "buffData": {
                "buffKeyword": "ReattachedCurseTag",
                "buffOwner": "Target",
                "target": "AbnormalitySelf",
                "stack": -1,
                "turn": 0,
                "activeRound": 0
              }
            },
            {
              "scriptName": "DestroySpecificBuffOnUse",
              "buffData": {
                "buffKeyword": "WrappedCurseTag",
                "target": "Target"
              }
            }
          ],
          "coinList": [
            {
              "operatorType": "ADD",
              "scale": 5
            }
          ]
        }
      ]
    },
    {
      "id": 874105,
      "skillTier": 2,
      "textID": 804705,
      "skillData": [
        {
          "iconID": 804705,
          "canTeamKill": false,
          "canDuel": true,
          "canChangeTarget": true,
          "attributeType": "SCARLET",
          "atkType": "HIT",
          "defType": "ATTACK",
          "skillMotion": "S1",
          "viewType": "BATTLE",
          "parryingCloseType": "NEAR",
          "targetNum": 1,
          "defaultValue": 5,
          "skillLevelCorrection": -5,
          "skillTargetType": "RANDOM",
          "abilityScriptList": [
            {
              "scriptName": "EmptyBody"
            },
            {
              "scriptName": "GiveBuffOnUseByDuplicateStack_WrappedCurseTag",
              "buffData": {
                "buffKeyword": "WrappedCurseTag",
                "buffOwner": "Target",
                "target": "Target",
                "stack": -1,
                "turn": 0,
                "activeRound": 0
              }
            }
          ],
          "coinList": [
            {
              "operatorType": "ADD",
              "scale": 5
            }
          ]
        }
      ]
    },
    {
      "id": 874201,
      "skillTier": 2,
      "textID": 804601,
      "skillData": [
        {
          "iconID": 804601,
          "canTeamKill": false,
          "canDuel": true,
          "canChangeTarget": true,
          "attributeType": "AMBER",
          "atkType": "PENETRATE",
          "defType": "ATTACK",
          "skillMotion": "S1",
          "viewType": "BATTLE",
          "parryingCloseType": "NEAR",
          "targetNum": 1,
          "defaultValue": 5,
          "skillLevelCorrection": 5,
          "skillTargetType": "RANDOM",
          "abilityScriptList": [
            {
              "scriptName": "EmptyHead"
            }
          ],
          "coinList": [
            {
              "operatorType": "ADD",
              "scale": 5,
              "abilityScriptList": [
                {
                  "scriptName": "GiveBuffOnSucceedAttack",
                  "buffData": {
                    "buffKeyword": "Sinking",
                    "target": "Target",
                    "stack": 3,
                    "turn": 0,
                    "activeRound": 0
                  }
                }
              ]
            }
          ]
        }
      ]
    },
    {
      "id": 874202,
      "skillTier": 2,
      "textID": 804602,
      "skillData": [
        {
          "iconID": 804602,
          "canTeamKill": false,
          "canDuel": true,
          "canChangeTarget": true,
          "attributeType": "AMBER",
          "atkType": "SLASH",
          "defType": "ATTACK",
          "skillMotion": "S2",
          "viewType": "BATTLE",
          "parryingCloseType": "NEAR",
          "targetNum": 1,
          "defaultValue": 4,
          "skillLevelCorrection": 5,
          "skillTargetType": "RANDOM",
          "abilityScriptList": [
            {
              "scriptName": "EmptyHead"
            }
          ],
          "coinList": [
            {
              "operatorType": "ADD",
              "scale": 3,
              "abilityScriptList": [
                {
                  "scriptName": "GiveBuffOnSucceedAttack",
                  "buffData": {
                    "buffKeyword": "Sinking",
                    "target": "Target",
                    "stack": 0,
                    "turn": 2,
                    "activeRound": 0
                  }
                }
              ]
            },
            {
              "operatorType": "ADD",
              "scale": 3,
              "abilityScriptList": [
                {
                  "scriptName": "GiveBuffOnSucceedAttack",
                  "buffData": {
                    "buffKeyword": "Sinking",
                    "target": "Target",
                    "stack": 3,
                    "turn": 0,
                    "activeRound": 0
                  }
                }
              ]
            }
          ]
        }
      ]
    },
    {
      "id": 874203,
      "skillTier": 2,
      "textID": 804603,
      "skillData": [
        {
          "iconID": 804603,
          "canTeamKill": false,
          "canDuel": true,
          "canChangeTarget": true,
          "attributeType": "SHAMROCK",
          "atkType": "SLASH",
          "defType": "ATTACK",
          "skillMotion": "S3",
          "viewType": "BATTLE",
          "parryingCloseType": "NEAR",
          "targetNum": 1,
          "defaultValue": 5,
          "skillLevelCorrection": 5,
          "skillTargetType": "RANDOM",
          "abilityScriptList": [
            {
              "scriptName": "EmptyBody"
            }
          ],
          "coinList": [
            {
              "operatorType": "ADD",
              "scale": 4,
              "abilityScriptList": [
                {
                  "scriptName": "GiveBuffOnSucceedAttack",
                  "buffData": {
                    "buffKeyword": "Burst",
                    "target": "Target",
                    "stack": 0,
                    "turn": 3,
                    "activeRound": 0
                  }
                }
              ]
            },
            {
              "operatorType": "ADD",
              "scale": 4,
              "abilityScriptList": [
                {
                  "scriptName": "GiveBuffOnSucceedAttack",
                  "buffData": {
                    "buffKeyword": "Burst",
                    "target": "Target",
                    "stack": 2,
                    "turn": 0,
                    "activeRound": 0
                  }
                }
              ]
            }
          ]
        }
      ]
    },
    {
      "id": 874204,
      "skillTier": 2,
      "textID": 804604,
      "skillData": [
        {
          "iconID": 804604,
          "canTeamKill": false,
          "canDuel": true,
          "canChangeTarget": true,
          "attributeType": "SHAMROCK",
          "atkType": "SLASH",
          "defType": "ATTACK",
          "skillMotion": "S4",
          "viewType": "BATTLE",
          "parryingCloseType": "NEAR",
          "targetNum": 1,
          "defaultValue": 6,
          "skillLevelCorrection": 5,
          "skillTargetType": "RANDOM",
          "abilityScriptList": [
            {
              "scriptName": "EmptyBody"
            }
          ],
          "coinList": [
            {
              "operatorType": "ADD",
              "scale": 4,
              "abilityScriptList": [
                {
                  "scriptName": "GiveBuffOnSucceedAttack",
                  "buffData": {
                    "buffKeyword": "Burst",
                    "target": "Target",
                    "stack": 0,
                    "turn": 2,
                    "activeRound": 0
                  }
                }
              ]
            },
            {
              "operatorType": "ADD",
              "scale": 4,
              "abilityScriptList": [
                {
                  "scriptName": "GiveBuffOnSucceedAttack",
                  "buffData": {
                    "buffKeyword": "Burst",
                    "target": "Target",
                    "stack": 3,
                    "turn": 0,
                    "activeRound": 0
                  }
                },
                {
                  "scriptName": "GiveBuffOnSucceedAttackHead",
                  "buffData": {
                    "buffKeyword": "Burst",
                    "target": "Target",
                    "stack": 2,
                    "turn": 0,
                    "activeRound": 0
                  }
                }
              ]
            }
          ]
        }
      ]
    },
    {
      "id": 874205,
      "skillTier": 2,
      "textID": 804605,
      "skillData": [
        {
          "iconID": 804605,
          "canTeamKill": false,
          "canDuel": true,
          "canChangeTarget": true,
          "attributeType": "AZURE",
          "atkType": "PENETRATE",
          "defType": "ATTACK",
          "skillMotion": "S5",
          "viewType": "BATTLE",
          "parryingCloseType": "NEAR",
          "targetNum": 5,
          "defaultValue": 12,
          "skillLevelCorrection": 5,
          "skillTargetType": "RANDOM",
          "abilityScriptList": [
            {
              "scriptName": "EmptyHead"
            },
            {
              "scriptName": "804605"
            }
          ],
          "coinList": [
            {
              "operatorType": "ADD",
              "scale": 8,
              "abilityScriptList": [
                {
                  "scriptName": "GiveBuffOnSucceedAttack",
                  "buffData": {
                    "buffKeyword": "Sinking",
                    "target": "Target",
                    "buffOwner": "",
                    "stack": 5,
                    "turn": 0,
                    "activeRound": 0
                  }
                },
                {
                  "scriptName": "804605_1"
                }
              ]
            }
          ]
        }
      ]
    },
    {
      "id": 874206,
      "skillTier": 1,
      "textID": 804606,
      "skillData": [
        {
          "iconID": 804606,
          "canTeamKill": false,
          "canDuel": false,
          "canChangeTarget": true,
          "attributeType": "NEUTRAL",
          "atkType": "NONE",
          "defType": "GUARD",
          "skillMotion": "Default",
          "viewType": "BATTLE",
          "parryingCloseType": "NEAR",
          "targetNum": 1,
          "defaultValue": 10,
          "skillLevelCorrection": 5,
          "skillTargetType": "RANDOM",
          "abilityScriptList": [
            {
              "scriptName": "EmptyAllPart"
            },
            {
              "scriptName": "GiveMpDmgOnBattleStartEveryEnemy20"
            }
          ],
          "coinList": [
            {
              "operatorType": "ADD",
              "scale": 5
            }
          ]
        }
      ]
    },
    {
      "id": 874301,
      "skillTier": 2,
      "textID": 805201,
      "skillData": [
        {
          "iconID": 805201,
          "canTeamKill": false,
          "canDuel": true,
          "canChangeTarget": true,
          "attributeType": "AZURE",
          "atkType": "PENETRATE",
          "defType": "ATTACK",
          "skillMotion": "S1",
          "viewType": "BATTLE",
          "parryingCloseType": "FAR",
          "targetNum": 1,
          "defaultValue": 1,
          "range": 999,
          "skillLevelCorrection": -5,
          "skillTargetType": "RANDOM",
          "abilityScriptList": [
            {
              "scriptName": "EmptyBody"
            },
            {
              "scriptName": "GiveBuffOnEndSkill",
              "buffData": {
                "buffKeyword": "Burst",
                "target": "EveryEnemy",
                "buffOwner": "",
                "stack": 0,
                "turn": 2,
                "activeRound": 0
              }
            },
            {
              "scriptName": "GiveBuffOnEndSkill",
              "buffData": {
                "buffKeyword": "Sinking",
                "target": "EveryEnemy",
                "buffOwner": "",
                "stack": 0,
                "turn": 2,
                "activeRound": 0
              }
            }
          ],
          "coinList": [
            {
              "operatorType": "ADD",
              "scale": 1
            }
          ]
        }
      ]
    },
    {
      "id": 874401,
      "skillTier": 2,
      "textID": 804801,
      "skillData": [
        {
          "iconID": 804801,
          "canTeamKill": false,
          "canDuel": true,
          "canChangeTarget": true,
          "attributeType": "SHAMROCK",
          "atkType": "HIT",
          "defType": "ATTACK",
          "skillMotion": "S1",
          "viewType": "BATTLE",
          "parryingCloseType": "NEAR",
          "targetNum": 1,
          "defaultValue": 4,
          "skillLevelCorrection": -2,
          "skillTargetType": "RANDOM",
          "abilityScriptList": [
            {
              "scriptName": "EmptyLeftArm"
            },
            {
              "scriptName": "GiveBuffOnStartDuelIfNotHas_Tipsiness",
              "buffData": {
                "buffKeyword": "Exalted",
                "target": "Target",
                "buffOwner": "Target",
                "stack": 1,
                "turn": 0,
                "activeRound": 0
              }
            }
          ],
          "coinList": [
            {
              "operatorType": "ADD",
              "scale": 6,
              "abilityScriptList": [
                {
                  "scriptName": "GiveBuffOnSucceedAttack",
                  "buffData": {
                    "buffKeyword": "Vibration",
                    "target": "Target",
                    "stack": 5,
                    "turn": 2,
                    "activeRound": 0
                  }
                }
              ]
            }
          ]
        }
      ]
    },
    {
      "id": 874402,
      "skillTier": 2,
      "textID": 804802,
      "skillData": [
        {
          "iconID": 804802,
          "canTeamKill": false,
          "canDuel": true,
          "canChangeTarget": true,
          "attributeType": "SHAMROCK",
          "atkType": "HIT",
          "defType": "ATTACK",
          "skillMotion": "S4",
          "viewType": "BATTLE",
          "parryingCloseType": "NEAR",
          "targetNum": 1,
          "defaultValue": 5,
          "skillLevelCorrection": -2,
          "skillTargetType": "RANDOM",
          "abilityScriptList": [
            {
              "scriptName": "EmptyBody"
            },
            {
              "scriptName": "GiveBuffOnStartDuelIfNotHas_Tipsiness",
              "buffData": {
                "buffKeyword": "Exalted",
                "target": "Target",
                "buffOwner": "Target",
                "stack": 1,
                "turn": 0,
                "activeRound": 0
              }
            },
            {
              "scriptName": "HealHpOnUseAttackSelfByRatio5"
            },
            {
              "scriptName": "HealHpOnUseAttackAbnormalitySelfByRatio5"
            }
          ],
          "coinList": [
            {
              "operatorType": "ADD",
              "scale": 6,
              "abilityScriptList": [
                {
                  "scriptName": "GiveBuffOnSucceedAttack",
                  "buffData": {
                    "buffKeyword": "Binding",
                    "target": "Target",
                    "stack": 2,
                    "turn": 0,
                    "activeRound": 1
                  }
                }
              ]
            }
          ]
        }
      ]
    },
    {
      "id": 874403,
      "skillTier": 2,
      "textID": 804803,
      "skillData": [
        {
          "iconID": 804803,
          "canTeamKill": false,
          "canDuel": true,
          "canChangeTarget": true,
          "attributeType": "SHAMROCK",
          "atkType": "HIT",
          "defType": "ATTACK",
          "skillMotion": "S3",
          "viewType": "BATTLE",
          "parryingCloseType": "NEAR",
          "targetNum": 1,
          "defaultValue": 4,
          "skillLevelCorrection": -2,
          "skillTargetType": "RANDOM",
          "abilityScriptList": [
            {
              "scriptName": "EmptyLeftArm"
            },
            {
              "scriptName": "GiveBuffOnStartDuelIfNotHas_Tipsiness",
              "buffData": {
                "buffKeyword": "Exalted",
                "target": "Target",
                "buffOwner": "Target",
                "stack": 2,
                "turn": 0,
                "activeRound": 0
              }
            },
            {
              "scriptName": "TargetableRemoveOrDefaultIfNotHas_Vibration"
            }
          ],
          "coinList": [
            {
              "operatorType": "ADD",
              "scale": 3
            },
            {
              "operatorType": "ADD",
              "scale": 3,
              "abilityScriptList": [
                {
                  "scriptName": "VibrationExplosionOnSucceedAttackByVibrationTurnCount"
                }
              ]
            }
          ]
        }
      ]
    },
    {
      "id": 874404,
      "skillTier": 2,
      "textID": 804804,
      "skillData": [
        {
          "iconID": 804804,
          "canTeamKill": false,
          "canDuel": false,
          "canChangeTarget": false,
          "attributeType": "SCARLET",
          "atkType": "PENETRATE",
          "defType": "ATTACK",
          "skillMotion": "S2",
          "viewType": "BATTLE",
          "parryingCloseType": "NEAR",
          "targetNum": 1,
          "defaultValue": 6,
          "skillLevelCorrection": -2,
          "skillTargetType": "RANDOM",
          "abilityScriptList": [
            {
              "scriptName": "EmptyBody"
            },
            {
              "scriptName": "TargetableRemoveOrDefaultIfNotHas_Exalted"
            },
            {
              "scriptName": "ParryingPowerResultAdderSelf5IfTargetNotHas_Tipsiness"
            }
          ],
          "coinList": [
            {
              "operatorType": "ADD",
              "scale": 8,
              "abilityScriptList": [
                {
                  "scriptName": "DmgUpByBuff",
                  "buffData": {
                    "buffKeyword": "Exalted",
                    "target": "",
                    "buffOwner": "Target",
                    "stack": 1,
                    "turn": 0,
                    "activeRound": 0,
                    "value": 0.1
                  }
                },
                {
                  "scriptName": "8048_strong_1"
                },
                {
                  "scriptName": "UseBuffAllStackOnSucceedAttack",
                  "buffData": {
                    "buffKeyword": "Exalted",
                    "target": "Target"
                  }
                },
                {
                  "scriptName": "UseBuffAllStackOnSucceedAttack",
                  "buffData": {
                    "buffKeyword": "Tipsiness",
                    "target": "Target"
                  }
                }
              ]
            }
          ]
        }
      ]
    },
    {
      "id": 874405,
      "skillTier": 2,
      "textID": 804805,
      "skillData": [
        {
          "iconID": 804805,
          "canTeamKill": false,
          "canDuel": true,
          "canChangeTarget": true,
          "attributeType": "SCARLET",
          "atkType": "PENETRATE",
          "defType": "ATTACK",
          "skillMotion": "S2",
          "viewType": "BATTLE",
          "parryingCloseType": "NEAR",
          "targetNum": 1,
          "defaultValue": 6,
          "skillLevelCorrection": -2,
          "skillTargetType": "RANDOM",
          "abilityScriptList": [
            {
              "scriptName": "EmptyBody"
            },
            {
              "scriptName": "TargetableRemoveOrDefaultIfNotHas_Exalted"
            },
            {
              "scriptName": "ParryingPowerResultAdderSelf5IfTargetNotHas_Tipsiness"
            }
          ],
          "coinList": [
            {
              "operatorType": "ADD",
              "scale": 10,
              "abilityScriptList": [
                {
                  "scriptName": "DmgUpByBuff",
                  "buffData": {
                    "buffKeyword": "Exalted",
                    "target": "",
                    "buffOwner": "Target",
                    "stack": 1,
                    "turn": 0,
                    "activeRound": 0,
                    "value": 1.0
                  }
                },
                {
                  "scriptName": "8048_strong_1"
                },
                {
                  "scriptName": "UseBuffAllStackOnSucceedAttack",
                  "buffData": {
                    "buffKeyword": "Exalted",
                    "target": "Target"
                  }
                },
                {
                  "scriptName": "UseBuffAllStackOnSucceedAttack",
                  "buffData": {
                    "buffKeyword": "Tipsiness",
                    "target": "Target"
                  }
                }
              ]
            }
          ]
        }
      ]
    },
    {
      "id": 874406,
      "skillTier": 2,
      "textID": 804806,
      "skillData": [
        {
          "iconID": 804806,
          "canTeamKill": true,
          "canDuel": true,
          "canChangeTarget": true,
          "attributeType": "VIOLET",
          "atkType": "HIT",
          "defType": "ATTACK",
          "skillMotion": "S4",
          "viewType": "BATTLE",
          "parryingCloseType": "NEAR",
          "targetNum": 1,
          "defaultValue": 5,
          "skillLevelCorrection": -2,
          "skillTargetType": "RANDOM",
          "abilityScriptList": [
            {
              "scriptName": "EmptyBody"
            },
            {
              "scriptName": "8048_special"
            }
          ],
          "coinList": [
            {
              "operatorType": "ADD",
              "scale": 7,
              "abilityScriptList": [
                {
                  "scriptName": "8048_special_1"
                }
              ]
            }
          ]
        }
      ]
    },
    {
      "id": 874407,
      "skillTier": 1,
      "textID": 804807,
      "skillData": [
        {
          "iconID": 804807,
          "canTeamKill": false,
          "canDuel": true,
          "canChangeTarget": true,
          "attributeType": "NEUTRAL",
          "atkType": "NONE",
          "defType": "EVADE",
          "skillMotion": "Default",
          "viewType": "BATTLE",
          "parryingCloseType": "NEAR",
          "targetNum": 1,
          "defaultValue": 5,
          "skillLevelCorrection": -2,
          "skillTargetType": "RANDOM",
          "abilityScriptList": [
            {
              "scriptName": "EmptyBody"
            },
            {
              "scriptName": "GiveBuffOnUse",
              "buffData": {
                "buffKeyword": "Binding",
                "target": "IfAbnormalityAllPartsOrSelf",
                "buffOwner": "",
                "stack": 1,
                "turn": 0,
                "activeRound": 1
              }
            }
          ],
          "coinList": [
            {
              "operatorType": "ADD",
              "scale": 8
            }
          ]
        }
      ]
    },
    {
      "id": 874501,
      "skillTier": 2,
      "textID": 805101,
      "skillData": [
        {
          "iconID": 805101,
          "canTeamKill": false,
          "canDuel": false,
          "canChangeTarget": true,
          "attributeType": "NEUTRAL",
          "atkType": "NONE",
          "defType": "GUARD",
          "skillMotion": "Default",
          "viewType": "BATTLE",
          "parryingCloseType": "NEAR",
          "targetNum": 1,
          "defaultValue": 1,
          "skillLevelCorrection": 1,
          "skillTargetType": "RANDOM",
          "abilityScriptList": [
            {
              "scriptName": "EmptyBody"
            },
            {
              "scriptName": "805101"
            }
          ],
          "coinList": [
            {
              "operatorType": "ADD",
              "scale": 0
            }
          ]
        }
      ]
    },
    {
      "id": 874801,
      "skillTier": 2,
      "textID": 804101,
      "skillData": [
        {
          "iconID": 804101,
          "canTeamKill": false,
          "canDuel": true,
          "canChangeTarget": true,
          "attributeType": "CRIMSON",
          "atkType": "HIT",
          "defType": "ATTACK",
          "skillMotion": "S1",
          "viewType": "BATTLE",
          "parryingCloseType": "NEAR",
          "targetNum": 1,
          "defaultValue": 4,
          "skillLevelCorrection": -1,
          "skillTargetType": "RANDOM",
          "abilityScriptList": [
            {
              "scriptName": "EmptyBody"
            }
          ],
          "coinList": [
            {
              "operatorType": "ADD",
              "scale": 5,
              "abilityScriptList": [
                {
                  "scriptName": "GiveBuffOnSucceedAttack",
                  "buffData": {
                    "buffKeyword": "Combustion",
                    "target": "Target",
                    "stack": 3,
                    "turn": 0,
                    "activeRound": 0
                  }
                }
              ]
            },
            {
              "operatorType": "ADD",
              "scale": 5,
              "abilityScriptList": [
                {
                  "scriptName": "GiveBuffOnSucceedAttackHead",
                  "buffData": {
                    "buffKeyword": "Combustion",
                    "target": "Target",
                    "stack": 3,
                    "turn": 0,
                    "activeRound": 0
                  }
                }
              ]
            }
          ]
        }
      ]
    },
    {
      "id": 874802,
      "skillTier": 2,
      "textID": 804102,
      "skillData": [
        {
          "iconID": 804102,
          "canTeamKill": false,
          "canDuel": true,
          "canChangeTarget": true,
          "attributeType": "CRIMSON",
          "atkType": "HIT",
          "defType": "ATTACK",
          "skillMotion": "S2",
          "viewType": "BATTLE",
          "parryingCloseType": "NEAR",
          "targetNum": 1,
          "defaultValue": 4,
          "skillLevelCorrection": -1,
          "skillTargetType": "RANDOM",
          "abilityScriptList": [
            {
              "scriptName": "EmptyBody"
            }
          ],
          "coinList": [
            {
              "operatorType": "ADD",
              "scale": 10,
              "abilityScriptList": [
                {
                  "scriptName": "GiveBuffOnSucceedAttack",
                  "buffData": {
                    "buffKeyword": "Combustion",
                    "target": "Target",
                    "stack": 0,
                    "turn": 3,
                    "activeRound": 0
                  }
                }
              ]
            }
          ]
        }
      ]
    },
    {
      "id": 874803,
      "skillTier": 2,
      "textID": 804103,
      "skillData": [
        {
          "iconID": 804103,
          "canTeamKill": false,
          "canDuel": true,
          "canChangeTarget": true,
          "attributeType": "CRIMSON",
          "atkType": "HIT",
          "defType": "ATTACK",
          "skillMotion": "S5",
          "viewType": "BATTLE",
          "parryingCloseType": "NEAR",
          "targetNum": 1,
          "defaultValue": 5,
          "skillLevelCorrection": 2,
          "skillTargetType": "RANDOM",
          "abilityScriptList": [
            {
              "scriptName": "EmptyBody"
            }
          ],
          "coinList": [
            {
              "operatorType": "ADD",
              "scale": 4,
              "abilityScriptList": [
                {
                  "scriptName": "GiveBuffOnSucceedAttack",
                  "buffData": {
                    "buffKeyword": "Combustion",
                    "target": "Target",
                    "stack": 2,
                    "turn": 0,
                    "activeRound": 0
                  }
                },
                {
                  "scriptName": "DamageFirstBreakSectionOnSuccessAttackByDamageRatio2"
                }
              ]
            },
            {
              "operatorType": "ADD",
              "scale": 4,
              "abilityScriptList": [
                {
                  "scriptName": "GiveBuffOnSucceedAttackHead",
                  "buffData": {
                    "buffKeyword": "Combustion",
                    "target": "Target",
                    "stack": 2,
                    "turn": 0,
                    "activeRound": 0
                  }
                },
                {
                  "scriptName": "DamageFirstBreakSectionOnSuccessAttackByDamageRatio2"
                }
              ]
            },
            {
              "operatorType": "ADD",
              "scale": 4,
              "abilityScriptList": [
                {
                  "scriptName": "GiveBuffOnSucceedAttackHead",
                  "buffData": {
                    "buffKeyword": "Combustion",
                    "target": "Target",
                    "stack": 2,
                    "turn": 0,
                    "activeRound": 0
                  }
                },
                {
                  "scriptName": "DamageFirstBreakSectionOnSuccessAttackByDamageRatio2"
                }
              ]
            }
          ]
        }
      ]
    },
    {
      "id": 874804,
      "skillTier": 2,
      "textID": 804104,
      "skillData": [
        {
          "iconID": 804104,
          "canTeamKill": false,
          "canDuel": true,
          "canChangeTarget": true,
          "attributeType": "AMBER",
          "atkType": "HIT",
          "defType": "ATTACK",
          "skillMotion": "S3",
          "viewType": "BATTLE",
          "parryingCloseType": "NEAR",
          "targetNum": 1,
          "defaultValue": 7,
          "skillLevelCorrection": -5,
          "skillTargetType": "RANDOM",
          "abilityScriptList": [
            {
              "scriptName": "EmptyBody"
            },
            {
              "scriptName": "GiveBuffOnLoseDuel",
              "buffData": {
                "buffKeyword": "Bull_Sadness",
                "target": "Self",
                "stack": 1,
                "turn": 0,
                "activeRound": 0
              }
            }
          ],
          "coinList": [
            {
              "operatorType": "ADD",
              "scale": 4,
              "abilityScriptList": [
                {
                  "scriptName": "GiveMpDmgOnSucceedAttackTarget15"
                },
                {
                  "scriptName": "DamageFirstBreakSectionOnSuccessAttackByDamageRatio5"
                }
              ]
            }
          ]
        }
      ]
    },
    {
      "id": 874805,
      "skillTier": 2,
      "textID": 804105,
      "skillData": [
        {
          "iconID": 804105,
          "canTeamKill": false,
          "canDuel": true,
          "canChangeTarget": true,
          "attributeType": "AZURE",
          "atkType": "HIT",
          "defType": "ATTACK",
          "skillMotion": "S4",
          "viewType": "BATTLE",
          "parryingCloseType": "NEAR",
          "targetNum": 1,
          "defaultValue": 8,
          "skillLevelCorrection": 2,
          "skillTargetType": "RANDOM",
          "abilityScriptList": [
            {
              "scriptName": "EmptyHead"
            },
            {
              "scriptName": "GiveBuffOnWinDuel",
              "buffData": {
                "buffKeyword": "Agility",
                "target": "Self",
                "stack": 1,
                "turn": 0,
                "activeRound": 1
              }
            },
            {
              "scriptName": "GiveBuffOnWinDuel",
              "buffData": {
                "buffKeyword": "Enhancement",
                "target": "Self",
                "stack": 1,
                "turn": 0,
                "activeRound": 1
              }
            }
          ],
          "coinList": [
            {
              "operatorType": "ADD",
              "scale": 10,
              "abilityScriptList": [
                {
                  "scriptName": "GiveBuffOnSucceedAttack",
                  "buffData": {
                    "buffKeyword": "Bull_BuzzingEmotion",
                    "target": "Target",
                    "stack": 1,
                    "turn": 0,
                    "activeRound": 0
                  }
                },
                {
                  "scriptName": "GiveBuffOnSucceedAttackHead",
                  "buffData": {
                    "buffKeyword": "Sinking",
                    "target": "Target",
                    "stack": 0,
                    "turn": 3,
                    "activeRound": 0
                  }
                }
              ]
            }
          ]
        }
      ]
    },
    {
      "id": 874806,
      "skillTier": 2,
      "textID": 804106,
      "skillData": [
        {
          "iconID": 804106,
          "canTeamKill": false,
          "canDuel": true,
          "canChangeTarget": true,
          "attributeType": "AZURE",
          "atkType": "HIT",
          "defType": "ATTACK",
          "skillMotion": "S4",
          "viewType": "BATTLE",
          "parryingCloseType": "NEAR",
          "targetNum": 1,
          "defaultValue": 4,
          "skillLevelCorrection": 2,
          "skillTargetType": "RANDOM",
          "abilityScriptList": [
            {
              "scriptName": "EmptyHead"
            },
            {
              "scriptName": "GiveBuffOnWinDuel",
              "buffData": {
                "buffKeyword": "Agility",
                "target": "Self",
                "stack": 1,
                "turn": 0,
                "activeRound": 1
              }
            },
            {
              "scriptName": "GiveBuffOnWinDuel",
              "buffData": {
                "buffKeyword": "Enhancement",
                "target": "Self",
                "stack": 1,
                "turn": 0,
                "activeRound": 1
              }
            }
          ],
          "coinList": [
            {
              "operatorType": "ADD",
              "scale": 8,
              "abilityScriptList": [
                {
                  "scriptName": "GiveBuffOnSucceedAttack",
                  "buffData": {
                    "buffKeyword": "Bull_BuzzingEmotion",
                    "target": "Target",
                    "stack": 1,
                    "turn": 0,
                    "activeRound": 0
                  }
                },
                {
                  "scriptName": "GiveBuffOnSucceedAttackHead",
                  "buffData": {
                    "buffKeyword": "Sinking",
                    "target": "Target",
                    "stack": 2,
                    "turn": 0,
                    "activeRound": 0
                  }
                }
              ]
            },
            {
              "operatorType": "ADD",
              "scale": 8,
              "abilityScriptList": [
                {
                  "scriptName": "GiveBuffOnSucceedAttack",
                  "buffData": {
                    "buffKeyword": "Bull_BuzzingEmotion",
                    "target": "Target",
                    "stack": 1,
                    "turn": 0,
                    "activeRound": 0
                  }
                },
                {
                  "scriptName": "GiveBuffOnSucceedAttackHead",
                  "buffData": {
                    "buffKeyword": "Sinking",
                    "target": "Target",
                    "stack": 2,
                    "turn": 0,
                    "activeRound": 0
                  }
                }
              ]
            }
          ]
        }
      ]
    },
    {
      "id": 874601,
      "skillTier": 2,
      "textID": 805901,
      "skillData": [
        {
          "iconID": 805901,
          "canTeamKill": false,
          "canDuel": true,
          "canChangeTarget": true,
          "attributeType": "SCARLET",
          "atkType": "HIT",
          "defType": "ATTACK",
          "skillMotion": "S1",
          "range": 5,
          "viewType": "BATTLE",
          "parryingCloseType": "NEAR",
          "targetNum": 1,
          "defaultValue": 4,
          "skillLevelCorrection": 3,
          "skillTargetType": "RANDOM",
          "abilityScriptList": [
            {
              "scriptName": "EmptyLeftArm"
            }
          ],
          "coinList": [
            {
              "operatorType": "ADD",
              "scale": 6,
              "abilityScriptList": [
                {
                  "scriptName": "GiveBuffOnSucceedAttackIfHasStack_Laceration1",
                  "buffData": {
                    "buffKeyword": "Paralysis",
                    "buffOwner": "Target",
                    "target": "Target",
                    "stack": 1,
                    "turn": 0,
                    "activeRound": 0
                  }
                },
                {
                  "scriptName": "GiveBuffOnSucceedAttack",
                  "buffData": {
                    "buffKeyword": "Laceration",
                    "target": "Target",
                    "stack": 0,
                    "turn": 3,
                    "activeRound": 0
                  }
                },
                {
                  "scriptName": "GiveBuffOnSucceedAttackIfHasTurn_Laceration2",
                  "buffData": {
                    "buffKeyword": "Laceration",
                    "buffOwner": "Target",
                    "target": "Target",
                    "stack": 5,
                    "turn": 0,
                    "activeRound": 0
                  }
                }
              ]
            }
          ]
        }
      ]
    },
    {
      "id": 874602,
      "skillTier": 2,
      "textID": 805902,
      "skillData": [
        {
          "iconID": 805902,
          "canTeamKill": false,
          "canDuel": true,
          "canChangeTarget": true,
          "attributeType": "SCARLET",
          "atkType": "PENETRATE",
          "defType": "ATTACK",
          "skillMotion": "S2",
          "range": 5,
          "viewType": "BATTLE",
          "parryingCloseType": "NEAR",
          "targetNum": 1,
          "defaultValue": 5,
          "skillLevelCorrection": 3,
          "skillTargetType": "RANDOM",
          "abilityScriptList": [
            {
              "scriptName": "EmptyLeftArm"
            }
          ],
          "coinList": [
            {
              "operatorType": "ADD",
              "scale": 5,
              "abilityScriptList": [
                {
                  "scriptName": "GiveBuffOnSucceedAttackIfHasStack_Laceration1",
                  "buffData": {
                    "buffKeyword": "Binding",
                    "buffOwner": "Target",
                    "target": "Target",
                    "stack": 1,
                    "turn": 0,
                    "activeRound": 1
                  }
                },
                {
                  "scriptName": "GiveBuffOnSucceedAttack",
                  "buffData": {
                    "buffKeyword": "Laceration",
                    "target": "Target",
                    "stack": 3,
                    "turn": 0,
                    "activeRound": 0
                  }
                }
              ]
            }
          ]
        }
      ]
    },
    {
      "id": 874603,
      "skillTier": 2,
      "textID": 805903,
      "skillData": [
        {
          "iconID": 805903,
          "canTeamKill": false,
          "canDuel": true,
          "canChangeTarget": true,
          "attributeType": "SHAMROCK",
          "atkType": "HIT",
          "defType": "ATTACK",
          "skillMotion": "S3",
          "range": 5,
          "viewType": "BATTLE",
          "parryingCloseType": "NEAR",
          "targetNum": 1,
          "defaultValue": 5,
          "skillLevelCorrection": 3,
          "skillTargetType": "RANDOM",
          "abilityScriptList": [
            {
              "scriptName": "EmptyLeftArm"
            }
          ],
          "coinList": [
            {
              "operatorType": "ADD",
              "scale": 4,
              "abilityScriptList": [
                {
                  "scriptName": "GiveBuffOnSucceedAttack",
                  "buffData": {
                    "buffKeyword": "Laceration",
                    "target": "Target",
                    "stack": 3,
                    "turn": 0,
                    "activeRound": 0
                  }
                },
                {
                  "scriptName": "HealAbnormalitySelfOnSuccessAttackViaBuffCheck20",
                  "buffData": {
                    "buffKeyword": "Laceration",
                    "buffOwner": "Target",
                    "target": "Self",
                    "stack": 1,
                    "turn": 0,
                    "activeRound": 0
                  }
                }
              ]
            },
            {
              "operatorType": "ADD",
              "scale": 4,
              "abilityScriptList": [
                {
                  "scriptName": "GiveBuffOnSucceedAttackIfHasTurn_Laceration2",
                  "buffData": {
                    "buffKeyword": "Laceration",
                    "buffOwner": "Target",
                    "target": "Target",
                    "stack": 5,
                    "turn": 0,
                    "activeRound": 0
                  }
                }
              ]
            }
          ]
        }
      ]
    },
    {
      "id": 874604,
      "skillTier": 2,
      "textID": 805904,
      "skillData": [
        {
          "iconID": 805904,
          "canTeamKill": false,
          "canDuel": true,
          "canChangeTarget": true,
          "attributeType": "SHAMROCK",
          "atkType": "HIT",
          "defType": "ATTACK",
          "skillMotion": "S4",
          "range": 10,
          "viewType": "ENCOUNTER",
          "parryingCloseType": "NEAR",
          "targetNum": 1,
          "defaultValue": 10,
          "skillLevelCorrection": 3,
          "skillTargetType": "RANDOM",
          "abilityScriptList": [
            {
              "scriptName": "EmptyBody"
            },
            {
              "scriptName": "805904"
            },
            {
              "scriptName": "AttackDmgUpByRatioViaBuffCheckOver",
              "buffData": {
                "buffKeyword": "Laceration",
                "buffOwner": "Target",
                "stack": 0,
                "turn": 0,
                "value": 0.05
              }
            }
          ],
          "coinList": [
            {
              "operatorType": "ADD",
              "scale": 5,
              "abilityScriptList": [
                {
                  "scriptName": "UseBuffAllTurnOnSucceedAttack",
                  "buffData": {
                    "buffKeyword": "Laceration",
                    "target": "Target"
                  }
                }
              ]
            }
          ]
        }
      ]
    },
    {
      "id": 874605,
      "skillTier": 1,
      "textID": 805905,
      "skillData": [
        {
          "iconID": 805905,
          "canTeamKill": false,
          "canDuel": false,
          "canChangeTarget": true,
          "attributeType": "INDIGO",
          "atkType": "HIT",
          "defType": "COUNTER",
          "skillMotion": "S1",
          "viewType": "BATTLE",
          "parryingCloseType": "NEAR",
          "targetNum": 1,
          "defaultValue": 5,
          "skillLevelCorrection": 3,
          "skillTargetType": "RANDOM",
          "abilityScriptList": [
            {
              "scriptName": "EmptyBody"
            }
          ],
          "coinList": [
            {
              "operatorType": "ADD",
              "scale": 10,
              "abilityScriptList": [
                {
                  "scriptName": "HealHpOnSucceedAttackViaBuffStackCheckByRatioMax20",
                  "buffData": {
                    "buffKeyword": "Laceration",
                    "target": "Self",
                    "buffOwner": "Target",
                    "value": 0.01
                  }
                },
                {
                  "scriptName": "UseBuffAllTurnOnSucceedAttack",
                  "buffData": {
                    "buffKeyword": "Laceration",
                    "target": "Target"
                  }
                }
              ]
            }
          ]
        }
      ]
    },
    {
      "id": 874901,
      "skillTier": 1,
      "skillType": "SKILL",
      "textID": 851901,
      "skillData": [
        {
          "iconID": 851901,
          "attributeType": "AZURE",
          "atkType": "HIT",
          "defType": "ATTACK",
          "targetNum": 1,
          "skillTargetType": "RANDOM",
          "canTeamKill": false,
          "canDuel": true,
          "canChangeTarget": true,
          "skillMotion": "S1",
          "viewType": "BATTLE",
          "parryingCloseType": "NEAR",
          "skillLevelCorrection": -5,
          "defaultValue": 5,
          "abilityScriptList": [
            {
              "scriptName": "EmptyBody"
            },
            {
              "scriptName": "GiveBuffOnUse",
              "buffData": {
                "buffKeyword": "Charge",
                "target": "AbnormalitySelf",
                "stack": 0,
                "turn": 4,
                "activeRound": 0
              }
            }
          ],
          "coinList": [
            {
              "operatorType": "ADD",
              "scale": 4
            },
            {
              "operatorType": "ADD",
              "scale": 4
            }
          ]
        }
      ]
    },
    {
      "id": 874902,
      "skillTier": 1,
      "skillType": "SKILL",
      "textID": 851902,
      "skillData": [
        {
          "iconID": 851902,
          "attributeType": "AZURE",
          "atkType": "HIT",
          "defType": "ATTACK",
          "targetNum": 1,
          "skillTargetType": "RANDOM",
          "canTeamKill": false,
          "canDuel": true,
          "canChangeTarget": true,
          "skillMotion": "S1",
          "viewType": "BATTLE",
          "parryingCloseType": "NEAR",
          "skillLevelCorrection": -5,
          "defaultValue": 6,
          "abilityScriptList": [
            {
              "scriptName": "EmptyBody"
            }
          ],
          "coinList": [
            {
              "operatorType": "ADD",
              "scale": 2
            },
            {
              "operatorType": "ADD",
              "scale": 2,
              "abilityScriptList": [
                {
                  "scriptName": "GiveBuffOnSucceedAttackHead",
                  "buffData": {
                    "buffKeyword": "PlusCoinValueDown",
                    "target": "Target",
                    "stack": 1,
                    "turn": 0,
                    "activeRound": 1
                  }
                }
              ]
            }
          ]
        }
      ]
    },
    {
      "id": 874903,
      "skillTier": 1,
      "skillType": "SKILL",
      "textID": 851903,
      "skillData": [
        {
          "iconID": 851903,
          "attributeType": "VIOLET",
          "atkType": "HIT",
          "defType": "ATTACK",
          "targetNum": 1,
          "skillTargetType": "RANDOM",
          "canTeamKill": false,
          "canDuel": true,
          "canChangeTarget": true,
          "skillMotion": "S2",
          "viewType": "BATTLE",
          "parryingCloseType": "NEAR",
          "skillLevelCorrection": -5,
          "defaultValue": 8,
          "abilityScriptList": [
            {
              "scriptName": "EmptyBody"
            }
          ],
          "coinList": [
            {
              "operatorType": "ADD",
              "scale": 4,
              "abilityScriptList": [
                {
                  "scriptName": "GiveBuffOnSucceedAttack",
                  "buffData": {
                    "buffKeyword": "Paralysis",
                    "target": "Target",
                    "stack": 3,
                    "turn": 0,
                    "activeRound": 1
                  }
                }
              ]
            }
          ]
        }
      ]
    },
    {
      "id": 874904,
      "skillTier": 1,
      "skillType": "SKILL",
      "textID": 851904,
      "skillData": [
        {
          "iconID": 851904,
          "attributeType": "VIOLET",
          "atkType": "HIT",
          "defType": "ATTACK",
          "targetNum": 1,
          "skillTargetType": "RANDOM",
          "canTeamKill": false,
          "canDuel": true,
          "canChangeTarget": true,
          "skillMotion": "S3",
          "range": 999,
          "viewType": "ENCOUNTER",
          "parryingCloseType": "NEAR",
          "skillLevelCorrection": -5,
          "defaultValue": 16,
          "abilityScriptList": [
            {
              "scriptName": "EmptyBody"
            },
            {
              "scriptName": "UseBuffAllTurnOnUse",
              "buffData": {
                "buffKeyword": "Charge",
                "target": "AbnormalitySelf"
              }
            }
          ],
          "coinList": [
            {
              "operatorType": "ADD",
              "scale": 6,
              "abilityScriptList": [
                {
                  "scriptName": "GiveBuffOnSucceedAttack",
                  "buffData": {
                    "buffKeyword": "Duress",
                    "target": "Target",
                    "stack": 3,
                    "turn": 0,
                    "activeRound": 0
                  }
                }
              ]
            }
          ]
        }
      ]
    },
    {
      "id": 874905,
      "skillTier": 1,
      "skillType": "SKILL",
      "textID": 851905,
      "skillData": [
        {
          "iconID": 851905,
          "attributeType": "VIOLET",
          "atkType": "HIT",
          "defType": "ATTACK",
          "targetNum": 1,
          "skillTargetType": "RANDOM",
          "canTeamKill": false,
          "canDuel": false,
          "canChangeTarget": false,
          "skillMotion": "S3",
          "viewType": "ENCOUNTER",
          "range": 999,
          "parryingCloseType": "NEAR",
          "skillLevelCorrection": -5,
          "defaultValue": 20,
          "abilityScriptList": [
            {
              "scriptName": "EmptyBody"
            }
          ],
          "coinList": [
            {
              "operatorType": "ADD",
              "scale": 5,
              "abilityScriptList": [
                {
                  "scriptName": "GiveBuffOnSucceedAttack",
                  "buffData": {
                    "buffKeyword": "Combustion",
                    "target": "Target",
                    "stack": 10,
                    "turn": 0,
                    "activeRound": 0
                  }
                }
              ]
            }
          ]
        }
      ]
    },
    {
      "id": 874906,
      "skillTier": 1,
      "skillType": "SKILL",
      "textID": 851906,
      "skillData": [
        {
          "iconID": 851906,
          "attributeType": "VIOLET",
          "atkType": "HIT",
          "defType": "ATTACK",
          "targetNum": 1,
          "skillTargetType": "RANDOM",
          "canTeamKill": false,
          "canDuel": true,
          "canChangeTarget": true,
          "skillMotion": "S1",
          "viewType": "BATTLE",
          "parryingCloseType": "NEAR",
          "skillLevelCorrection": -5,
          "defaultValue": 4,
          "abilityScriptList": [
            {
              "scriptName": "EmptyBody"
            }
          ],
          "coinList": [
            {
              "operatorType": "ADD",
              "scale": 7,
              "abilityScriptList": [
                {
                  "scriptName": "GiveBuffOnSuccessAttackUsingBuffTurn_Charge2",
                  "buffData": {
                    "buffKeyword": "Combustion",
                    "target": "Target",
                    "buffOwner": "AbnormalitySelf",
                    "stack": 5,
                    "turn": 0,
                    "activeRound": 0
                  }
                }
              ]
            },
            {
              "operatorType": "ADD",
              "scale": 7,
              "abilityScriptList": [
                {
                  "scriptName": "GiveBuffOnSuccessAttackUsingBuffTurn_Charge2",
                  "buffData": {
                    "buffKeyword": "Combustion",
                    "target": "Target",
                    "buffOwner": "AbnormalitySelf",
                    "stack": 5,
                    "turn": 0,
                    "activeRound": 0
                  }
                }
              ]
            }
          ]
        }
      ]
    },
    {
      "id": 874907,
      "skillTier": 1,
      "skillType": "SKILL",
      "textID": 851907,
      "skillData": [
        {
          "iconID": 851907,
          "canTeamKill": false,
          "canDuel": false,
          "canChangeTarget": true,
          "attributeType": "NEUTRAL",
          "atkType": "NONE",
          "defType": "GUARD",
          "skillMotion": "Default",
          "viewType": "BATTLE",
          "parryingCloseType": "NEAR",
          "skillLevelCorrection": 15,
          "defaultValue": 10,
          "abilityScriptList": [
            {
              "scriptName": "EmptyBody"
            },
            {
              "scriptName": "GiveBuffOnUse",
              "buffData": {
                "buffKeyword": "Protection",
                "target": "Self",
                "stack": 5,
                "turn": 0,
                "activeRound": 0
              }
            }
          ],
          "coinList": [
            {
              "operatorType": "ADD",
              "scale": 2
            }
          ]
        }
      ]
    },
    {
      "id": 874908,
      "skillTier": 1,
      "skillType": "SKILL",
      "textID": 851908,
      "skillData": [
        {
          "iconID": 851908,
          "canTeamKill": false,
          "canDuel": false,
          "canChangeTarget": true,
          "attributeType": "NEUTRAL",
          "atkType": "NONE",
          "defType": "GUARD",
          "skillMotion": "Default",
          "viewType": "BATTLE",
          "parryingCloseType": "NEAR",
          "skillLevelCorrection": 15,
          "defaultValue": 4,
          "abilityScriptList": [
            {
              "scriptName": "EmptyBody"
            }
          ],
          "coinList": [
            {
              "operatorType": "ADD",
              "scale": 1
            }
          ]
        }
      ]
    },
    {
      "id": 874909,
      "skillTier": 1,
      "skillType": "SKILL",
      "textID": 851909,
      "skillData": [
        {
          "iconID": 851909,
          "attributeType": "VIOLET",
          "atkType": "HIT",
          "defType": "ATTACK",
          "targetNum": 1,
          "skillTargetType": "RANDOM",
          "canTeamKill": false,
          "canDuel": false,
          "canChangeTarget": false,
          "skillMotion": "S3",
          "range": 999,
          "actionScript": "851904",
          "viewType": "ENCOUNTER",
          "parryingCloseType": "NEAR",
          "skillLevelCorrection": -5,
          "defaultValue": 7,
          "abilityScriptList": [
            {
              "scriptName": "EmptyBody"
            },
            {
              "scriptName": "AttackHighestHpTarget"
            },
            {
              "scriptName": "UseBuffAllTurnOnUse",
              "buffData": {
                "buffKeyword": "Charge",
                "target": "AbnormalitySelf"
              }
            }
          ],
          "coinList": [
            {
              "operatorType": "ADD",
              "scale": 2,
              "abilityScriptList": [
                {
                  "scriptName": "GiveBuffOnSucceedAttack",
                  "buffData": {
                    "buffKeyword": "Duress",
                    "target": "Target",
                    "stack": 3,
                    "turn": 0,
                    "activeRound": 0
                  }
                }
              ]
            }
          ]
        }
      ]
    },
    {
      "id": 875101,
      "skillTier": 1,
      "skillType": "SKILL",
      "textID": 851001,
      "skillData": [
        {
          "iconID": 851001,
          "attributeType": "AZURE",
          "atkType": "HIT",
          "defType": "ATTACK",
          "targetNum": 1,
          "skillTargetType": "RANDOM",
          "canTeamKill": false,
          "canDuel": true,
          "canChangeTarget": true,
          "skillMotion": "S1",
          "viewType": "BATTLE",
          "parryingCloseType": "NEAR",
          "skillLevelCorrection": 4,
          "defaultValue": 3,
          "abilityScriptList": [
            {
              "scriptName": "EmptyBody"
            },
            {
              "scriptName": "GiveMpDmgOnUseTarget15"
            }
          ],
          "coinList": [
            {
              "operatorType": "ADD",
              "scale": 6,
              "abilityScriptList": [
                {
                  "scriptName": "GiveBuffOnSucceedAttackHead",
                  "buffData": {
                    "buffKeyword": "Sinking",
                    "target": "Target",
                    "stack": 5,
                    "turn": 5,
                    "activeRound": 0
                  }
                }
              ]
            }
          ]
        }
      ]
    },
    {
      "id": 875102,
      "skillTier": 1,
      "skillType": "SKILL",
      "textID": 851002,
      "skillData": [
        {
          "iconID": 851002,
          "attributeType": "AZURE",
          "atkType": "HIT",
          "defType": "ATTACK",
          "targetNum": 1,
          "skillTargetType": "RANDOM",
          "canTeamKill": false,
          "canDuel": true,
          "canChangeTarget": true,
          "skillMotion": "S6",
          "viewType": "BATTLE",
          "parryingCloseType": "NEAR",
          "skillLevelCorrection": 4,
          "defaultValue": 4,
          "abilityScriptList": [
            {
              "scriptName": "EmptyBody"
            },
            {
              "scriptName": "HealMpOnStartDuelTarget5"
            }
          ],
          "coinList": [
            {
              "operatorType": "ADD",
              "scale": 7,
              "abilityScriptList": [
                {
                  "scriptName": "AttackByMpDmgRatherThanHpDmg"
                },
                {
                  "scriptName": "AttackDmgDownByRatio50"
                }
              ]
            }
          ]
        }
      ]
    },
    {
      "id": 875103,
      "skillTier": 1,
      "skillType": "SKILL",
      "textID": 851003,
      "skillData": [
        {
          "iconID": 851003,
          "attributeType": "AZURE",
          "atkType": "HIT",
          "defType": "ATTACK",
          "targetNum": 1,
          "skillTargetType": "RANDOM",
          "canTeamKill": false,
          "canDuel": true,
          "canChangeTarget": true,
          "skillMotion": "S2",
          "viewType": "BATTLE",
          "parryingCloseType": "NEAR",
          "skillLevelCorrection": 4,
          "defaultValue": 3,
          "abilityScriptList": [
            {
              "scriptName": "EmptyLeftEye"
            },
            {
              "scriptName": "AttackDmgUpOnAttackNegativeMpByRatio10"
            },
            {
              "scriptName": "GiveMpDmgOnUseTarget5"
            }
          ],
          "coinList": [
            {
              "operatorType": "ADD",
              "scale": 4,
              "abilityScriptList": [
                {
                  "scriptName": "GiveAdditionalBuffStackDmgOnSuccessAttackHead",
                  "buffData": {
                    "buffKeyword": "Sinking",
                    "target": "Target",
                    "buffOwner": "Target",
                    "value": 1,
                    "stack": 0,
                    "turn": 0,
                    "activeRound": 0
                  }
                }
              ]
            },
            {
              "operatorType": "ADD",
              "scale": 4,
              "abilityScriptList": [
                {
                  "scriptName": "GiveAdditionalBuffStackMpDmgOnSuccessAttackHead",
                  "buffData": {
                    "buffKeyword": "Sinking",
                    "target": "Target",
                    "buffOwner": "Target",
                    "value": 1,
                    "stack": 0,
                    "turn": 0,
                    "activeRound": 0
                  }
                }
              ]
            }
          ]
        }
      ]
    },
    {
      "id": 875104,
      "skillTier": 1,
      "skillType": "SKILL",
      "textID": 851004,
      "skillData": [
        {
          "iconID": 851004,
          "attributeType": "AZURE",
          "atkType": "HIT",
          "defType": "ATTACK",
          "targetNum": 1,
          "skillTargetType": "RANDOM",
          "canTeamKill": false,
          "canDuel": true,
          "canChangeTarget": true,
          "skillMotion": "S3",
          "viewType": "ENCOUNTER",
          "parryingCloseType": "NEAR",
          "skillLevelCorrection": 4,
          "defaultValue": 3,
          "abilityScriptList": [
            {
              "scriptName": "EmptyRightEye"
            },
            {
              "scriptName": "AttackHighestStackTarget_Sinking"
            },
            {
              "scriptName": "GiveMpDmgOnUseTarget5"
            }
          ],
          "coinList": [
            {
              "operatorType": "ADD",
              "scale": 3,
              "abilityScriptList": [
                {
                  "scriptName": "GiveBuffOnSucceedAttack",
                  "buffData": {
                    "buffKeyword": "Sinking",
                    "target": "Target",
                    "stack": 0,
                    "turn": 3,
                    "activeRound": 0
                  }
                }
              ]
            },
            {
              "operatorType": "ADD",
              "scale": 3,
              "abilityScriptList": [
                {
                  "scriptName": "GiveAdditionalBuffStackDmgOnSuccessAttackHead",
                  "buffData": {
                    "buffKeyword": "Sinking",
                    "target": "Target",
                    "buffOwner": "Target",
                    "value": 1,
                    "stack": 0,
                    "turn": 0,
                    "activeRound": 0
                  }
                }
              ]
            },
            {
              "operatorType": "ADD",
              "scale": 3,
              "abilityScriptList": [
                {
                  "scriptName": "GiveAdditionalBuffStackMpDmgOnSuccessAttackHead",
                  "buffData": {
                    "buffKeyword": "Sinking",
                    "target": "Target",
                    "buffOwner": "Target",
                    "value": 1,
                    "stack": 0,
                    "turn": 0,
                    "activeRound": 0
                  }
                }
              ]
            }
          ]
        }
      ]
    },
    {
      "id": 875105,
      "skillTier": 1,
      "skillType": "SKILL",
      "textID": 851005,
      "skillData": [
        {
          "iconID": 851005,
          "attributeType": "AZURE",
          "atkType": "HIT",
          "defType": "ATTACK",
          "targetNum": 3,
          "skillTargetType": "RANDOM",
          "canTeamKill": false,
          "canDuel": true,
          "canChangeTarget": true,
          "skillMotion": "S2",
          "viewType": "BATTLE",
          "parryingCloseType": "NEAR",
          "skillLevelCorrection": 4,
          "defaultValue": 3,
          "abilityScriptList": [
            {
              "scriptName": "EmptyLeftEye"
            },
            {
              "scriptName": "EmptyRightEye"
            },
            {
              "scriptName": "AttackDmgUpOnAttackNegativeMpByRatio10"
            },
            {
              "scriptName": "GiveBuffOnLoseDuel",
              "buffData": {
                "target": "Self",
                "buffKeyword": "Vulnerable",
                "stack": 3
              }
            }
          ],
          "coinList": [
            {
              "operatorType": "ADD",
              "scale": 7,
              "abilityScriptList": [
                {
                  "scriptName": "GiveBuffOnSucceedAttackHeadByDuplicateStackAndTurn_Sinking",
                  "buffData": {
                    "buffKeyword": "Sinking",
                    "target": "Target",
                    "buffOwner": "Target",
                    "stack": -1,
                    "turn": -1,
                    "activeRound": 0
                  }
                }
              ]
            }
          ]
        }
      ]
    },
    {
      "id": 875106,
      "skillTier": 1,
      "skillType": "SKILL",
      "textID": 851006,
      "skillData": [
        {
          "iconID": 851006,
          "attributeType": "AZURE",
          "atkType": "HIT",
          "defType": "ATTACK",
          "targetNum": 1,
          "skillTargetType": "RANDOM",
          "canTeamKill": false,
          "canDuel": true,
          "canChangeTarget": true,
          "skillMotion": "S4",
          "viewType": "BATTLE",
          "parryingCloseType": "NEAR",
          "skillLevelCorrection": 4,
          "defaultValue": 3,
          "abilityScriptList": [
            {
              "scriptName": "EmptyLeftEye"
            },
            {
              "scriptName": "AttackDmgUpOnAttackNegativeMpByRatio10"
            },
            {
              "scriptName": "GiveMpDmgOnUseTarget5"
            }
          ],
          "coinList": [
            {
              "operatorType": "ADD",
              "scale": 7,
              "abilityScriptList": [
                {
                  "scriptName": "GiveAdditionalBuffStackMpDmgOnSuccessAttackHead",
                  "buffData": {
                    "buffKeyword": "Sinking",
                    "target": "Target",
                    "buffOwner": "Target",
                    "value": 1,
                    "stack": 0,
                    "turn": 0,
                    "activeRound": 0
                  }
                }
              ]
            }
          ]
        }
      ]
    },
    {
      "id": 875107,
      "skillTier": 1,
      "skillType": "SKILL",
      "textID": 851007,
      "skillData": [
        {
          "iconID": 851007,
          "attributeType": "AZURE",
          "atkType": "HIT",
          "defType": "ATTACK",
          "targetNum": 1,
          "skillTargetType": "RANDOM",
          "canTeamKill": false,
          "canDuel": true,
          "canChangeTarget": true,
          "skillMotion": "S5",
          "viewType": "BATTLE",
          "parryingCloseType": "NEAR",
          "skillLevelCorrection": 4,
          "defaultValue": 4,
          "abilityScriptList": [
            {
              "scriptName": "EmptyRightEye"
            },
            {
              "scriptName": "AttackDmgUpOnAttackNegativeMpByRatio10"
            },
            {
              "scriptName": "GiveMpDmgOnUseTarget5"
            }
          ],
          "coinList": [
            {
              "operatorType": "ADD",
              "scale": 7,
              "abilityScriptList": [
                {
                  "scriptName": "GiveAdditionalBuffStackDmgOnSuccessAttackHead",
                  "buffData": {
                    "buffKeyword": "Sinking",
                    "target": "Target",
                    "buffOwner": "Target",
                    "value": 1,
                    "stack": 0,
                    "turn": 0,
                    "activeRound": 0
                  }
                }
              ]
            }
          ]
        }
      ]
    },
    {
      "id": 875108,
      "skillTier": 1,
      "textID": 851008,
      "skillData": [
        {
          "iconID": 851008,
          "canTeamKill": false,
          "canDuel": false,
          "canChangeTarget": true,
          "attributeType": "NEUTRAL",
          "atkType": "NONE",
          "defType": "GUARD",
          "skillMotion": "Default",
          "viewType": "BATTLE",
          "parryingCloseType": "NEAR",
          "targetNum": 1,
          "defaultValue": 7,
          "skillLevelCorrection": 10,
          "skillTargetType": "RANDOM",
          "abilityScriptList": [
            {
              "scriptName": "EmptyBody"
            },
            {
              "scriptName": "GiveBuffOnBattleStart",
              "buffData": {
                "buffKeyword": "Protection",
                "target": "IfAbnormalityAllPartsOrSelf",
                "stack": 2,
                "turn": 0,
                "activeRound": 0
              }
            }
          ],
          "coinList": [
            {
              "operatorType": "ADD",
              "scale": 5
            }
          ]
        }
      ]
    }
  ]
}