{
  "list": [
    {
      "id": 112204,
      "skillTier": 1,
      "skillData": [
        {
          "iconID": 815304,
          "skillTargetType": "RANDOM",
          "canTeamKill": false,
          "canDuel": true,
          "canChangeTarget": true,
          "attributeType": "AMBER",
          "atkType": "SLASH",
          "defType": "ATTACK",
          "skillMotion": "S4",
          "viewType": "BATTLE",
          "targetNum": 1,
          "defaultValue": 14,
          "skillLevelCorrection": 3,
          "abilityScriptList": [
            {
              "scriptName": "GiveBuffOnUse",
              "buffData": {
                "buffKeyword": "Breath",
                "target": "IfAbnormalityAllPartsOrSelf",
                "buffOwner": "",
                "stack": 0,
                "turn": 3,
                "activeRound": 0
              }
            },
            {
              "scriptName": "EmptyBody"
            }
          ],
          "coinList": [
            {
              "operatorType": "SUB",
              "scale": 4,
              "grade": 2,
              "color": "GREY",
              "abilityScriptList": [
                {
                  "scriptName": "SuperCoin"
                },
                {
                  "scriptName": "SkillPowerResultDown10IfRollBrokenCoinAction"
                },
                {
                  "scriptName": "GiveBuffOnSucceedAttack",
                  "buffData": {
                    "buffKeyword": "Breath",
                    "target": "IfAbnormalityAllPartsOrSelf",
                    "stack": 3,
                    "turn": 1,
                    "activeRound": 0
                  }
                },
                {
                  "scriptName": "GiveBuffOnSucceedAttackIfUsableInDuel",
                  "buffData": {
                    "buffKeyword": "Laceration",
                    "target": "Target",
                    "stack": 0,
                    "turn": 1,
                    "activeRound": 0
                  }
                }
              ]
            },
            {
              "operatorType": "SUB",
              "scale": 4,
              "grade": 2,
              "color": "GREY",
              "abilityScriptList": [
                {
                  "scriptName": "SuperCoin"
                },
                {
                  "scriptName": "SkillPowerResultDown10IfRollBrokenCoinAction"
                },
                {
                  "scriptName": "GiveBuffOnSucceedAttack",
                  "buffData": {
                    "buffKeyword": "SlashDamageUp",
                    "target": "IfAbnormalityAllPartsOrSelf",
                    "stack": 2,
                    "turn": 0,
                    "activeRound": 1
                  }
                },
                {
                  "scriptName": "GiveBuffOnSucceedAttackIfUsableInDuel",
                  "buffData": {
                    "buffKeyword": "SlashResistDown",
                    "target": "Target",
                    "stack": 2,
                    "turn": 0,
                    "activeRound": 0
                  }
                }
              ]
            },
            {
              "operatorType": "SUB",
              "scale": 4,
              "grade": 2,
              "color": "GREY",
              "abilityScriptList": [
                {
                  "scriptName": "SuperCoin"
                },
                {
                  "scriptName": "SkillPowerResultDown10IfRollBrokenCoinAction"
                },
                {
                  "scriptName": "GiveBuffOnSucceedAttackIfUsableInDuel",
                  "buffData": {
                    "buffKeyword": "Laceration",
                    "target": "Target",
                    "stack": 5,
                    "turn": 0,
                    "activeRound": 0
                  }
                },
                {
                  "scriptName": "GiveBuffOnSucceedAttackIfUsableInDuel",
                  "buffData": {
                    "buffKeyword": "Paralysis",
                    "target": "Target",
                    "stack": 2,
                    "turn": 0,
                    "activeRound": 1
                  }
                },
                {
                  "scriptName": "GiveBuffOnSucceedAttackIfUsableInDuel",
                  "buffData": {
                    "buffKeyword": "Laceration",
                    "target": "Target",
                    "stack": 0,
                    "turn": 3,
                    "activeRound": 0
                  }
                }
              ]
            }
          ]
        }
      ]
    },
    {
      "id": 112205,
      "skillTier": 1,
      "skillData": [
        {
          "iconID": 815305,
          "skillTargetType": "RANDOM",
          "canTeamKill": false,
          "canDuel": true,
          "canChangeTarget": true,
          "attributeType": "CRIMSON",
          "atkType": "SLASH",
          "defType": "ATTACK",
          "skillMotion": "S5",
          "viewType": "ENCOUNTER",
          "targetNum": 3,
          "defaultValue": 25,
          "skillLevelCorrection": 3,
          "abilityScriptList": [
            {
              "scriptName": "ParryingPowerResultAdder5OnStartTurnSelfIfSelfShieldNotLessThan1"
            },
            {
              "scriptName": "EmptyBody"
            }
          ],
          "coinList": [
            {
              "operatorType": "SUB",
              "scale": 8,
              "grade": 2,
              "color": "GREY",
              "abilityScriptList": [
                {
                  "scriptName": "SuperCoin"
                },
                {
                  "scriptName": "SkillPowerResultDown20IfRollBrokenCoinAction"
                },
                {
                  "scriptName": "GiveBuffOnSucceedAttackIfUsableInDuel",
                  "buffData": {
                    "buffKeyword": "SlashResistDown",
                    "target": "Target",
                    "stack": 3,
                    "turn": 0,
                    "activeRound": 0
                  }
                }
              ]
            },
            {
              "operatorType": "SUB",
              "scale": 8,
              "grade": 2,
              "color": "GREY",
              "abilityScriptList": [
                {
                  "scriptName": "SuperCoin"
                },
                {
                  "scriptName": "SkillPowerResultDown20IfRollBrokenCoinAction"
                },
                {
                  "scriptName": "CriticalDmgUpByRatio100IfUsableInDuel"
                },
                {
                  "scriptName": "GiveBuffOnSucceedAttackIfUsableInDuel",
                  "buffData": {
                    "buffKeyword": "Laceration",
                    "target": "Target",
                    "stack": 10,
                    "turn": 2,
                    "activeRound": 0
                  }
                }
              ]
            },
            {
              "operatorType": "SUB",
              "actionindex": 3,
              "scale": 8,
              "grade": 2,
              "color": "GREY",
              "abilityScriptList": [
                {
                  "scriptName": "SuperCoin"
                },
                {
                  "scriptName": "SkillPowerResultDown20IfRollBrokenCoinAction"
                },
                {
                  "scriptName": "KimSatGatSpecialCoinIfUsableInDuel"
                }
              ]
            }
          ]
        }
      ]
    },
    {
      "id": 112305,
      "skillTier": 1,
      "skillData": [
        {
          "iconID": 815405,
          "skillTargetType": "RANDOM",
          "canTeamKill": false,
          "canDuel": true,
          "canChangeTarget": true,
          "attributeType": "CRIMSON",
          "atkType": "SLASH",
          "defType": "ATTACK",
          "skillMotion": "S5",
          "viewType": "ENCOUNTER",
          "targetNum": 6,
          "defaultValue": 28,
          "skillLevelCorrection": 5,
          "abilityScriptList": [
            {
              "scriptName": "AddShieldSelfOnBattleStart250"
            },
            {
              "scriptName": "GiveBuffOnUse",
              "buffData": {
                "buffKeyword": "Breath",
                "target": "IfAbnormalityAllPartsOrSelf",
                "buffOwner": "",
                "stack": 0,
                "turn": 3,
                "activeRound": 0
              }
            },
            {
              "scriptName": "ParryingPowerResultAdder10OnStartTurnSelfIfSelfShieldNotLessThan1"
            },
            {
              "scriptName": "EmptyBody"
            }
          ],
          "coinList": [
            {
              "operatorType": "SUB",
              "scale": 8,
              "grade": 2,
              "color": "GREY",
              "abilityScriptList": [
                {
                  "scriptName": "SuperCoin"
                },
                {
                  "scriptName": "SkillPowerResultDown23IfRollBrokenCoinAction"
                },
                {
                  "scriptName": "GiveBuffOnSucceedAttackIfUsableInDuel",
                  "buffData": {
                    "buffKeyword": "SlashResistDown",
                    "target": "Target",
                    "stack": 3,
                    "turn": 0,
                    "activeRound": 0
                  }
                }
              ]
            },
            {
              "operatorType": "SUB",
              "scale": 8,
              "grade": 2,
              "color": "GREY",
              "abilityScriptList": [
                {
                  "scriptName": "SuperCoin"
                },
                {
                  "scriptName": "SkillPowerResultDown23IfRollBrokenCoinAction"
                },
                {
                  "scriptName": "CriticalDmgUpByRatio100IfUsableInDuel"
                },
                {
                  "scriptName": "GiveBuffOnSucceedAttackIfUsableInDuel",
                  "buffData": {
                    "buffKeyword": "Paralysis",
                    "target": "Target",
                    "stack": 5,
                    "turn": 0,
                    "activeRound": 1
                  }
                },
                {
                  "scriptName": "GiveBuffOnSucceedAttackIfUsableInDuel",
                  "buffData": {
                    "buffKeyword": "Laceration",
                    "target": "Target",
                    "stack": 10,
                    "turn": 2,
                    "activeRound": 0
                  }
                }
              ]
            },
            {
              "operatorType": "SUB",
              "actionindex": 3,
              "scale": 8,
              "grade": 2,
              "color": "GREY",
              "abilityScriptList": [
                {
                  "scriptName": "SuperCoin"
                },
                {
                  "scriptName": "SkillPowerResultDown23IfRollBrokenCoinAction"
                },
                {
                  "scriptName": "KimSatGatSpecialCoinIfUsableInDuel"
                }
              ]
            }
          ]
        }
      ]
    },
    {
      "id": 112309,
      "skillTier": 1,
      "skillData": [
        {
          "iconID": 815409,
          "skillTargetType": "RANDOM",
          "canTeamKill": false,
          "canDuel": true,
          "canChangeTarget": false,
          "attributeType": "CRIMSON",
          "atkType": "SLASH",
          "defType": "ATTACK",
          "skillMotion": "S6",
          "viewType": "ENCOUNTER",
          "targetNum": 1,
          "defaultValue": 29,
          "skillLevelCorrection": 5,
          "abilityScriptList": [
            {
              "scriptName": "AttackLowestHpTarget"
            },
            {
              "scriptName": "GiveBuffOnKillTargetByDuplicateStack_Grudge",
              "buffData": {
                "buffKeyword": "Grudge",
                "target": "Self",
                "buffOwner": "Self",
                "stack": -1,
                "turn": 0,
                "activeRound": 0
              }
            },
            {
              "scriptName": "HealHpOnKillTargetAbnormalityNSelfViaBuffCheckDevideByStack",
              "buffData": {
                "buffKeyword": "Grudge",
                "buffOwner": "Self",
                "stack": 1,
                "value": 1
              }
            },
            {
              "scriptName": "EmptyBody"
            }
          ],
          "coinList": [
            {
              "operatorType": "SUB",
              "grade": 2,
              "color": "GREY",
              "scale": 5,
              "abilityScriptList": [
                {
                  "scriptName": "SuperCoin"
                },
                {
                  "scriptName": "SkillPowerResultDown25IfRollBrokenCoinAction"
                }
              ]
            },
            {
              "operatorType": "SUB",
              "grade": 2,
              "color": "GREY",
              "scale": 5,
              "abilityScriptList": [
                {
                  "scriptName": "SuperCoin"
                },
                {
                  "scriptName": "SkillPowerResultDown25IfRollBrokenCoinAction"
                }
              ]
            },
            {
              "operatorType": "SUB",
              "grade": 2,
              "color": "GREY",
              "scale": 5,
              "actionindex": 3,
              "abilityScriptList": [
                {
                  "scriptName": "SuperCoin"
                },
                {
                  "scriptName": "SkillPowerResultDown25IfRollBrokenCoinAction"
                },
                {
                  "scriptName": "GiveAdditionalBuffStackDmgOnSuccessAttack",
                  "buffData": {
                    "buffKeyword": "Grudge",
                    "target": "Target",
                    "buffOwner": "Self",
                    "value": 1,
                    "stack": 0,
                    "turn": 0,
                    "activeRound": 0
                  }
                }
              ]
            }
          ]
        }
      ]
    }
  ]
}