{
  "list": [
    {
      "id": 9101301,
      "skillTier": 1,
      "skillType": "SKILL",
      "skillData": [
        {
          "skillTargetType": "FRONT",
          "canTeamKill": false,
          "canDuel": true,
          "canChangeTarget": true,
          "attributeType": "SCARLET",
          "atkType": "SLASH",
          "defType": "ATTACK",
          "skillMotion": "S1",
          "viewType": "BATTLE",
          "parryingCloseType": "NEAR",
          "targetNum": 1,
          "defaultValue": 3,
          "skillLevelCorrection": 5,
          "abilityScriptList": [
            {
              "scriptName": "AttackDmgUpByRatioOnUseViaBuffCheck",
              "buffData": {
                "buffKeyword": "Laceration",
                "buffOwner": "Target",
                "stack": 5,
                "turn": 0,
                "value": 0.1
              }
            },
            {
              "scriptName": "EmptyBody"
            }
          ],
          "coinList": [
            {
              "operatorType": "ADD",
              "scale": 3,
              "abilityScriptList": [
                {
                  "scriptName": "GiveBuffOnSucceedAttack",
                  "buffData": {
                    "buffKeyword": "Laceration",
                    "target": "Target",
                    "stack": 4,
                    "turn": 1,
                    "activeRound": 0
                  }
                }
              ]
            },
            {
              "operatorType": "ADD",
              "scale": 3,
              "abilityScriptList": [
                {
                  "scriptName": "GiveBuffOnSucceedAttack",
                  "buffData": {
                    "buffKeyword": "Laceration",
                    "target": "Target",
                    "stack": 4,
                    "turn": 1,
                    "activeRound": 0
                  }
                }
              ]
            }
          ]
        }
      ]
    },
    {
      "id": 9101302,
      "skillTier": 1,
      "skillType": "SKILL",
      "skillData": [
        {
          "skillTargetType": "FRONT",
          "canTeamKill": false,
          "canDuel": true,
          "canChangeTarget": true,
          "attributeType": "SCARLET",
          "atkType": "SLASH",
          "defType": "ATTACK",
          "skillMotion": "S2",
          "viewType": "BATTLE",
          "parryingCloseType": "NEAR",
          "targetNum": 1,
          "defaultValue": 3,
          "skillLevelCorrection": 5,
          "abilityScriptList": [
            {
              "scriptName": "CoinScaleAdderViaBuffCheck",
              "buffData": {
                "buffKeyword": "Laceration",
                "buffOwner": "Target",
                "stack": 5,
                "turn": 0,
                "value": 1
              }
            },
            {
              "scriptName": "EmptyBody"
            }
          ],
          "coinList": [
            {
              "operatorType": "ADD",
              "scale": 4,
              "abilityScriptList": [
                {
                  "scriptName": "GiveBuffOnSucceedAttack",
                  "buffData": {
                    "buffKeyword": "SlashTakeDamageUp",
                    "target": "Target",
                    "stack": 1,
                    "turn": 0,
                    "activeRound": 1
                  }
                },
                {
                  "scriptName": "GiveBuffOnSucceedAttackHead",
                  "buffData": {
                    "buffKeyword": "Laceration",
                    "target": "Target",
                    "stack": 1,
                    "turn": 0,
                    "activeRound": 0
                  }
                }
              ]
            },
            {
              "operatorType": "ADD",
              "scale": 4,
              "abilityScriptList": [
                {
                  "scriptName": "GiveBuffOnSucceedAttackHead",
                  "buffData": {
                    "buffKeyword": "SlashTakeDamageUp",
                    "target": "Target",
                    "stack": 1,
                    "turn": 0,
                    "activeRound": 1
                  }
                },
                {
                  "scriptName": "GiveBuffOnSucceedAttackHead",
                  "buffData": {
                    "buffKeyword": "Laceration",
                    "target": "Target",
                    "stack": 1,
                    "turn": 0,
                    "activeRound": 0
                  }
                }
              ]
            }
          ]
        }
      ]
    },
    {
      "id": 9101303,
      "skillTier": 2,
      "skillType": "SKILL",
      "skillData": [
        {
          "skillTargetType": "FRONT",
          "canTeamKill": false,
          "canDuel": true,
          "canChangeTarget": true,
          "attributeType": "CRIMSON",
          "atkType": "SLASH",
          "defType": "ATTACK",
          "skillMotion": "S2",
          "viewType": "BATTLE",
          "parryingCloseType": "NEAR",
          "targetNum": 1,
          "defaultValue": 4,
          "skillLevelCorrection": 5,
          "abilityScriptList": [
            {
              "scriptName": "CoinScaleAdderViaBuffCheck",
              "buffData": {
                "buffKeyword": "Laceration",
                "buffOwner": "Target",
                "stack": 5,
                "turn": 0,
                "value": 1
              }
            },
            {
              "scriptName": "EmptyBody"
            }
          ],
          "coinList": [
            {
              "operatorType": "ADD",
              "scale": 3,
              "abilityScriptList": [
                {
                  "scriptName": "GiveBuffOnSucceedAttack",
                  "buffData": {
                    "buffKeyword": "Paralysis",
                    "target": "Target",
                    "stack": 1,
                    "turn": 0,
                    "activeRound": 1
                  }
                }
              ]
            },
            {
              "operatorType": "ADD",
              "scale": 3,
              "abilityScriptList": [
                {
                  "scriptName": "GiveBuffOnSucceedAttack",
                  "buffData": {
                    "buffKeyword": "Laceration",
                    "target": "Target",
                    "stack": 8,
                    "turn": 0,
                    "activeRound": 0
                  }
                }
              ]
            },
            {
              "operatorType": "ADD",
              "scale": 3,
              "abilityScriptList": [
                {
                  "scriptName": "GiveBuffOnSucceedAttack",
                  "buffData": {
                    "buffKeyword": "Laceration",
                    "target": "Target",
                    "stack": 0,
                    "turn": 3,
                    "activeRound": 0
                  }
                }
              ]
            }
          ]
        }
      ]
    },
    {
      "id": 9101304,
      "skillTier": 2,
      "skillType": "SKILL",
      "skillData": [
        {
          "skillTargetType": "FRONT",
          "canTeamKill": false,
          "canDuel": true,
          "canChangeTarget": true,
          "attributeType": "CRIMSON",
          "atkType": "SLASH",
          "defType": "ATTACK",
          "skillMotion": "S1",
          "viewType": "BATTLE",
          "parryingCloseType": "NEAR",
          "targetNum": 1,
          "defaultValue": 4,
          "skillLevelCorrection": 5,
          "abilityScriptList": [
            {
              "scriptName": "GiveBuffOnBattleStart",
              "buffData": {
                "buffKeyword": "SlashDamageUp",
                "target": "EveryAlly",
                "buffOwner": "",
                "stack": 2,
                "turn": 0,
                "activeRound": 0
              }
            },
            {
              "scriptName": "GiveBuffOnBattleStart",
              "buffData": {
                "buffKeyword": "SlashResultUp",
                "target": "Self",
                "buffOwner": "",
                "stack": 2,
                "turn": 0,
                "activeRound": 0
              }
            },
            {
              "scriptName": "EmptyBody"
            }
          ],
          "coinList": [
            {
              "operatorType": "ADD",
              "scale": 4
            },
            {
              "operatorType": "ADD",
              "scale": 4,
              "abilityScriptList": [
                {
                  "scriptName": "GiveBuffOnSucceedAttack",
                  "buffData": {
                    "buffKeyword": "Laceration",
                    "target": "Target",
                    "stack": 2,
                    "turn": 0,
                    "activeRound": 0
                  }
                }
              ]
            }
          ]
        }
      ]
    },
    {
      "id": 9101305,
      "skillTier": 3,
      "skillType": "SKILL",
      "skillData": [
        {
          "skillTargetType": "FRONT",
          "canTeamKill": false,
          "canDuel": true,
          "canChangeTarget": true,
          "attributeType": "INDIGO",
          "atkType": "SLASH",
          "defType": "ATTACK",
          "skillMotion": "S3",
          "viewType": "BATTLE",
          "parryingCloseType": "NEAR",
          "targetNum": 1,
          "defaultValue": 10,
          "skillLevelCorrection": 5,
          "abilityScriptList": [
            {
              "scriptName": "TagetNumAdderOnCompleteCommandViaBuffCheck",
              "buffData": {
                "buffKeyword": "Laceration",
                "target": "",
                "buffOwner": "Target",
                "stack": 10,
                "turn": 0,
                "activeRound": 0,
                "value": 1
              }
            },
            {
              "scriptName": "9101304"
            },
            {
              "scriptName": "HealMpOnWinDuelEveryAlly10"
            },
            {
              "scriptName": "AttackDmgUpByRatioViaBuffCheck",
              "buffData": {
                "buffKeyword": "Laceration",
                "buffOwner": "Target",
                "stack": 7,
                "turn": 0,
                "value": 0.3
              }
            },
            {
              "scriptName": "EmptyBody"
            }
          ],
          "coinList": [
            {
              "operatorType": "ADD",
              "scale": 4,
              "abilityScriptList": [
                {
                  "scriptName": "GiveBuffOnSucceedAttackHead",
                  "buffData": {
                    "buffKeyword": "Laceration",
                    "target": "Target",
                    "stack": 2,
                    "turn": 0,
                    "activeRound": 0
                  }
                }
              ]
            },
            {
              "operatorType": "ADD",
              "scale": 4,
              "abilityScriptList": [
                {
                  "scriptName": "GiveBuffOnSucceedAttackHead",
                  "buffData": {
                    "buffKeyword": "Laceration",
                    "target": "Target",
                    "stack": 3,
                    "turn": 0,
                    "activeRound": 0
                  }
                }
              ]
            },
            {
              "operatorType": "ADD",
              "scale": 4,
              "abilityScriptList": [
                {
                  "scriptName": "DmgUpByBuff",
                  "buffData": {
                    "buffKeyword": "Laceration",
                    "buffOwner": "Target",
                    "stack": 7,
                    "turn": 0,
                    "activeRound": 0,
                    "value": 0.5
                  }
                },
                {
                  "scriptName": "GiveBuffOnSucceedAttack",
                  "buffData": {
                    "buffKeyword": "Laceration",
                    "target": "Target",
                    "stack": 0,
                    "turn": 10,
                    "activeRound": 0
                  }
                }
              ]
            }
          ]
        }
      ]
    },
    {
      "id": 9101306,
      "skillTier": 1,
      "skillType": "SKILL",
      "skillData": [
        {
          "skillTargetType": "FRONT",
          "canTeamKill": false,
          "canDuel": false,
          "canChangeTarget": true,
          "attributeType": "VIOLET",
          "atkType": "SLASH",
          "defType": "COUNTER",
          "skillMotion": "S2",
          "viewType": "BATTLE",
          "parryingCloseType": "NEAR",
          "targetNum": 1,
          "defaultValue": 4,
          "skillLevelCorrection": 5,
          "abilityScriptList": [
            {
              "scriptName": "9101306"
            },
            {
              "scriptName": "EmptyBody"
            }
          ],
          "coinList": [
            {
              "operatorType": "ADD",
              "scale": 2,
              "abilityScriptList": [
                {
                  "scriptName": "GiveBuffOnSucceedAttack",
                  "buffData": {
                    "buffKeyword": "Laceration",
                    "target": "Target",
                    "stack": 0,
                    "turn": 2,
                    "activeRound": 0
                  }
                },
                {
                  "scriptName": "HealMpOnKillTargetEveryAlly20"
                }
              ]
            }
          ]
        }
      ]
    },
    {
      "id": 9011001,
      "skillTier": 1,
      "skillData": [
        {
          "skillTargetType": "FRONT",
          "canTeamKill": false,
          "canDuel": true,
          "canChangeTarget": true,
          "attributeType": "SCARLET",
          "atkType": "SLASH",
          "defType": "ATTACK",
          "skillMotion": "S1",
          "viewType": "BATTLE",
          "parryingCloseType": "NEAR",
          "targetNum": 1,
          "defaultValue": 2,
          "skillLevelCorrection": 2,
          "abilityScriptList": [
            {
              "scriptName": "EmptyBody"
            }
          ],
          "coinList": [
            {
              "operatorType": "ADD",
              "scale": 3,
              "abilityScriptList": [
                {
                  "scriptName": "GiveBuffOnSucceedAttack",
                  "buffData": {
                    "buffKeyword": "Laceration",
                    "target": "Target",
                    "stack": 2,
                    "turn": 0,
                    "activeRound": 0
                  }
                }
              ]
            },
            {
              "operatorType": "ADD",
              "scale": 3,
              "abilityScriptList": [
                {
                  "scriptName": "GiveBuffOnSucceedAttack",
                  "buffData": {
                    "buffKeyword": "Laceration",
                    "target": "Target",
                    "stack": 2,
                    "turn": 0,
                    "activeRound": 0
                  }
                }
              ]
            }
          ]
        }
      ]
    },
    {
      "id": 9011002,
      "skillTier": 2,
      "skillData": [
        {
          "skillTargetType": "FRONT",
          "canTeamKill": false,
          "canDuel": true,
          "canChangeTarget": true,
          "attributeType": "SCARLET",
          "atkType": "SLASH",
          "defType": "ATTACK",
          "skillMotion": "S2",
          "viewType": "BATTLE",
          "parryingCloseType": "NEAR",
          "targetNum": 1,
          "defaultValue": 5,
          "skillLevelCorrection": 2,
          "abilityScriptList": [
            {
              "scriptName": "CoinScaleAdderOnStartTurnViaBuffCheck",
              "buffData": {
                "buffKeyword": "Laceration",
                "buffOwner": "Target",
                "stack": 7,
                "turn": 0,
                "activeRound": 0,
                "value": 1
              }
            },
            {
              "scriptName": "GiveBuffOnWinDuel",
              "buffData": {
                "buffKeyword": "SlashDamageUp",
                "target": "Self",
                "stack": 1,
                "turn": 0,
                "activeRound": 1
              }
            },
            {
              "scriptName": "EmptyBody"
            }
          ],
          "coinList": [
            {
              "operatorType": "ADD",
              "scale": 6,
              "abilityScriptList": [
                {
                  "scriptName": "DmgUpByBuff",
                  "buffData": {
                    "buffKeyword": "Laceration",
                    "buffOwner": "Target",
                    "stack": 1,
                    "turn": 0,
                    "activeRound": 0,
                    "value": 0.5
                  }
                },
                {
                  "scriptName": "GiveBuffOnSucceedAttack",
                  "buffData": {
                    "buffKeyword": "Laceration",
                    "target": "Target",
                    "stack": 0,
                    "turn": 2,
                    "activeRound": 0
                  }
                }
              ]
            }
          ]
        }
      ]
    },
    {
      "id": 9011003,
      "skillTier": 3,
      "skillData": [
        {
          "skillTargetType": "FRONT",
          "canTeamKill": false,
          "canDuel": true,
          "canChangeTarget": true,
          "attributeType": "CRIMSON",
          "atkType": "SLASH",
          "defType": "ATTACK",
          "skillMotion": "S3",
          "viewType": "BATTLE",
          "parryingCloseType": "NEAR",
          "targetNum": 1,
          "defaultValue": 4,
          "skillLevelCorrection": 2,
          "abilityScriptList": [
            {
              "scriptName": "CoinScaleAdderOnStartTurnViaBuffCheck",
              "buffData": {
                "buffKeyword": "Laceration",
                "buffOwner": "Target",
                "stack": 5,
                "turn": 0,
                "activeRound": 0,
                "value": 1
              }
            },
            {
              "scriptName": "GiveBuffOnWinDuel",
              "buffData": {
                "buffKeyword": "SlashResultUp",
                "target": "Self",
                "stack": 1,
                "turn": 0,
                "activeRound": 1
              }
            },
            {
              "scriptName": "EmptyBody"
            }
          ],
          "coinList": [
            {
              "operatorType": "ADD",
              "scale": 3,
              "abilityScriptList": [
                {
                  "scriptName": "DmgUpByBuff",
                  "buffData": {
                    "buffKeyword": "Laceration",
                    "buffOwner": "Target",
                    "stack": 1,
                    "turn": 0,
                    "activeRound": 0,
                    "value": 0.2
                  }
                }
              ]
            },
            {
              "operatorType": "ADD",
              "scale": 3,
              "abilityScriptList": [
                {
                  "scriptName": "DmgUpByBuff",
                  "buffData": {
                    "buffKeyword": "Laceration",
                    "buffOwner": "Target",
                    "stack": 1,
                    "turn": 0,
                    "activeRound": 0,
                    "value": 0.1
                  }
                }
              ]
            },
            {
              "operatorType": "ADD",
              "scale": 3,
              "abilityScriptList": [
                {
                  "scriptName": "DmgUpByBuff",
                  "buffData": {
                    "buffKeyword": "Laceration",
                    "buffOwner": "Target",
                    "stack": 1,
                    "turn": 0,
                    "activeRound": 0,
                    "value": 0.4
                  }
                }
              ]
            }
          ]
        }
      ]
    },
    {
      "id": 9011004,
      "skillTier": 1,
      "skillData": [
        {
          "skillTargetType": "FRONT",
          "canTeamKill": false,
          "canDuel": true,
          "canChangeTarget": true,
          "attributeType": "NEUTRAL",
          "atkType": "NONE",
          "defType": "EVADE",
          "skillMotion": "Default",
          "viewType": "BATTLE",
          "parryingCloseType": "NEAR",
          "targetNum": 1,
          "defaultValue": 4,
          "skillLevelCorrection": 2,
          "abilityScriptList": [
            {
              "scriptName": "GiveBuffOncePerRoundOnSucceedEvade",
              "buffData": {
                "buffKeyword": "SlashDamageUp",
                "target": "Self",
                "buffOwner": "",
                "stack": 1,
                "turn": 0,
                "activeRound": 1
              }
            },
            {
              "scriptName": "EmptyBody"
            }
          ],
          "coinList": [
            {
              "operatorType": "ADD",
              "scale": 6
            }
          ]
        }
      ]
    },
    {
      "id": 9011101,
      "skillTier": 1,
      "skillData": [
        {
          "skillTargetType": "FRONT",
          "canTeamKill": false,
          "canDuel": true,
          "canChangeTarget": true,
          "attributeType": "SCARLET",
          "atkType": "SLASH",
          "defType": "ATTACK",
          "skillMotion": "S1",
          "viewType": "BATTLE",
          "parryingCloseType": "NEAR",
          "targetNum": 1,
          "defaultValue": 3,
          "skillLevelCorrection": 2,
          "abilityScriptList": [
            {
              "scriptName": "EmptyBody"
            }
          ],
          "coinList": [
            {
              "operatorType": "ADD",
              "scale": 5,
              "abilityScriptList": [
                {
                  "scriptName": "GiveBuffOnSucceedAttack",
                  "buffData": {
                    "buffKeyword": "Laceration",
                    "target": "Target",
                    "stack": 3,
                    "turn": 0,
                    "activeRound": 0
                  }
                }
              ]
            }
          ]
        }
      ]
    },
    {
      "id": 9011102,
      "skillTier": 2,
      "skillData": [
        {
          "skillTargetType": "FRONT",
          "canTeamKill": false,
          "canDuel": true,
          "canChangeTarget": true,
          "attributeType": "SCARLET",
          "atkType": "SLASH",
          "defType": "ATTACK",
          "skillMotion": "S2",
          "viewType": "BATTLE",
          "parryingCloseType": "NEAR",
          "targetNum": 1,
          "defaultValue": 4,
          "skillLevelCorrection": 2,
          "abilityScriptList": [
            {
              "scriptName": "EmptyBody"
            }
          ],
          "coinList": [
            {
              "operatorType": "ADD",
              "scale": 7,
              "abilityScriptList": [
                {
                  "scriptName": "DmgUpByBuff",
                  "buffData": {
                    "buffKeyword": "Laceration",
                    "buffOwner": "Target",
                    "stack": 1,
                    "turn": 0,
                    "activeRound": 0,
                    "value": 0.3
                  }
                },
                {
                  "scriptName": "GiveBuffOnSucceedAttack",
                  "buffData": {
                    "buffKeyword": "Laceration",
                    "target": "Target",
                    "stack": 0,
                    "turn": 2,
                    "activeRound": 0
                  }
                }
              ]
            }
          ]
        }
      ]
    },
    {
      "id": 9011103,
      "skillTier": 3,
      "skillData": [
        {
          "skillTargetType": "FRONT",
          "canTeamKill": false,
          "canDuel": true,
          "canChangeTarget": true,
          "attributeType": "CRIMSON",
          "atkType": "SLASH",
          "defType": "ATTACK",
          "skillMotion": "S3",
          "viewType": "BATTLE",
          "parryingCloseType": "NEAR",
          "targetNum": 1,
          "defaultValue": 2,
          "skillLevelCorrection": 2,
          "abilityScriptList": [
            {
              "scriptName": "GiveBuffOnWinDuel",
              "buffData": {
                "buffKeyword": "SlashDamageUp",
                "target": "Self",
                "stack": 1,
                "turn": 0,
                "activeRound": 1
              }
            },
            {
              "scriptName": "EmptyBody"
            }
          ],
          "coinList": [
            {
              "operatorType": "ADD",
              "scale": 3,
              "abilityScriptList": [
                {
                  "scriptName": "DmgUpByBuff",
                  "buffData": {
                    "buffKeyword": "Laceration",
                    "buffOwner": "Target",
                    "stack": 1,
                    "turn": 0,
                    "activeRound": 0,
                    "value": 0.1
                  }
                }
              ]
            },
            {
              "operatorType": "ADD",
              "scale": 3,
              "abilityScriptList": [
                {
                  "scriptName": "DmgUpByBuff",
                  "buffData": {
                    "buffKeyword": "Laceration",
                    "buffOwner": "Target",
                    "stack": 1,
                    "turn": 0,
                    "activeRound": 0,
                    "value": 0.1
                  }
                }
              ]
            },
            {
              "operatorType": "ADD",
              "scale": 3,
              "abilityScriptList": [
                {
                  "scriptName": "DmgUpByBuff",
                  "buffData": {
                    "buffKeyword": "Laceration",
                    "buffOwner": "Target",
                    "stack": 1,
                    "turn": 0,
                    "activeRound": 0,
                    "value": 0.2
                  }
                }
              ]
            }
          ]
        }
      ]
    },
    {
      "id": 9011104,
      "skillTier": 1,
      "skillData": [
        {
          "skillTargetType": "FRONT",
          "canTeamKill": false,
          "canDuel": true,
          "canChangeTarget": true,
          "attributeType": "NEUTRAL",
          "atkType": "NONE",
          "defType": "EVADE",
          "skillMotion": "Default",
          "viewType": "BATTLE",
          "parryingCloseType": "NEAR",
          "targetNum": 1,
          "defaultValue": 3,
          "skillLevelCorrection": 2,
          "abilityScriptList": [
            {
              "scriptName": "GiveBuffOncePerRoundOnSucceedEvade",
              "buffData": {
                "buffKeyword": "SlashDamageUp",
                "target": "Self",
                "buffOwner": "",
                "stack": 1,
                "turn": 0,
                "activeRound": 1
              }
            },
            {
              "scriptName": "EmptyBody"
            }
          ],
          "coinList": [
            {
              "operatorType": "ADD",
              "scale": 5
            }
          ]
        }
      ]
    },
    {
      "id": 9011201,
      "skillTier": 1,
      "skillData": [
        {
          "skillTargetType": "FRONT",
          "canTeamKill": false,
          "canDuel": true,
          "canChangeTarget": true,
          "attributeType": "SCARLET",
          "atkType": "SLASH",
          "defType": "ATTACK",
          "skillMotion": "S1",
          "viewType": "BATTLE",
          "parryingCloseType": "NEAR",
          "targetNum": 1,
          "defaultValue": 3,
          "skillLevelCorrection": 5,
          "abilityScriptList": [
            {
              "scriptName": "EmptyBody"
            }
          ],
          "coinList": [
            {
              "operatorType": "ADD",
              "scale": 3,
              "abilityScriptList": [
                {
                  "scriptName": "GiveBuffOnSucceedAttack",
                  "buffData": {
                    "buffKeyword": "Laceration",
                    "target": "Target",
                    "stack": 3,
                    "turn": 0,
                    "activeRound": 0
                  }
                }
              ]
            },
            {
              "operatorType": "ADD",
              "scale": 3,
              "abilityScriptList": [
                {
                  "scriptName": "GiveBuffOnSucceedAttack",
                  "buffData": {
                    "buffKeyword": "Laceration",
                    "target": "Target",
                    "stack": 3,
                    "turn": 0,
                    "activeRound": 0
                  }
                }
              ]
            }
          ]
        }
      ]
    },
    {
      "id": 9011202,
      "skillTier": 2,
      "skillData": [
        {
          "skillTargetType": "FRONT",
          "canTeamKill": false,
          "canDuel": true,
          "canChangeTarget": true,
          "attributeType": "SCARLET",
          "atkType": "SLASH",
          "defType": "ATTACK",
          "skillMotion": "S2",
          "viewType": "BATTLE",
          "parryingCloseType": "NEAR",
          "targetNum": 1,
          "defaultValue": 4,
          "skillLevelCorrection": 5,
          "abilityScriptList": [
            {
              "scriptName": "GiveBuffOnWinDuel",
              "buffData": {
                "buffKeyword": "Paralysis",
                "target": "Target",
                "stack": 1,
                "turn": 0,
                "activeRound": 1
              }
            },
            {
              "scriptName": "EmptyBody"
            }
          ],
          "coinList": [
            {
              "operatorType": "ADD",
              "scale": 6,
              "abilityScriptList": [
                {
                  "scriptName": "GiveBuffOnSucceedAttack",
                  "buffData": {
                    "buffKeyword": "Laceration",
                    "target": "Target",
                    "stack": 5,
                    "turn": 0,
                    "activeRound": 0
                  }
                }
              ]
            }
          ]
        }
      ]
    },
    {
      "id": 9011203,
      "skillTier": 3,
      "skillData": [
        {
          "skillTargetType": "FRONT",
          "canTeamKill": false,
          "canDuel": true,
          "canChangeTarget": true,
          "attributeType": "CRIMSON",
          "atkType": "SLASH",
          "defType": "ATTACK",
          "skillMotion": "S3",
          "viewType": "BATTLE",
          "parryingCloseType": "NEAR",
          "targetNum": 1,
          "defaultValue": 5,
          "skillLevelCorrection": 5,
          "abilityScriptList": [
            {
              "scriptName": "GiveBuffOnWinDuel",
              "buffData": {
                "buffKeyword": "Protection",
                "target": "Self",
                "stack": 1,
                "turn": 0,
                "activeRound": 1
              }
            },
            {
              "scriptName": "EmptyBody"
            }
          ],
          "coinList": [
            {
              "operatorType": "ADD",
              "scale": 4,
              "abilityScriptList": [
                {
                  "scriptName": "GiveBuffOnSucceedAttack",
                  "buffData": {
                    "buffKeyword": "Laceration",
                    "target": "Target",
                    "stack": 4,
                    "turn": 0,
                    "activeRound": 0
                  }
                }
              ]
            },
            {
              "operatorType": "ADD",
              "scale": 4,
              "abilityScriptList": [
                {
                  "scriptName": "GiveBuffOnSucceedAttack",
                  "buffData": {
                    "buffKeyword": "Laceration",
                    "target": "Target",
                    "stack": 4,
                    "turn": 0,
                    "activeRound": 0
                  }
                }
              ]
            }
          ]
        }
      ]
    },
    {
      "id": 9011204,
      "skillTier": 1,
      "skillData": [
        {
          "skillTargetType": "FRONT",
          "canTeamKill": false,
          "canDuel": false,
          "canChangeTarget": true,
          "attributeType": "NEUTRAL",
          "atkType": "NONE",
          "defType": "GUARD",
          "skillMotion": "Default",
          "viewType": "BATTLE",
          "parryingCloseType": "NEAR",
          "targetNum": 1,
          "defaultValue": 5,
          "skillLevelCorrection": 5,
          "abilityScriptList": [
            {
              "scriptName": "GiveBuffOnBattleStart",
              "buffData": {
                "buffKeyword": "Protection",
                "target": "Self",
                "buffOwner": "",
                "stack": 1,
                "turn": 0,
                "activeRound": 0
              }
            },
            {
              "scriptName": "EmptyBody"
            }
          ],
          "coinList": [
            {
              "operatorType": "ADD",
              "scale": 5
            }
          ]
        }
      ]
    },
    {
      "id": 9011301,
      "skillTier": 1,
      "skillData": [
        {
          "skillTargetType": "FRONT",
          "canTeamKill": false,
          "canDuel": true,
          "canChangeTarget": true,
          "attributeType": "SCARLET",
          "atkType": "SLASH",
          "defType": "ATTACK",
          "skillMotion": "S1",
          "viewType": "BATTLE",
          "parryingCloseType": "NEAR",
          "targetNum": 1,
          "defaultValue": 4,
          "skillLevelCorrection": 5,
          "abilityScriptList": [
            {
              "scriptName": "EmptyBody"
            }
          ],
          "coinList": [
            {
              "operatorType": "ADD",
              "scale": 2,
              "abilityScriptList": [
                {
                  "scriptName": "GiveBuffOnSucceedAttack",
                  "buffData": {
                    "buffKeyword": "Laceration",
                    "target": "Target",
                    "stack": 2,
                    "turn": 0,
                    "activeRound": 0
                  }
                }
              ]
            },
            {
              "operatorType": "ADD",
              "scale": 2,
              "abilityScriptList": [
                {
                  "scriptName": "GiveBuffOnSucceedAttack",
                  "buffData": {
                    "buffKeyword": "Laceration",
                    "target": "Target",
                    "stack": 2,
                    "turn": 0,
                    "activeRound": 0
                  }
                }
              ]
            },
            {
              "operatorType": "ADD",
              "scale": 2,
              "abilityScriptList": [
                {
                  "scriptName": "GiveBuffOnSucceedAttack",
                  "buffData": {
                    "buffKeyword": "Laceration",
                    "target": "Target",
                    "stack": 2,
                    "turn": 0,
                    "activeRound": 0
                  }
                }
              ]
            }
          ]
        }
      ]
    },
    {
      "id": 9011302,
      "skillTier": 2,
      "skillData": [
        {
          "skillTargetType": "FRONT",
          "canTeamKill": false,
          "canDuel": true,
          "canChangeTarget": true,
          "attributeType": "SCARLET",
          "atkType": "SLASH",
          "defType": "ATTACK",
          "skillMotion": "S2",
          "viewType": "BATTLE",
          "parryingCloseType": "NEAR",
          "targetNum": 1,
          "defaultValue": 4,
          "skillLevelCorrection": 5,
          "abilityScriptList": [
            {
              "scriptName": "CoinScaleAdderOnStartTurnViaBuffCheck",
              "buffData": {
                "buffKeyword": "Laceration",
                "buffOwner": "Target",
                "stack": 7,
                "turn": 0,
                "activeRound": 0,
                "value": 1
              }
            },
            {
              "scriptName": "GiveBuffOnWinDuel",
              "buffData": {
                "buffKeyword": "Protection",
                "target": "Self",
                "stack": 1,
                "turn": 0,
                "activeRound": 1
              }
            },
            {
              "scriptName": "EmptyBody"
            }
          ],
          "coinList": [
            {
              "operatorType": "ADD",
              "scale": 7,
              "abilityScriptList": [
                {
                  "scriptName": "GiveBuffOnSucceedAttack",
                  "buffData": {
                    "buffKeyword": "Laceration",
                    "target": "Target",
                    "stack": 0,
                    "turn": 3,
                    "activeRound": 0
                  }
                },
                {
                  "scriptName": "GiveBuffOnSucceedAttack",
                  "buffData": {
                    "buffKeyword": "Paralysis",
                    "target": "Target",
                    "stack": 1,
                    "turn": 0,
                    "activeRound": 1
                  }
                }
              ]
            }
          ]
        }
      ]
    },
    {
      "id": 9011303,
      "skillTier": 3,
      "skillData": [
        {
          "skillTargetType": "FRONT",
          "canTeamKill": false,
          "canDuel": true,
          "canChangeTarget": true,
          "attributeType": "CRIMSON",
          "atkType": "SLASH",
          "defType": "ATTACK",
          "skillMotion": "S3",
          "viewType": "BATTLE",
          "parryingCloseType": "NEAR",
          "targetNum": 1,
          "defaultValue": 3,
          "skillLevelCorrection": 5,
          "abilityScriptList": [
            {
              "scriptName": "CoinScaleAdderOnStartTurnViaBuffCheck",
              "buffData": {
                "buffKeyword": "Laceration",
                "buffOwner": "Target",
                "stack": 5,
                "turn": 0,
                "activeRound": 0,
                "value": 1
              }
            },
            {
              "scriptName": "GiveBuffOnBattleStart",
              "buffData": {
                "buffKeyword": "Protection",
                "target": "Self",
                "buffOwner": "",
                "stack": 1,
                "turn": 0,
                "activeRound": 0
              }
            },
            {
              "scriptName": "GiveBuffOnWinDuel",
              "buffData": {
                "buffKeyword": "Protection",
                "target": "Self",
                "stack": 1,
                "turn": 0,
                "activeRound": 1
              }
            },
            {
              "scriptName": "EmptyBody"
            }
          ],
          "coinList": [
            {
              "operatorType": "ADD",
              "scale": 4,
              "abilityScriptList": [
                {
                  "scriptName": "GiveBuffOnSucceedAttack",
                  "buffData": {
                    "buffKeyword": "Laceration",
                    "target": "Target",
                    "stack": 0,
                    "turn": 2,
                    "activeRound": 0
                  }
                }
              ]
            },
            {
              "operatorType": "ADD",
              "scale": 4,
              "abilityScriptList": [
                {
                  "scriptName": "GiveBuffOnSucceedAttack",
                  "buffData": {
                    "buffKeyword": "Laceration",
                    "target": "Target",
                    "stack": 0,
                    "turn": 2,
                    "activeRound": 0
                  }
                }
              ]
            }
          ]
        }
      ]
    },
    {
      "id": 9011304,
      "skillTier": 1,
      "skillData": [
        {
          "skillTargetType": "FRONT",
          "canTeamKill": false,
          "canDuel": false,
          "canChangeTarget": true,
          "attributeType": "NEUTRAL",
          "atkType": "NONE",
          "defType": "GUARD",
          "skillMotion": "Default",
          "viewType": "BATTLE",
          "parryingCloseType": "NEAR",
          "targetNum": 1,
          "defaultValue": 5,
          "skillLevelCorrection": 5,
          "abilityScriptList": [
            {
              "scriptName": "GiveBuffOnBattleStart",
              "buffData": {
                "buffKeyword": "Protection",
                "target": "Self",
                "buffOwner": "",
                "stack": 2,
                "turn": 0,
                "activeRound": 0
              }
            },
            {
              "scriptName": "EmptyBody"
            }
          ],
          "coinList": [
            {
              "operatorType": "ADD",
              "scale": 10
            }
          ]
        }
      ]
    }
  ]
}