{
  "list": [
    {
      "id": 9016001,
      "skillTier": 1,
      "skillType": "SKILL",
      "skillData": [
        {
          "skillTargetType": "FRONT",
          "canTeamKill": false,
          "canDuel": true,
          "canChangeTarget": true,
          "attributeType": "CRIMSON",
          "atkType": "SLASH",
          "defType": "ATTACK",
          "skillMotion": "S1",
          "viewType": "BATTLE",
          "parryingCloseType": "NEAR",
          "targetNum": 1,
          "defaultValue": 3,
          "skillLevelCorrection": 0,
          "abilityScriptList": [
            {
              "scriptName": "GiveBuffOnUse",
              "buffData": {
                "buffKeyword": "Breath",
                "target": "Self",
                "stack": 2,
                "turn": 0,
                "activeRound": 0
              }
            }
          ],
          "coinList": [
            {
              "operatorType": "ADD",
              "scale": 4,
              "abilityScriptList": [
                {
                  "scriptName": "GiveBuffOnSucceedAttack",
                  "buffData": {
                    "buffKeyword": "Laceration",
                    "target": "Target",
                    "stack": 1,
                    "turn": 0,
                    "activeRound": 0
                  }
                }
              ]
            },
            {
              "operatorType": "ADD",
              "scale": 4,
              "abilityScriptList": [
                {
                  "scriptName": "GiveBuffOnSucceedAttack",
                  "buffData": {
                    "buffKeyword": "Paralysis",
                    "target": "Target",
                    "stack": 1,
                    "turn": 0,
                    "activeRound": 0
                  }
                },
                {
                  "scriptName": "CriticalDmgUpByRatio20"
                }
              ]
            }
          ]
        }
      ]
    },
    {
      "id": 9016002,
      "skillTier": 1,
      "skillType": "SKILL",
      "skillData": [
        {
          "skillTargetType": "FRONT",
          "canTeamKill": false,
          "canDuel": true,
          "canChangeTarget": true,
          "attributeType": "VIOLET",
          "atkType": "PENETRATE",
          "defType": "ATTACK",
          "skillMotion": "S2",
          "viewType": "BATTLE",
          "parryingCloseType": "NEAR",
          "targetNum": 1,
          "defaultValue": 4,
          "skillLevelCorrection": 0,
          "abilityScriptList": [
            {
              "scriptName": "GiveBuffOnUse",
              "buffData": {
                "buffKeyword": "Breath",
                "target": "Self",
                "stack": 2,
                "turn": 0,
                "activeRound": 0
              }
            }
          ],
          "coinList": [
            {
              "operatorType": "ADD",
              "scale": 5,
              "abilityScriptList": [
                {
                  "scriptName": "GiveBuffOnSucceedAttack",
                  "buffData": {
                    "buffKeyword": "Vulnerable",
                    "target": "Target",
                    "stack": 1,
                    "turn": 0,
                    "activeRound": 0
                  }
                }
              ]
            },
            {
              "operatorType": "ADD",
              "scale": 5,
              "abilityScriptList": [
                {
                  "scriptName": "GiveBuffOnSucceedAttack",
                  "buffData": {
                    "buffKeyword": "DefenseDown",
                    "target": "Target",
                    "stack": 1,
                    "turn": 0,
                    "activeRound": 0
                  }
                },
                {
                  "scriptName": "CriticalDmgUpByRatioViaBuffCheck30",
                  "buffData": {
                    "buffKeyword": "TrulyWeak",
                    "buffOwner": "Target",
                    "stack": 1,
                    "turn": 0,
                    "value": 0.3
                  }
                }
              ]
            }
          ]
        }
      ]
    },
    {
      "id": 9016101,
      "skillTier": 1,
      "skillType": "SKILL",
      "skillData": [
        {
          "skillTargetType": "FRONT",
          "canTeamKill": false,
          "canDuel": true,
          "canChangeTarget": true,
          "attributeType": "CRIMSON",
          "atkType": "HIT",
          "defType": "ATTACK",
          "skillMotion": "S1",
          "viewType": "BATTLE",
          "parryingCloseType": "NEAR",
          "targetNum": 1,
          "defaultValue": 4,
          "skillLevelCorrection": 0,
          "abilityScriptList": [],
          "coinList": [
            {
              "operatorType": "ADD",
              "scale": 6,
              "abilityScriptList": [
                {
                  "scriptName": "GiveBuffOnSucceedAttack",
                  "buffData": {
                    "buffKeyword": "Burst",
                    "target": "Target",
                    "stack": 2,
                    "turn": 0,
                    "activeRound": 0
                  }
                }
              ]
            }
          ]
        }
      ]
    },
    {
      "id": 9016102,
      "skillTier": 1,
      "skillType": "SKILL",
      "skillData": [
        {
          "skillTargetType": "FRONT",
          "canTeamKill": false,
          "canDuel": true,
          "canChangeTarget": true,
          "attributeType": "SHAMROCK",
          "atkType": "SLASH",
          "defType": "ATTACK",
          "skillMotion": "S2",
          "viewType": "BATTLE",
          "parryingCloseType": "NEAR",
          "targetNum": 1,
          "defaultValue": 4,
          "skillLevelCorrection": 0,
          "abilityScriptList": [
            {
              "scriptName": "AttackDmgUpByRatioOnUseViaBuffCheck",
              "buffData": {
                "buffKeyword": "Laceration",
                "buffOwner": "Target",
                "stack": 5,
                "turn": 0,
                "value": 0.1
              }
            }
          ],
          "coinList": [
            {
              "operatorType": "ADD",
              "scale": 6,
              "abilityScriptList": [
                {
                  "scriptName": "GiveBuffOnSucceedAttack",
                  "buffData": {
                    "buffKeyword": "Burst",
                    "target": "Target",
                    "stack": 1,
                    "turn": 0,
                    "activeRound": 0
                  }
                }
              ]
            },
            {
              "operatorType": "ADD",
              "scale": 6,
              "abilityScriptList": [
                {
                  "scriptName": "GiveBuffOnSucceedAttack",
                  "buffData": {
                    "buffKeyword": "Laceration",
                    "target": "Target",
                    "stack": 2,
                    "turn": 0,
                    "activeRound": 0
                  }
                }
              ]
            }
          ]
        }
      ]
    },
    {
      "id": 9016103,
      "skillTier": 1,
      "skillType": "SKILL",
      "skillData": [
        {
          "skillTargetType": "FRONT",
          "canTeamKill": false,
          "canDuel": true,
          "canChangeTarget": true,
          "attributeType": "AMBER",
          "atkType": "SLASH",
          "defType": "ATTACK",
          "skillMotion": "S2",
          "viewType": "BATTLE",
          "parryingCloseType": "NEAR",
          "targetNum": 1,
          "defaultValue": 4,
          "skillLevelCorrection": 0,
          "abilityScriptList": [
            {
              "scriptName": "CoinScaleAdderViaBuffCheck",
              "buffData": {
                "buffKeyword": "Laceration",
                "buffOwner": "Target",
                "stack": 5,
                "turn": 0,
                "value": 1
              }
            }
          ],
          "coinList": [
            {
              "operatorType": "ADD",
              "scale": 4,
              "abilityScriptList": [
                {
                  "scriptName": "GiveBuffOnSucceedAttack",
                  "buffData": {
                    "buffKeyword": "Vulnerable",
                    "target": "Target",
                    "stack": 1,
                    "turn": 0,
                    "activeRound": 0
                  }
                }
              ]
            },
            {
              "operatorType": "ADD",
              "scale": 4,
              "abilityScriptList": [
                {
                  "scriptName": "GiveBuffOnSucceedAttack",
                  "buffData": {
                    "buffKeyword": "Burst",
                    "target": "Target",
                    "stack": 2,
                    "turn": 0,
                    "activeRound": 0
                  }
                }
              ]
            },
            {
              "operatorType": "ADD",
              "scale": 4,
              "abilityScriptList": [
                {
                  "scriptName": "GiveBuffOnSucceedAttack",
                  "buffData": {
                    "buffKeyword": "Laceration",
                    "target": "Target",
                    "stack": 2,
                    "turn": 0,
                    "activeRound": 0
                  }
                }
              ]
            }
          ]
        }
      ]
    },
    {
      "id": 9016104,
      "skillTier": 1,
      "skillData": [
        {
          "skillTargetType": "FRONT",
          "canTeamKill": false,
          "canDuel": false,
          "canChangeTarget": true,
          "attributeType": "AMBER",
          "atkType": "NONE",
          "defType": "GUARD",
          "skillMotion": "Default",
          "viewType": "BATTLE",
          "parryingCloseType": "NEAR",
          "targetNum": 1,
          "defaultValue": 10,
          "skillLevelCorrection": 0,
          "abilityScriptList": [
            {
              "scriptName": "GiveBuffOnUse",
              "buffData": {
                "buffKeyword": "Protection",
                "target": "Self",
                "stack": 1,
                "turn": 0,
                "activeRound": 0
              }
            }
          ],
          "coinList": [
            {
              "operatorType": "ADD",
              "scale": 4
            }
          ]
        }
      ]
    },
    {
      "id": 9016105,
      "skillTier": 1,
      "skillData": [
        {
          "skillTargetType": "FRONT",
          "canTeamKill": false,
          "canDuel": false,
          "canChangeTarget": true,
          "attributeType": "AMBER",
          "atkType": "NONE",
          "defType": "GUARD",
          "skillMotion": "Default",
          "viewType": "BATTLE",
          "parryingCloseType": "NEAR",
          "targetNum": 1,
          "defaultValue": 8,
          "skillLevelCorrection": 0,
          "abilityScriptList": [
            {
              "scriptName": "GiveBuffOnUse",
              "buffData": {
                "buffKeyword": "Enhancement",
                "target": "Self",
                "stack": 1,
                "turn": 0,
                "activeRound": 1
              }
            }
          ],
          "coinList": [
            {
              "operatorType": "ADD",
              "scale": 2
            }
          ]
        }
      ]
    },
    {
      "id": 9015201,
      "skillTier": 1,
      "skillType": "SKILL",
      "skillData": [
        {
          "skillTargetType": "FRONT",
          "canTeamKill": false,
          "canDuel": true,
          "canChangeTarget": true,
          "attributeType": "SHAMROCK",
          "atkType": "PENETRATE",
          "defType": "ATTACK",
          "skillMotion": "S1",
          "viewType": "BATTLE",
          "parryingCloseType": "NEAR",
          "targetNum": 1,
          "defaultValue": 4,
          "skillLevelCorrection": 1,
          "abilityScriptList": [
            {
              "scriptName": "EmptyBody"
            }
          ],
          "coinList": [
            {
              "operatorType": "ADD",
              "scale": 7,
              "abilityScriptList": [
                {
                  "scriptName": "GiveBuffOnSucceedAttack",
                  "buffData": {
                    "buffKeyword": "Laceration",
                    "target": "Target",
                    "stack": 3,
                    "turn": 0,
                    "activeRound": 0
                  }
                }
              ]
            }
          ]
        }
      ]
    },
    {
      "id": 9015202,
      "skillTier": 2,
      "skillType": "SKILL",
      "skillData": [
        {
          "skillTargetType": "FRONT",
          "canTeamKill": false,
          "canDuel": true,
          "canChangeTarget": true,
          "attributeType": "SHAMROCK",
          "atkType": "SLASH",
          "defType": "ATTACK",
          "skillMotion": "S3",
          "viewType": "BATTLE",
          "parryingCloseType": "NEAR",
          "targetNum": 1,
          "defaultValue": 4,
          "skillLevelCorrection": 2,
          "abilityScriptList": [
            {
              "scriptName": "EmptyBody"
            },
            {
              "scriptName": "AttackDmgUpByRatioOnUseViaBuffCheck",
              "buffData": {
                "buffKeyword": "Laceration",
                "buffOwner": "Target",
                "target": "",
                "stack": 8,
                "turn": 0,
                "activeRound": 0,
                "value": 0.2
              }
            }
          ],
          "coinList": [
            {
              "operatorType": "ADD",
              "scale": 3,
              "abilityScriptList": [
                {
                  "scriptName": "GiveBuffOnSucceedAttack",
                  "buffData": {
                    "buffKeyword": "Laceration",
                    "target": "Target",
                    "stack": 2,
                    "turn": 0,
                    "activeRound": 0
                  }
                }
              ]
            },
            {
              "operatorType": "ADD",
              "scale": 3,
              "abilityScriptList": [
                {
                  "scriptName": "GiveBuffOnSucceedAttack",
                  "buffData": {
                    "buffKeyword": "Laceration",
                    "target": "Target",
                    "stack": 2,
                    "turn": 0,
                    "activeRound": 0
                  }
                },
                {
                  "scriptName": "GiveBuffOnSuccessAttackUsingBuffStack_Laceration6",
                  "buffData": {
                    "buffKeyword": "HardenedBlood",
                    "buffOwner": "Target",
                    "target": "Self",
                    "stack": 1,
                    "turn": 0,
                    "activeRound": 0
                  }
                }
              ]
            },
            {
              "operatorType": "ADD",
              "scale": 3,
              "abilityScriptList": [
                {
                  "scriptName": "GiveBuffOnSucceedAttack",
                  "buffData": {
                    "buffKeyword": "Laceration",
                    "target": "Target",
                    "stack": 2,
                    "turn": 0,
                    "activeRound": 0
                  }
                },
                {
                  "scriptName": "GiveBuffAndGiveLacerationToBuffOwnerDmgOnSucceedAttack",
                  "buffData": {
                    "buffKeyword": "BloodScissor",
                    "buffOwner": "Self",
                    "target": "Self",
                    "stack": 1,
                    "turn": 0,
                    "activeRound": 0,
                    "value": 8
                  }
                }
              ]
            }
          ]
        }
      ]
    },
    {
      "id": 9015203,
      "skillTier": 3,
      "skillType": "SKILL",
      "skillData": [
        {
          "skillTargetType": "FRONT",
          "canTeamKill": false,
          "canDuel": true,
          "canChangeTarget": true,
          "attributeType": "SCARLET",
          "atkType": "SLASH",
          "defType": "ATTACK",
          "skillMotion": "S2",
          "viewType": "BATTLE",
          "parryingCloseType": "NEAR",
          "targetNum": 1,
          "defaultValue": 8,
          "skillLevelCorrection": 4,
          "abilityScriptList": [
            {
              "scriptName": "EmptyBody"
            },
            {
              "scriptName": "SkillPowerAdderOnUseViaBuffCheck",
              "buffData": {
                "buffKeyword": "Laceration",
                "buffOwner": "Target",
                "target": "",
                "stack": 6,
                "turn": 0,
                "activeRound": 0,
                "value": 1
              }
            },
            {
              "scriptName": "AttackDmgUpByRatioViaBuffCheckDevideByStackWithLimit25",
              "buffData": {
                "buffKeyword": "HardenedBlood",
                "buffOwner": "Self",
                "target": "",
                "stack": 1,
                "turn": 0,
                "activeRound": 0,
                "value": 0.05
              }
            },
            {
              "scriptName": "UseBuffAllStackOnEndSkill",
              "buffData": {
                "buffKeyword": "HardenedBlood",
                "target": "Self"
              }
            },
            {
              "scriptName": "UseBuffAllStackOnEndSkill",
              "buffData": {
                "buffKeyword": "BloodScissor",
                "target": "Self"
              }
            }
          ],
          "coinList": [
            {
              "operatorType": "ADD",
              "scale": 7,
              "abilityScriptList": [
                {
                  "scriptName": "GiveBuffOnSucceedAttack",
                  "buffData": {
                    "buffKeyword": "Laceration",
                    "target": "Target",
                    "stack": 3,
                    "turn": 2,
                    "activeRound": 0
                  }
                }
              ]
            },
            {
              "operatorType": "ADD",
              "scale": 7,
              "abilityScriptList": [
                {
                  "scriptName": "HealHpOnSucceedAttackViaBuffStackCheckByRatioMax20",
                  "buffData": {
                    "buffKeyword": "Laceration",
                    "buffOwner": "Target",
                    "target": "Self",
                    "stack": 0,
                    "turn": 0,
                    "value": 0.01
                  }
                }
              ]
            }
          ]
        }
      ]
    },
    {
      "id": 9015204,
      "skillTier": 1,
      "skillType": "SKILL",
      "skillData": [
        {
          "skillTargetType": "FRONT",
          "canTeamKill": false,
          "canDuel": false,
          "canChangeTarget": true,
          "attributeType": "CRIMSON",
          "atkType": "PENETRATE",
          "defType": "COUNTER",
          "skillMotion": "S1",
          "viewType": "BATTLE",
          "parryingCloseType": "NEAR",
          "targetNum": 1,
          "defaultValue": 2,
          "skillLevelCorrection": 0,
          "abilityScriptList": [
            {
              "scriptName": "EmptyBody"
            },
            {
              "scriptName": "SkillPowerAdderOnUseViaBuffCheckDevideByStackWithLimit99",
              "buffData": {
                "buffKeyword": "HardenedBlood",
                "buffOwner": "Self",
                "stack": 1,
                "turn": 0,
                "value": 1
              }
            }
          ],
          "coinList": [
            {
              "operatorType": "ADD",
              "scale": 9,
              "abilityScriptList": [
                {
                  "scriptName": "GiveBuffOnSucceedAttackHead",
                  "buffData": {
                    "buffKeyword": "Laceration",
                    "target": "Target",
                    "stack": 2,
                    "turn": 0,
                    "activeRound": 0
                  }
                }
              ]
            }
          ]
        }
      ]
    },
    {
      "id": 9015301,
      "skillTier": 1,
      "skillType": "SKILL",
      "skillData": [
        {
          "skillTargetType": "FRONT",
          "canTeamKill": false,
          "canDuel": true,
          "canChangeTarget": true,
          "attributeType": "SHAMROCK",
          "atkType": "PENETRATE",
          "defType": "ATTACK",
          "skillMotion": "S1",
          "viewType": "BATTLE",
          "parryingCloseType": "NEAR",
          "targetNum": 1,
          "defaultValue": 4,
          "skillLevelCorrection": 1,
          "abilityScriptList": [
            {
              "scriptName": "EmptyBody"
            }
          ],
          "coinList": [
            {
              "operatorType": "ADD",
              "scale": 7,
              "abilityScriptList": [
                {
                  "scriptName": "GiveBuffOnSucceedAttack",
                  "buffData": {
                    "buffKeyword": "Laceration",
                    "target": "Target",
                    "stack": 0,
                    "turn": 2,
                    "activeRound": 0
                  }
                }
              ]
            }
          ]
        }
      ]
    },
    {
      "id": 9015302,
      "skillTier": 2,
      "skillType": "SKILL",
      "skillData": [
        {
          "skillTargetType": "FRONT",
          "canTeamKill": false,
          "canDuel": true,
          "canChangeTarget": true,
          "attributeType": "SHAMROCK",
          "atkType": "SLASH",
          "defType": "ATTACK",
          "skillMotion": "S3",
          "viewType": "BATTLE",
          "parryingCloseType": "NEAR",
          "targetNum": 1,
          "defaultValue": 4,
          "skillLevelCorrection": 2,
          "abilityScriptList": [
            {
              "scriptName": "EmptyBody"
            },
            {
              "scriptName": "AttackDmgUpByRatioOnUseViaBuffCheck",
              "buffData": {
                "buffKeyword": "Laceration",
                "buffOwner": "Target",
                "target": "",
                "stack": 4,
                "turn": 0,
                "activeRound": 0,
                "value": 0.1
              }
            }
          ],
          "coinList": [
            {
              "operatorType": "ADD",
              "scale": 3,
              "abilityScriptList": [
                {
                  "scriptName": "GiveBuffOnSucceedAttack",
                  "buffData": {
                    "buffKeyword": "Laceration",
                    "target": "Target",
                    "stack": 0,
                    "turn": 2,
                    "activeRound": 0
                  }
                }
              ]
            },
            {
              "operatorType": "ADD",
              "scale": 3,
              "abilityScriptList": [
                {
                  "scriptName": "GiveBuffOnSucceedAttack",
                  "buffData": {
                    "buffKeyword": "Laceration",
                    "target": "Target",
                    "stack": 0,
                    "turn": 2,
                    "activeRound": 0
                  }
                },
                {
                  "scriptName": "GiveBuffOnSuccessAttackUsingBuffStack_Laceration6",
                  "buffData": {
                    "buffKeyword": "HardenedBlood",
                    "buffOwner": "Target",
                    "target": "Self",
                    "stack": 1,
                    "turn": 0,
                    "activeRound": 0
                  }
                }
              ]
            },
            {
              "operatorType": "ADD",
              "scale": 3,
              "abilityScriptList": [
                {
                  "scriptName": "GiveBuffOnSucceedAttack",
                  "buffData": {
                    "buffKeyword": "Laceration",
                    "target": "Target",
                    "stack": 0,
                    "turn": 2,
                    "activeRound": 0
                  }
                },
                {
                  "scriptName": "GiveBuffAndGiveLacerationToBuffOwnerDmgOnSucceedAttack",
                  "buffData": {
                    "buffKeyword": "BloodScissor",
                    "buffOwner": "Self",
                    "target": "Self",
                    "stack": 1,
                    "turn": 0,
                    "activeRound": 0,
                    "value": 8
                  }
                }
              ]
            }
          ]
        }
      ]
    },
    {
      "id": 9015303,
      "skillTier": 3,
      "skillType": "SKILL",
      "skillData": [
        {
          "skillTargetType": "FRONT",
          "canTeamKill": false,
          "canDuel": true,
          "canChangeTarget": true,
          "attributeType": "SCARLET",
          "atkType": "SLASH",
          "defType": "ATTACK",
          "skillMotion": "S2",
          "viewType": "BATTLE",
          "parryingCloseType": "NEAR",
          "targetNum": 1,
          "defaultValue": 10,
          "skillLevelCorrection": 4,
          "abilityScriptList": [
            {
              "scriptName": "EmptyBody"
            },
            {
              "scriptName": "SkillPowerAdderOnUseViaBuffCheck",
              "buffData": {
                "buffKeyword": "Laceration",
                "buffOwner": "Target",
                "target": "",
                "stack": 6,
                "turn": 0,
                "activeRound": 0,
                "value": 1
              }
            },
            {
              "scriptName": "AttackDmgUpByRatioViaBuffCheckDevideByStackWithLimit25",
              "buffData": {
                "buffKeyword": "HardenedBlood",
                "buffOwner": "Self",
                "target": "",
                "stack": 1,
                "turn": 0,
                "activeRound": 0,
                "value": 0.05
              }
            },
            {
              "scriptName": "UseBuffAllStackOnEndSkill",
              "buffData": {
                "buffKeyword": "HardenedBlood",
                "target": "Self"
              }
            },
            {
              "scriptName": "UseBuffAllStackOnEndSkill",
              "buffData": {
                "buffKeyword": "BloodScissor",
                "target": "Self"
              }
            }
          ],
          "coinList": [
            {
              "operatorType": "ADD",
              "scale": 5,
              "abilityScriptList": [
                {
                  "scriptName": "GiveBuffOnSucceedAttack",
                  "buffData": {
                    "buffKeyword": "Laceration",
                    "target": "Target",
                    "stack": 3,
                    "turn": 2,
                    "activeRound": 0
                  }
                }
              ]
            },
            {
              "operatorType": "ADD",
              "scale": 5,
              "abilityScriptList": [
                {
                  "scriptName": "HealHpOnSucceedAttackViaBuffStackCheckByRatioMax20",
                  "buffData": {
                    "buffKeyword": "Laceration",
                    "buffOwner": "Target",
                    "target": "Self",
                    "stack": 0,
                    "turn": 0,
                    "value": 0.01
                  }
                },
                {
                  "scriptName": "GiveBuffOnSucceedAttack",
                  "buffData": {
                    "buffKeyword": "HardenedBlood",
                    "target": "Self",
                    "stack": 1,
                    "turn": 0,
                    "activeRound": 0
                  }
                }
              ]
            }
          ]
        }
      ]
    },
    {
      "id": 9015304,
      "skillTier": 1,
      "skillType": "SKILL",
      "skillData": [
        {
          "skillTargetType": "FRONT",
          "canTeamKill": false,
          "canDuel": false,
          "canChangeTarget": true,
          "attributeType": "CRIMSON",
          "atkType": "PENETRATE",
          "defType": "COUNTER",
          "skillMotion": "S1",
          "viewType": "BATTLE",
          "parryingCloseType": "NEAR",
          "targetNum": 1,
          "defaultValue": 4,
          "skillLevelCorrection": 0,
          "abilityScriptList": [
            {
              "scriptName": "EmptyBody"
            },
            {
              "scriptName": "SkillPowerAdderOnUseViaBuffCheckDevideByStackWithLimit99",
              "buffData": {
                "buffKeyword": "HardenedBlood",
                "buffOwner": "Self",
                "stack": 1,
                "turn": 0,
                "value": 1
              }
            }
          ],
          "coinList": [
            {
              "operatorType": "ADD",
              "scale": 5,
              "abilityScriptList": [
                {
                  "scriptName": "GiveBuffOnSucceedAttackHead",
                  "buffData": {
                    "buffKeyword": "Laceration",
                    "target": "Target",
                    "stack": 2,
                    "turn": 0,
                    "activeRound": 0
                  }
                }
              ]
            }
          ]
        }
      ]
    },
    {
      "id": 9015401,
      "skillTier": 1,
      "skillType": "SKILL",
      "skillData": [
        {
          "skillTargetType": "FRONT",
          "canTeamKill": false,
          "canDuel": true,
          "canChangeTarget": true,
          "attributeType": "INDIGO",
          "atkType": "SLASH",
          "defType": "ATTACK",
          "skillMotion": "S1",
          "viewType": "BATTLE",
          "parryingCloseType": "NEAR",
          "targetNum": 1,
          "defaultValue": 3,
          "skillLevelCorrection": 1,
          "abilityScriptList": [
            {
              "scriptName": "EmptyBody"
            }
          ],
          "coinList": [
            {
              "operatorType": "ADD",
              "scale": 4,
              "abilityScriptList": [
                {
                  "scriptName": "GiveBuffOnSucceedAttack",
                  "buffData": {
                    "buffKeyword": "Laceration",
                    "target": "Target",
                    "stack": 3,
                    "turn": 0,
                    "activeRound": 0
                  }
                }
              ]
            },
            {
              "operatorType": "ADD",
              "scale": 4,
              "abilityScriptList": [
                {
                  "scriptName": "GiveBuffOnSucceedAttack",
                  "buffData": {
                    "buffKeyword": "Laceration",
                    "target": "Target",
                    "stack": 3,
                    "turn": 0,
                    "activeRound": 0
                  }
                }
              ]
            }
          ]
        }
      ]
    },
    {
      "id": 9015402,
      "skillTier": 2,
      "skillType": "SKILL",
      "skillData": [
        {
          "skillTargetType": "FRONT",
          "canTeamKill": false,
          "canDuel": true,
          "canChangeTarget": true,
          "attributeType": "INDIGO",
          "atkType": "SLASH",
          "defType": "ATTACK",
          "skillMotion": "S2",
          "viewType": "BATTLE",
          "parryingCloseType": "NEAR",
          "targetNum": 1,
          "defaultValue": 7,
          "skillLevelCorrection": 2,
          "abilityScriptList": [
            {
              "scriptName": "EmptyBody"
            },
            {
              "scriptName": "AttackDmgUpByRatioOnUseViaBuffCheck",
              "buffData": {
                "buffKeyword": "Laceration",
                "buffOwner": "Target",
                "target": "",
                "stack": 6,
                "turn": 0,
                "activeRound": 0,
                "value": 0.2
              }
            }
          ],
          "coinList": [
            {
              "operatorType": "ADD",
              "scale": 5,
              "abilityScriptList": [
                {
                  "scriptName": "GiveBuffOnSucceedAttack",
                  "buffData": {
                    "buffKeyword": "Laceration",
                    "target": "Target",
                    "stack": 0,
                    "turn": 3,
                    "activeRound": 0
                  }
                },
                {
                  "scriptName": "GiveBuffOnSuccessAttackUsingBuffStack_Laceration5",
                  "buffData": {
                    "buffKeyword": "HardenedBlood",
                    "buffOwner": "Target",
                    "target": "Self",
                    "stack": 1,
                    "turn": 0,
                    "activeRound": 0
                  }
                }
              ]
            }
          ]
        }
      ]
    },
    {
      "id": 9015403,
      "skillTier": 2,
      "skillType": "SKILL",
      "skillData": [
        {
          "skillTargetType": "FRONT",
          "canTeamKill": false,
          "canDuel": true,
          "canChangeTarget": true,
          "attributeType": "SHAMROCK",
          "atkType": "PENETRATE",
          "defType": "ATTACK",
          "skillMotion": "S2",
          "viewType": "BATTLE",
          "parryingCloseType": "NEAR",
          "targetNum": 1,
          "defaultValue": 6,
          "skillLevelCorrection": 3,
          "abilityScriptList": [
            {
              "scriptName": "EmptyBody"
            },
            {
              "scriptName": "90154031[10:50:10]",
              "buffData": {
                "buffKeyword": "BloodScissor",
                "target": "Self",
                "stack": 1,
                "turn": 0,
                "activeRound": 0
              }
            },
            {
              "scriptName": "CoinScaleAdderOnStartTurnViaBuffCheck",
              "buffData": {
                "buffKeyword": "Laceration",
                "buffOwner": "Target",
                "target": "",
                "stack": 5,
                "turn": 0,
                "activeRound": 0,
                "value": 1
              }
            }
          ],
          "coinList": [
            {
              "operatorType": "ADD",
              "scale": 5,
              "abilityScriptList": [
                {
                  "scriptName": "GiveBuffOnSucceedAttack",
                  "buffData": {
                    "buffKeyword": "Laceration",
                    "target": "Target",
                    "stack": 3,
                    "turn": 0,
                    "activeRound": 0
                  }
                }
              ]
            },
            {
              "operatorType": "ADD",
              "scale": 5,
              "abilityScriptList": [
                {
                  "scriptName": "GiveBuffOnSucceedAttack",
                  "buffData": {
                    "buffKeyword": "Laceration",
                    "target": "Target",
                    "stack": 3,
                    "turn": 0,
                    "activeRound": 0
                  }
                }
              ]
            }
          ]
        }
      ]
    },
    {
      "id": 9015404,
      "skillTier": 3,
      "skillType": "SKILL",
      "skillData": [
        {
          "skillTargetType": "FRONT",
          "canTeamKill": false,
          "canDuel": true,
          "canChangeTarget": true,
          "attributeType": "SCARLET",
          "atkType": "SLASH",
          "defType": "ATTACK",
          "skillMotion": "S3",
          "viewType": "BATTLE",
          "parryingCloseType": "NEAR",
          "targetNum": 1,
          "defaultValue": 10,
          "skillLevelCorrection": 5,
          "abilityScriptList": [
            {
              "scriptName": "EmptyBody"
            },
            {
              "scriptName": "CoinScaleAdderOnStartTurnViaBuffCheck",
              "buffData": {
                "buffKeyword": "Laceration",
                "buffOwner": "Target",
                "target": "",
                "stack": 5,
                "turn": 0,
                "activeRound": 0,
                "value": 1
              }
            },
            {
              "scriptName": "ParryingPowerResultAdderOnUseDivideByBuff",
              "buffData": {
                "buffKeyword": "BloodScissor",
                "buffOwner": "Self",
                "stack": 1,
                "turn": 0,
                "value": 1,
                "limit": 3
              }
            },
            {
              "scriptName": "AttackDmgUpByRatioViaBuffCheckDevideByStackWithLimit35",
              "buffData": {
                "buffKeyword": "HardenedBlood",
                "buffOwner": "Self",
                "target": "",
                "stack": 1,
                "turn": 0,
                "activeRound": 0,
                "value": 0.07
              }
            },
            {
              "scriptName": "UseBuffAllStackOnEndSkill",
              "buffData": {
                "buffKeyword": "HardenedBlood",
                "target": "Self"
              }
            }
          ],
          "coinList": [
            {
              "grade": 2,
              "color": "GREY",
              "operatorType": "ADD",
              "scale": 3,
              "abilityScriptList": [
                {
                  "scriptName": "SuperCoin"
                },
                {
                  "scriptName": "GiveBuffOnSucceedAttack",
                  "buffData": {
                    "buffKeyword": "Laceration",
                    "target": "Target",
                    "stack": 8,
                    "turn": 0,
                    "activeRound": 0
                  }
                }
              ]
            },
            {
              "operatorType": "ADD",
              "scale": 3,
              "abilityScriptList": []
            },
            {
              "operatorType": "ADD",
              "scale": 3,
              "abilityScriptList": [
                {
                  "scriptName": "UseBuffOnSucceedAttackAndAttackDmgUpPerUsed",
                  "buffData": {
                    "buffKeyword": "BloodScissor",
                    "buffOwner": "Self",
                    "target": "",
                    "stack": 5,
                    "turn": 0,
                    "value": 0.2
                  }
                },
                {
                  "scriptName": "HealHpOnSucceedAttackViaBuffStackCheckByRatioMax30",
                  "buffData": {
                    "buffKeyword": "Laceration",
                    "buffOwner": "Target",
                    "target": "Self",
                    "stack": 0,
                    "turn": 0,
                    "value": 0.01
                  }
                }
              ]
            }
          ]
        }
      ]
    },
    {
      "id": 9015405,
      "skillTier": 1,
      "skillType": "SKILL",
      "skillData": [
        {
          "skillTargetType": "FRONT",
          "canTeamKill": false,
          "canDuel": false,
          "canChangeTarget": true,
          "attributeType": "CRIMSON",
          "atkType": "PENETRATE",
          "defType": "COUNTER",
          "skillMotion": "S1",
          "viewType": "BATTLE",
          "parryingCloseType": "NEAR",
          "targetNum": 1,
          "defaultValue": 3,
          "skillLevelCorrection": 2,
          "abilityScriptList": [
            {
              "scriptName": "EmptyBody"
            },
            {
              "scriptName": "SkillPowerAdderOnUseViaBuffCheck",
              "buffData": {
                "buffKeyword": "BloodScissor",
                "buffOwner": "Self",
                "stack": 1,
                "turn": 0,
                "value": 1
              }
            },
            {
              "scriptName": "CoinScaleAdderOnStartTurnViaBuffCheck",
              "buffData": {
                "buffKeyword": "HardenedBlood",
                "buffOwner": "Self",
                "target": "",
                "stack": 3,
                "turn": 0,
                "activeRound": 0,
                "value": 1
              }
            }
          ],
          "coinList": [
            {
              "operatorType": "ADD",
              "scale": 8,
              "abilityScriptList": [
                {
                  "scriptName": "GiveBuffOnSucceedAttack",
                  "buffData": {
                    "buffKeyword": "Laceration",
                    "target": "Target",
                    "stack": 2,
                    "turn": 0,
                    "activeRound": 0
                  }
                }
              ]
            }
          ]
        }
      ]
    },
    {
      "id": 9015501,
      "skillTier": 1,
      "skillType": "SKILL",
      "skillData": [
        {
          "skillTargetType": "FRONT",
          "canTeamKill": false,
          "canDuel": true,
          "canChangeTarget": true,
          "attributeType": "INDIGO",
          "atkType": "SLASH",
          "defType": "ATTACK",
          "skillMotion": "S1",
          "viewType": "BATTLE",
          "parryingCloseType": "NEAR",
          "targetNum": 1,
          "defaultValue": 2,
          "skillLevelCorrection": 1,
          "abilityScriptList": [
            {
              "scriptName": "EmptyBody"
            }
          ],
          "coinList": [
            {
              "operatorType": "ADD",
              "scale": 5,
              "abilityScriptList": [
                {
                  "scriptName": "GiveBuffOnSucceedAttack",
                  "buffData": {
                    "buffKeyword": "Laceration",
                    "target": "Target",
                    "stack": 0,
                    "turn": 2,
                    "activeRound": 0
                  }
                }
              ]
            },
            {
              "operatorType": "ADD",
              "scale": 5,
              "abilityScriptList": [
                {
                  "scriptName": "GiveBuffOnSucceedAttack",
                  "buffData": {
                    "buffKeyword": "Laceration",
                    "target": "Target",
                    "stack": 0,
                    "turn": 2,
                    "activeRound": 0
                  }
                }
              ]
            }
          ]
        }
      ]
    },
    {
      "id": 9015502,
      "skillTier": 2,
      "skillType": "SKILL",
      "skillData": [
        {
          "skillTargetType": "FRONT",
          "canTeamKill": false,
          "canDuel": true,
          "canChangeTarget": true,
          "attributeType": "INDIGO",
          "atkType": "SLASH",
          "defType": "ATTACK",
          "skillMotion": "S2",
          "viewType": "BATTLE",
          "parryingCloseType": "NEAR",
          "targetNum": 1,
          "defaultValue": 6,
          "skillLevelCorrection": 2,
          "abilityScriptList": [
            {
              "scriptName": "EmptyBody"
            },
            {
              "scriptName": "AttackDmgUpByRatioOnUseViaBuffCheck",
              "buffData": {
                "buffKeyword": "Laceration",
                "buffOwner": "Target",
                "target": "",
                "stack": 4,
                "turn": 0,
                "activeRound": 0,
                "value": 0.1
              }
            }
          ],
          "coinList": [
            {
              "operatorType": "ADD",
              "scale": 8,
              "abilityScriptList": [
                {
                  "scriptName": "GiveBuffOnSucceedAttack",
                  "buffData": {
                    "buffKeyword": "Laceration",
                    "target": "Target",
                    "stack": 4,
                    "turn": 0,
                    "activeRound": 0
                  }
                },
                {
                  "scriptName": "GiveBuffOnSuccessAttackUsingBuffStack_Laceration5",
                  "buffData": {
                    "buffKeyword": "HardenedBlood",
                    "buffOwner": "Target",
                    "target": "Self",
                    "stack": 1,
                    "turn": 0,
                    "activeRound": 0
                  }
                }
              ]
            }
          ]
        }
      ]
    },
    {
      "id": 9015503,
      "skillTier": 2,
      "skillType": "SKILL",
      "skillData": [
        {
          "skillTargetType": "FRONT",
          "canTeamKill": false,
          "canDuel": true,
          "canChangeTarget": true,
          "attributeType": "SHAMROCK",
          "atkType": "PENETRATE",
          "defType": "ATTACK",
          "skillMotion": "S2",
          "viewType": "BATTLE",
          "parryingCloseType": "NEAR",
          "targetNum": 1,
          "defaultValue": 6,
          "skillLevelCorrection": 3,
          "abilityScriptList": [
            {
              "scriptName": "EmptyBody"
            },
            {
              "scriptName": "90154031[10:50:10]",
              "buffData": {
                "buffKeyword": "BloodScissor",
                "target": "Self",
                "stack": 1,
                "turn": 0,
                "activeRound": 0
              }
            },
            {
              "scriptName": "CoinScaleAdderOnStartTurnViaBuffCheck",
              "buffData": {
                "buffKeyword": "Laceration",
                "buffOwner": "Target",
                "target": "",
                "stack": 5,
                "turn": 0,
                "activeRound": 0,
                "value": 1
              }
            }
          ],
          "coinList": [
            {
              "operatorType": "ADD",
              "scale": 5,
              "abilityScriptList": [
                {
                  "scriptName": "GiveBuffOnSucceedAttack",
                  "buffData": {
                    "buffKeyword": "Laceration",
                    "target": "Target",
                    "stack": 3,
                    "turn": 0,
                    "activeRound": 0
                  }
                }
              ]
            },
            {
              "operatorType": "ADD",
              "scale": 5,
              "abilityScriptList": [
                {
                  "scriptName": "GiveBuffOnSucceedAttack",
                  "buffData": {
                    "buffKeyword": "Laceration",
                    "target": "Target",
                    "stack": 3,
                    "turn": 0,
                    "activeRound": 0
                  }
                }
              ]
            }
          ]
        }
      ]
    },
    {
      "id": 9015504,
      "skillTier": 3,
      "skillType": "SKILL",
      "skillData": [
        {
          "skillTargetType": "FRONT",
          "canTeamKill": false,
          "canDuel": true,
          "canChangeTarget": true,
          "attributeType": "SCARLET",
          "atkType": "SLASH",
          "defType": "ATTACK",
          "skillMotion": "S3",
          "viewType": "BATTLE",
          "parryingCloseType": "NEAR",
          "targetNum": 1,
          "defaultValue": 8,
          "skillLevelCorrection": 5,
          "abilityScriptList": [
            {
              "scriptName": "EmptyBody"
            },
            {
              "scriptName": "CoinScaleAdderOnStartTurnViaBuffCheck",
              "buffData": {
                "buffKeyword": "Laceration",
                "buffOwner": "Target",
                "target": "",
                "stack": 5,
                "turn": 0,
                "activeRound": 0,
                "value": 1
              }
            },
            {
              "scriptName": "ParryingPowerResultAdderOnUseDivideByBuff",
              "buffData": {
                "buffKeyword": "BloodScissor",
                "buffOwner": "Self",
                "stack": 1,
                "turn": 0,
                "value": 1,
                "limit": 3
              }
            },
            {
              "scriptName": "AttackDmgUpByRatioViaBuffCheckDevideByStackWithLimit35",
              "buffData": {
                "buffKeyword": "HardenedBlood",
                "buffOwner": "Self",
                "target": "",
                "stack": 1,
                "turn": 0,
                "activeRound": 0,
                "value": 0.07
              }
            },
            {
              "scriptName": "UseBuffAllStackOnEndSkill",
              "buffData": {
                "buffKeyword": "HardenedBlood",
                "target": "Self"
              }
            }
          ],
          "coinList": [
            {
              "grade": 2,
              "color": "GREY",
              "operatorType": "ADD",
              "scale": 4,
              "abilityScriptList": [
                {
                  "scriptName": "SuperCoin"
                },
                {
                  "scriptName": "GiveBuffOnSucceedAttack",
                  "buffData": {
                    "buffKeyword": "Laceration",
                    "target": "Target",
                    "stack": 8,
                    "turn": 0,
                    "activeRound": 0
                  }
                }
              ]
            },
            {
              "operatorType": "ADD",
              "scale": 4,
              "abilityScriptList": []
            },
            {
              "operatorType": "ADD",
              "scale": 4,
              "abilityScriptList": [
                {
                  "scriptName": "UseBuffOnSucceedAttackAndAttackDmgUpPerUsed",
                  "buffData": {
                    "buffKeyword": "BloodScissor",
                    "buffOwner": "Self",
                    "target": "",
                    "stack": 5,
                    "turn": 0,
                    "value": 0.2
                  }
                },
                {
                  "scriptName": "HealHpOnSucceedAttackViaBuffStackCheckByRatioMax30",
                  "buffData": {
                    "buffKeyword": "Laceration",
                    "buffOwner": "Target",
                    "target": "Self",
                    "stack": 0,
                    "turn": 0,
                    "value": 0.01
                  }
                }
              ]
            }
          ]
        }
      ]
    },
    {
      "id": 9015505,
      "skillTier": 1,
      "skillType": "SKILL",
      "skillData": [
        {
          "skillTargetType": "FRONT",
          "canTeamKill": false,
          "canDuel": false,
          "canChangeTarget": true,
          "attributeType": "CRIMSON",
          "atkType": "PENETRATE",
          "defType": "COUNTER",
          "skillMotion": "S1",
          "viewType": "BATTLE",
          "parryingCloseType": "NEAR",
          "targetNum": 1,
          "defaultValue": 3,
          "skillLevelCorrection": 2,
          "abilityScriptList": [
            {
              "scriptName": "EmptyBody"
            },
            {
              "scriptName": "SkillPowerAdderOnUseViaBuffCheck",
              "buffData": {
                "buffKeyword": "BloodScissor",
                "buffOwner": "Self",
                "stack": 1,
                "turn": 0,
                "value": 1
              }
            },
            {
              "scriptName": "CoinScaleAdderOnStartTurnViaBuffCheck",
              "buffData": {
                "buffKeyword": "HardenedBlood",
                "buffOwner": "Self",
                "target": "",
                "stack": 3,
                "turn": 0,
                "activeRound": 0,
                "value": 1
              }
            }
          ],
          "coinList": [
            {
              "operatorType": "ADD",
              "scale": 8,
              "abilityScriptList": [
                {
                  "scriptName": "GiveBuffOnSucceedAttack",
                  "buffData": {
                    "buffKeyword": "Laceration",
                    "target": "Target",
                    "stack": 2,
                    "turn": 0,
                    "activeRound": 0
                  }
                }
              ]
            }
          ]
        }
      ]
    },
    {
      "id": 9015601,
      "skillTier": 1,
      "skillType": "SKILL",
      "skillData": [
        {
          "skillTargetType": "FRONT",
          "canTeamKill": false,
          "canDuel": true,
          "canChangeTarget": true,
          "attributeType": "VIOLET",
          "atkType": "HIT",
          "defType": "ATTACK",
          "skillMotion": "S1",
          "viewType": "BATTLE",
          "parryingCloseType": "NEAR",
          "targetNum": 1,
          "defaultValue": 4,
          "skillLevelCorrection": 0,
          "abilityScriptList": [
            {
              "scriptName": "AttackDmgUpByRatioViaBuffCheck",
              "buffData": {
                "buffKeyword": "Burst",
                "buffOwner": "Target",
                "target": "",
                "stack": 5,
                "turn": 0,
                "activeRound": 0,
                "value": 0.1
              }
            },
            {
              "scriptName": "EmptyBody"
            }
          ],
          "coinList": [
            {
              "operatorType": "ADD",
              "scale": 6,
              "abilityScriptList": [
                {
                  "scriptName": "GiveBuffOnSucceedAttack",
                  "buffData": {
                    "buffKeyword": "Burst",
                    "target": "Target",
                    "stack": 3,
                    "turn": 0,
                    "activeRound": 0
                  }
                },
                {
                  "scriptName": "GiveBuffOnSucceedAttack",
                  "buffData": {
                    "buffKeyword": "DefenseDown",
                    "target": "Target",
                    "stack": 1,
                    "turn": 0,
                    "activeRound": 0
                  }
                }
              ]
            }
          ]
        }
      ]
    },
    {
      "id": 9015602,
      "skillTier": 2,
      "skillType": "SKILL",
      "skillData": [
        {
          "skillTargetType": "FRONT",
          "canTeamKill": false,
          "canDuel": true,
          "canChangeTarget": true,
          "attributeType": "CRIMSON",
          "atkType": "HIT",
          "defType": "ATTACK",
          "skillMotion": "S2",
          "viewType": "BATTLE",
          "parryingCloseType": "NEAR",
          "targetNum": 1,
          "defaultValue": 4,
          "skillLevelCorrection": 0,
          "abilityScriptList": [
            {
              "scriptName": "SkillPowerAdderViaBuffCheck",
              "buffData": {
                "buffKeyword": "Burst",
                "buffOwner": "Target",
                "target": "",
                "stack": 5,
                "turn": 0,
                "activeRound": 0,
                "value": 1
              }
            },
            {
              "scriptName": "EmptyBody"
            }
          ],
          "coinList": [
            {
              "operatorType": "ADD",
              "scale": 5,
              "abilityScriptList": [
                {
                  "scriptName": "GiveBuffOnSucceedAttack",
                  "buffData": {
                    "buffKeyword": "Burst",
                    "target": "Target",
                    "stack": 1,
                    "turn": 0,
                    "activeRound": 0
                  }
                }
              ]
            },
            {
              "operatorType": "ADD",
              "scale": 5,
              "abilityScriptList": [
                {
                  "scriptName": "GiveBuffOnSucceedAttack",
                  "buffData": {
                    "buffKeyword": "TakeHpHealReduce",
                    "target": "Target",
                    "stack": 1,
                    "turn": 0,
                    "activeRound": 0
                  }
                },
                {
                  "scriptName": "GiveBuffOnSucceedAttackIfHasStack_Burst5",
                  "buffData": {
                    "buffKeyword": "TakeHpHealReduce",
                    "buffOwner": "Target",
                    "target": "Target",
                    "stack": 1,
                    "turn": 0,
                    "activeRound": 0
                  }
                }
              ]
            }
          ]
        }
      ]
    },
    {
      "id": 9015603,
      "skillTier": 3,
      "skillType": "SKILL",
      "skillData": [
        {
          "skillTargetType": "FRONT",
          "canTeamKill": false,
          "canDuel": true,
          "canChangeTarget": true,
          "attributeType": "SHAMROCK",
          "atkType": "HIT",
          "defType": "ATTACK",
          "skillMotion": "S3",
          "viewType": "BATTLE",
          "parryingCloseType": "NEAR",
          "targetNum": 1,
          "defaultValue": 6,
          "skillLevelCorrection": 0,
          "abilityScriptList": [
            {
              "scriptName": "BlockLoseBuffByReactViaBuffCheckOnStartTurn_Burst",
              "buffData": {
                "buffKeyword": "Burst",
                "buffOwner": "Target",
                "target": "",
                "stack": 10,
                "turn": 0,
                "activeRound": 0
              }
            },
            {
              "scriptName": "EmptyBody"
            }
          ],
          "coinList": [
            {
              "operatorType": "ADD",
              "scale": 5,
              "abilityScriptList": [
                {
                  "scriptName": "GiveBuffOnSucceedAttack",
                  "buffData": {
                    "buffKeyword": "Burst",
                    "target": "Target",
                    "stack": 0,
                    "turn": 1,
                    "activeRound": 0
                  }
                },
                {
                  "scriptName": "GiveBuffOnSucceedAttack",
                  "buffData": {
                    "buffKeyword": "Vulnerable",
                    "target": "Target",
                    "stack": 1,
                    "turn": 0,
                    "activeRound": 0
                  }
                }
              ]
            },
            {
              "operatorType": "ADD",
              "scale": 5,
              "abilityScriptList": [
                {
                  "scriptName": "GiveBuffOnSucceedAttack",
                  "buffData": {
                    "buffKeyword": "Burst",
                    "target": "Target",
                    "stack": 4,
                    "turn": 0,
                    "activeRound": 0
                  }
                },
                {
                  "scriptName": "DmgUpByBuff",
                  "buffData": {
                    "buffKeyword": "Burst",
                    "buffOwner": "Target",
                    "target": "",
                    "stack": 10,
                    "turn": 0,
                    "activeRound": 0,
                    "value": 0.3
                  }
                }
              ]
            }
          ]
        }
      ]
    },
    {
      "id": 9015604,
      "skillTier": 1,
      "skillType": "SKILL",
      "skillData": [
        {
          "skillTargetType": "FRONT",
          "canTeamKill": false,
          "canDuel": false,
          "canChangeTarget": true,
          "attributeType": "NEUTRAL",
          "atkType": "NONE",
          "defType": "GUARD",
          "skillMotion": "Default",
          "viewType": "BATTLE",
          "parryingCloseType": "NEAR",
          "targetNum": 1,
          "defaultValue": 8,
          "skillLevelCorrection": 0,
          "abilityScriptList": [
            {
              "scriptName": "HemostasisGuard"
            },
            {
              "scriptName": "EmptyBody"
            }
          ],
          "coinList": [
            {
              "operatorType": "ADD",
              "scale": 4
            }
          ]
        }
      ]
    },
    {
      "id": 9015701,
      "skillTier": 1,
      "skillType": "SKILL",
      "skillData": [
        {
          "skillTargetType": "FRONT",
          "canTeamKill": false,
          "canDuel": true,
          "canChangeTarget": true,
          "attributeType": "VIOLET",
          "atkType": "HIT",
          "defType": "ATTACK",
          "skillMotion": "S1",
          "viewType": "BATTLE",
          "parryingCloseType": "NEAR",
          "targetNum": 1,
          "defaultValue": 4,
          "skillLevelCorrection": 0,
          "abilityScriptList": [
            {
              "scriptName": "AttackDmgUpByRatioViaBuffCheck",
              "buffData": {
                "buffKeyword": "Burst",
                "buffOwner": "Target",
                "target": "",
                "stack": 0,
                "turn": 3,
                "activeRound": 0,
                "value": 0.1
              }
            },
            {
              "scriptName": "EmptyBody"
            }
          ],
          "coinList": [
            {
              "operatorType": "ADD",
              "scale": 6,
              "abilityScriptList": [
                {
                  "scriptName": "GiveBuffOnSucceedAttack",
                  "buffData": {
                    "buffKeyword": "Burst",
                    "target": "Target",
                    "stack": 0,
                    "turn": 2,
                    "activeRound": 0
                  }
                },
                {
                  "scriptName": "GiveBuffOnSucceedAttack",
                  "buffData": {
                    "buffKeyword": "DefenseDown",
                    "target": "Target",
                    "stack": 1,
                    "turn": 0,
                    "activeRound": 0
                  }
                }
              ]
            }
          ]
        }
      ]
    },
    {
      "id": 9015702,
      "skillTier": 2,
      "skillType": "SKILL",
      "skillData": [
        {
          "skillTargetType": "FRONT",
          "canTeamKill": false,
          "canDuel": true,
          "canChangeTarget": true,
          "attributeType": "CRIMSON",
          "atkType": "HIT",
          "defType": "ATTACK",
          "skillMotion": "S2",
          "viewType": "BATTLE",
          "parryingCloseType": "NEAR",
          "targetNum": 1,
          "defaultValue": 4,
          "skillLevelCorrection": 0,
          "abilityScriptList": [
            {
              "scriptName": "SkillPowerAdderViaBuffCheck",
              "buffData": {
                "buffKeyword": "Burst",
                "buffOwner": "Target",
                "target": "",
                "stack": 0,
                "turn": 3,
                "activeRound": 0,
                "value": 1
              }
            },
            {
              "scriptName": "EmptyBody"
            }
          ],
          "coinList": [
            {
              "operatorType": "ADD",
              "scale": 5,
              "abilityScriptList": [
                {
                  "scriptName": "GiveBuffOnSucceedAttack",
                  "buffData": {
                    "buffKeyword": "Burst",
                    "target": "Target",
                    "stack": 0,
                    "turn": 1,
                    "activeRound": 0
                  }
                }
              ]
            },
            {
              "operatorType": "ADD",
              "scale": 5,
              "abilityScriptList": [
                {
                  "scriptName": "GiveBuffOnSucceedAttack",
                  "buffData": {
                    "buffKeyword": "TakeHpHealReduce",
                    "target": "Target",
                    "stack": 1,
                    "turn": 0,
                    "activeRound": 0
                  }
                },
                {
                  "scriptName": "GiveBuffOnSucceedAttackIfHasStack_Burst5",
                  "buffData": {
                    "buffKeyword": "TakeHpHealReduce",
                    "buffOwner": "Target",
                    "target": "Target",
                    "stack": 1,
                    "turn": 0,
                    "activeRound": 0
                  }
                }
              ]
            }
          ]
        }
      ]
    },
    {
      "id": 9015703,
      "skillTier": 3,
      "skillType": "SKILL",
      "skillData": [
        {
          "skillTargetType": "FRONT",
          "canTeamKill": false,
          "canDuel": true,
          "canChangeTarget": true,
          "attributeType": "SHAMROCK",
          "atkType": "HIT",
          "defType": "ATTACK",
          "skillMotion": "S3",
          "viewType": "BATTLE",
          "parryingCloseType": "NEAR",
          "targetNum": 1,
          "defaultValue": 6,
          "skillLevelCorrection": 0,
          "abilityScriptList": [
            {
              "scriptName": "BlockLoseBuffByReactViaBuffCheckOnStartTurn_Burst",
              "buffData": {
                "buffKeyword": "Burst",
                "buffOwner": "Target",
                "target": "",
                "stack": 10,
                "turn": 0,
                "activeRound": 0
              }
            },
            {
              "scriptName": "EmptyBody"
            }
          ],
          "coinList": [
            {
              "operatorType": "ADD",
              "scale": 5,
              "abilityScriptList": [
                {
                  "scriptName": "GiveBuffOnSucceedAttack",
                  "buffData": {
                    "buffKeyword": "Burst",
                    "target": "Target",
                    "stack": 0,
                    "turn": 2,
                    "activeRound": 0
                  }
                },
                {
                  "scriptName": "GiveBuffOnSucceedAttack",
                  "buffData": {
                    "buffKeyword": "Vulnerable",
                    "target": "Target",
                    "stack": 1,
                    "turn": 0,
                    "activeRound": 0
                  }
                }
              ]
            },
            {
              "operatorType": "ADD",
              "scale": 5,
              "abilityScriptList": [
                {
                  "scriptName": "GiveBuffOnSucceedAttack",
                  "buffData": {
                    "buffKeyword": "Burst",
                    "target": "Target",
                    "stack": 3,
                    "turn": 0,
                    "activeRound": 0
                  }
                },
                {
                  "scriptName": "DmgUpByBuff",
                  "buffData": {
                    "buffKeyword": "Burst",
                    "buffOwner": "Target",
                    "target": "",
                    "stack": 10,
                    "turn": 0,
                    "activeRound": 0,
                    "value": 0.3
                  }
                }
              ]
            }
          ]
        }
      ]
    },
    {
      "id": 9015704,
      "skillTier": 1,
      "skillType": "SKILL",
      "skillData": [
        {
          "skillTargetType": "FRONT",
          "canTeamKill": false,
          "canDuel": false,
          "canChangeTarget": true,
          "attributeType": "NEUTRAL",
          "atkType": "NONE",
          "defType": "GUARD",
          "skillMotion": "Default",
          "viewType": "BATTLE",
          "parryingCloseType": "NEAR",
          "targetNum": 1,
          "defaultValue": 8,
          "skillLevelCorrection": 0,
          "abilityScriptList": [
            {
              "scriptName": "HemostasisGuard"
            },
            {
              "scriptName": "EmptyBody"
            }
          ],
          "coinList": [
            {
              "operatorType": "ADD",
              "scale": 4
            }
          ]
        }
      ]
    }
  ]
}