{
  "list": [
    {
      "id": 124701,
      "skillTier": 1,
      "skillType": "SKILL",
      "skillData": [
        {
          "attributeType": "SHAMROCK",
          "atkType": "SLASH",
          "defType": "ATTACK",
          "targetNum": 1,
          "skillTargetType": "RANDOM",
          "canTeamKill": false,
          "canDuel": true,
          "canChangeTarget": true,
          "skillLevelCorrection": 0,
          "defaultValue": 8,
          "skillMotion": "S1",
          "viewType": "BATTLE",
          "parryingCloseType": "NEAR",
          "abilityScriptList": [
            {
              "scriptName": "1247SkillBuffDivToPowerAdder_per3_limit3",
              "value": 6
            },
            {
              "scriptName": "LoseBuffTargetOnLoseDuel",
              "buffData": {
                "buffKeyword": "Vibration",
                "stack": 2,
                "turn": 0,
                "activeRound": 0
              }
            },
            {
              "scriptName": "EmptyBody"
            }
          ],
          "coinList": [
            {
              "operatorType": "SUB",
              "scale": 3,
              "abilityScriptList": [
                {
                  "scriptName": "GiveBuffOnSucceedAttack",
                  "buffData": {
                    "buffKeyword": "Burst",
                    "target": "Target",
                    "stack": 1,
                    "turn": 0,
                    "activeRound": 0
                  }
                }
              ]
            },
            {
              "operatorType": "SUB",
              "scale": 3,
              "abilityScriptList": [
                {
                  "scriptName": "GiveBuffOnSucceedAttack",
                  "buffData": {
                    "buffKeyword": "Burst",
                    "target": "Target",
                    "stack": 0,
                    "turn": 1,
                    "activeRound": 0
                  }
                }
              ]
            }
          ]
        }
      ]
    },
    {
      "id": 124702,
      "skillTier": 1,
      "skillType": "SKILL",
      "skillData": [
        {
          "attributeType": "CRIMSON",
          "atkType": "SLASH",
          "defType": "ATTACK",
          "targetNum": 1,
          "skillTargetType": "RANDOM",
          "canTeamKill": false,
          "canDuel": true,
          "canChangeTarget": true,
          "skillLevelCorrection": 0,
          "defaultValue": 9,
          "skillMotion": "S2",
          "viewType": "BATTLE",
          "parryingCloseType": "NEAR",
          "abilityScriptList": [
            {
              "scriptName": "1247SkillBuffDivToPowerAdder_per2_limit4",
              "value": 4
            },
            {
              "scriptName": "EmptyBody"
            }
          ],
          "coinList": [
            {
              "operatorType": "SUB",
              "scale": 2,
              "abilityScriptList": [
                {
                  "scriptName": "GiveBuffOnSucceedAttack",
                  "buffData": {
                    "buffKeyword": "Burst",
                    "target": "Target",
                    "stack": 0,
                    "turn": 3,
                    "activeRound": 0
                  }
                }
              ]
            },
            {
              "operatorType": "SUB",
              "scale": 2,
              "abilityScriptList": [
                {
                  "scriptName": "GiveBuffOnSucceedAttack",
                  "buffData": {
                    "buffKeyword": "Vibration",
                    "target": "Target",
                    "stack": 3,
                    "turn": 0,
                    "activeRound": 0
                  }
                }
              ]
            },
            {
              "operatorType": "SUB",
              "scale": 2,
              "abilityScriptList": [
                {
                  "scriptName": "GiveBuffOnSucceedAttack",
                  "buffData": {
                    "buffKeyword": "Burst",
                    "target": "Target",
                    "stack": 2,
                    "turn": 0,
                    "activeRound": 0
                  }
                }
              ]
            },
            {
              "operatorType": "SUB",
              "scale": 2,
              "abilityScriptList": [
                {
                  "scriptName": "GiveBuffOnSucceedAttack",
                  "buffData": {
                    "buffKeyword": "Vibration",
                    "target": "Target",
                    "stack": 0,
                    "turn": 2,
                    "activeRound": 0
                  }
                }
              ]
            }
          ]
        }
      ]
    },
    {
      "id": 124703,
      "skillTier": 3,
      "skillType": "SKILL",
      "skillData": [
        {
          "attributeType": "SHAMROCK",
          "atkType": "SLASH",
          "defType": "ATTACK",
          "targetNum": 1,
          "skillTargetType": "RANDOM",
          "canTeamKill": false,
          "canDuel": true,
          "canChangeTarget": true,
          "skillLevelCorrection": 0,
          "defaultValue": 10,
          "skillMotion": "S3",
          "viewType": "BATTLE",
          "parryingCloseType": "NEAR",
          "abilityScriptList": [
            {
              "scriptName": "1247SkillBuffDivToPowerAdder_per2_limit2",
              "value": 6
            },
            {
              "scriptName": "1247SkillOverrideCoinProb"
            },
            {
              "scriptName": "LoseBuffTargetOnLoseDuel",
              "buffData": {
                "buffKeyword": "Vibration",
                "stack": 2,
                "turn": 0,
                "activeRound": 0
              }
            },
            {
              "scriptName": "EmptyBody"
            }
          ],
          "coinList": [
            {
              "operatorType": "SUB",
              "scale": 6,
              "abilityScriptList": [
                {
                  "scriptName": "GiveBuffOnSucceedAttack",
                  "buffData": {
                    "buffKeyword": "Burst",
                    "target": "Target",
                    "stack": 8,
                    "turn": 5,
                    "activeRound": 0
                  }
                }
              ]
            }
          ]
        }
      ]
    },
    {
      "id": 124704,
      "skillTier": 2,
      "skillType": "SKILL",
      "skillData": [
        {
          "attributeType": "CRIMSON",
          "atkType": "SLASH",
          "defType": "ATTACK",
          "targetNum": 1,
          "skillTargetType": "RANDOM",
          "canTeamKill": false,
          "canDuel": true,
          "canChangeTarget": true,
          "skillLevelCorrection": 0,
          "defaultValue": 11,
          "skillMotion": "S4",
          "viewType": "ENCOUNTER",
          "parryingCloseType": "NEAR",
          "importanceLevel": 1,
          "abilityScriptList": [
            {
              "scriptName": "1247SkillBuffDivToPowerAdder_per2_limit4",
              "value": 4
            },
            {
              "scriptName": "1247SkillBuffDivToCoinAdder_per1_limit1",
              "value": 15
            },
            {
              "scriptName": "EmptyBody"
            }
          ],
          "coinList": [
            {
              "operatorType": "SUB",
              "scale": 3,
              "abilityScriptList": [
                {
                  "scriptName": "GiveBuffOnSucceedAttack",
                  "buffData": {
                    "buffKeyword": "Burst",
                    "target": "Target",
                    "stack": 2,
                    "turn": 0,
                    "activeRound": 0
                  }
                },
                {
                  "scriptName": "GiveBuffOnSucceedAttack",
                  "buffData": {
                    "buffKeyword": "Vibration",
                    "target": "Target",
                    "stack": 0,
                    "turn": 1,
                    "activeRound": 0
                  }
                }
              ]
            },
            {
              "operatorType": "SUB",
              "scale": 3,
              "abilityScriptList": [
                {
                  "scriptName": "GiveBuffOnSucceedAttack",
                  "buffData": {
                    "buffKeyword": "Burst",
                    "target": "Target",
                    "stack": 0,
                    "turn": 2,
                    "activeRound": 0
                  }
                },
                {
                  "scriptName": "GiveBuffOnSucceedAttack",
                  "buffData": {
                    "buffKeyword": "Vibration",
                    "target": "Target",
                    "stack": 2,
                    "turn": 0,
                    "activeRound": 0
                  }
                }
              ]
            },
            {
              "operatorType": "SUB",
              "scale": 3,
              "abilityScriptList": [
                {
                  "scriptName": "VibrationExplosionOnSucceedAttackThenLoseTargetVibrationTurn1"
                }
              ]
            }
          ]
        }
      ]
    },
    {
      "id": 124705,
      "skillTier": 2,
      "skillType": "SKILL",
      "skillData": [
        {
          "attributeType": "AMBER",
          "atkType": "HIT",
          "defType": "ATTACK",
          "targetNum": 3,
          "skillTargetType": "RANDOM",
          "canTeamKill": false,
          "canDuel": true,
          "canChangeTarget": true,
          "skillLevelCorrection": 0,
          "defaultValue": 12,
          "skillMotion": "S5",
          "viewType": "ENCOUNTER",
          "parryingCloseType": "NEAR",
          "importanceLevel": 1,
          "abilityScriptList": [
            {
              "scriptName": "1247SkillBuffDivToPowerAdder_per2_limit4",
              "value": 4
            },
            {
              "scriptName": "SkillPowerDown8OnLoseDuel"
            },
            {
              "scriptName": "122303DmgCut",
              "value": -0.8
            },
            {
              "scriptName": "EmptyBody"
            }
          ],
          "coinList": [
            {
              "operatorType": "SUB",
              "scale": 2,
              "grade": 2,
              "color": "GREY",
              "abilityScriptList": [
                {
                  "scriptName": "SuperCoin"
                },
                {
                  "scriptName": "GiveBuffOnSucceedAttackIfUsableInDuel",
                  "buffData": {
                    "buffKeyword": "Burst",
                    "target": "Target",
                    "stack": 2,
                    "turn": 0,
                    "activeRound": 0
                  }
                }
              ]
            },
            {
              "operatorType": "SUB",
              "scale": 2,
              "grade": 2,
              "color": "GREY",
              "abilityScriptList": [
                {
                  "scriptName": "SuperCoin"
                },
                {
                  "scriptName": "GiveBuffOnSucceedAttackIfUsableInDuel",
                  "buffData": {
                    "buffKeyword": "Vibration",
                    "target": "Target",
                    "stack": 2,
                    "turn": 0,
                    "activeRound": 0
                  }
                }
              ]
            },
            {
              "operatorType": "SUB",
              "scale": 2,
              "grade": 2,
              "color": "GREY",
              "abilityScriptList": [
                {
                  "scriptName": "SuperCoin"
                },
                {
                  "scriptName": "GiveBuffOnSucceedAttackIfUsableInDuel",
                  "buffData": {
                    "buffKeyword": "Burst",
                    "target": "Target",
                    "stack": 2,
                    "turn": 0,
                    "activeRound": 0
                  }
                }
              ]
            },
            {
              "operatorType": "SUB",
              "scale": 2,
              "grade": 2,
              "color": "GREY",
              "abilityScriptList": [
                {
                  "scriptName": "SuperCoin"
                },
                {
                  "scriptName": "VibrationExplosionOnSucceedAttackThenLoseTargetVibrationTurn1"
                },
                {
                  "scriptName": "1247CoinGiveBuffOSASubAll",
                  "buffData": {
                    "buffKeyword": "SweptAwayWei",
                    "target": "Target",
                    "stack": 1,
                    "turn": 0,
                    "activeRound": 1
                  }
                }
              ]
            }
          ]
        }
      ]
    },
    {
      "id": 124706,
      "skillTier": 2,
      "skillType": "SKILL",
      "skillData": [
        {
          "attributeType": "AMBER",
          "atkType": "HIT",
          "defType": "ATTACK",
          "targetNum": 5,
          "skillTargetType": "RANDOM",
          "canTeamKill": false,
          "canDuel": true,
          "canChangeTarget": true,
          "skillLevelCorrection": 0,
          "defaultValue": 10,
          "skillMotion": "S6",
          "viewType": "ENCOUNTER",
          "parryingCloseType": "NEAR",
          "importanceLevel": 1,
          "abilityScriptList": [
            {
              "scriptName": "1247SkillBuffDivToPowerAdder_per2_limit6",
              "value": 4
            },
            {
              "scriptName": "SkillPowerDown5OnLoseDuel"
            },
            {
              "scriptName": "122303DmgCut",
              "value": -0.8
            },
            {
              "scriptName": "EmptyBody"
            }
          ],
          "coinList": [
            {
              "operatorType": "SUB",
              "scale": 4,
              "grade": 2,
              "color": "GREY",
              "abilityScriptList": [
                {
                  "scriptName": "SuperCoin"
                },
                {
                  "scriptName": "1247CoinGiveBuffOSAOnlyMain",
                  "buffData": {
                    "buffKeyword": "Vibration",
                    "target": "Target",
                    "stack": 5,
                    "turn": 0,
                    "activeRound": 0
                  }
                },
                {
                  "scriptName": "1247CoinGiveBuffOSAOnlySubOneIfUsable",
                  "buffData": {
                    "buffKeyword": "Vibration",
                    "target": "Target",
                    "stack": 3,
                    "turn": 0,
                    "activeRound": 0
                  }
                }
              ]
            },
            {
              "operatorType": "SUB",
              "scale": 4,
              "grade": 2,
              "color": "GREY",
              "abilityScriptList": [
                {
                  "scriptName": "SuperCoin"
                },
                {
                  "scriptName": "VibrationExplosionOnSucceedAttackThenLoseTargetVibrationTurn1"
                },
                {
                  "scriptName": "1247CoinGiveBuffOSASubAllIfUsable",
                  "buffData": {
                    "buffKeyword": "SweptAwayWei",
                    "target": "Target",
                    "stack": 1,
                    "turn": 0,
                    "activeRound": 1
                  }
                }
              ]
            }
          ]
        }
      ]
    },
    {
      "id": 124707,
      "skillTier": 3,
      "skillType": "SKILL",
      "skillData": [
        {
          "attributeType": "AZURE",
          "atkType": "HIT",
          "defType": "ATTACK",
          "targetNum": 1,
          "skillTargetType": "RANDOM",
          "canTeamKill": false,
          "canDuel": true,
          "canChangeTarget": true,
          "skillLevelCorrection": 0,
          "defaultValue": 12,
          "skillMotion": "S7",
          "viewType": "ENCOUNTER",
          "parryingCloseType": "NEAR",
          "importanceLevel": 3,
          "abilityScriptList": [
            {
              "scriptName": "AttackLowestStackTarget_Vibration"
            },
            {
              "scriptName": "SkillPowerAdderOnUseViaBuffCheckDevideByStackWithLimit5",
              "buffData": {
                "buffKeyword": "Vibration",
                "buffOwner": "Target",
                "stack": 2,
                "turn": 0,
                "activeRound": 0,
                "value": 1
              }
            },
            {
              "scriptName": "SkillPowerAdderOnUseIfNotHasBuff",
              "buffData": {
                "buffKeyword": "Vibration",
                "buffOwner": "Target",
                "value": -5
              }
            },
            {
              "scriptName": "1247SkillDmgMulIfHasNoVibration",
              "value": -0.9
            },
            {
              "scriptName": "SkillPowerDown4OnLoseDuel"
            },
            {
              "scriptName": "1247SkillNoMakingBreakOnLoseDuel"
            },
            {
              "scriptName": "EmptyBody"
            }
          ],
          "coinList": [
            {
              "operatorType": "SUB",
              "scale": 2,
              "grade": 2,
              "color": "GREY",
              "abilityScriptList": [
                {
                  "scriptName": "SuperCoin"
                },
                {
                  "scriptName": "VibrationExplosionOnSucceedAttackThenLoseTargetVibrationTurn1"
                }
              ]
            },
            {
              "operatorType": "SUB",
              "scale": 2,
              "grade": 2,
              "color": "GREY",
              "abilityScriptList": [
                {
                  "scriptName": "SuperCoin"
                },
                {
                  "scriptName": "VibrationExplosionOnSucceedAttackThenLoseTargetVibrationTurn1"
                }
              ]
            },
            {
              "operatorType": "SUB",
              "scale": 2,
              "grade": 2,
              "color": "GREY",
              "abilityScriptList": [
                {
                  "scriptName": "SuperCoin"
                },
                {
                  "scriptName": "VibrationExplosionOnSucceedAttackThenLoseTargetVibrationTurn1"
                }
              ]
            },
            {
              "operatorType": "SUB",
              "scale": 2,
              "grade": 2,
              "color": "GREY",
              "abilityScriptList": [
                {
                  "scriptName": "SuperCoin"
                },
                {
                  "scriptName": "VibrationExplosionOnSucceedAttackThenLoseTargetVibrationTurn1"
                }
              ]
            }
          ]
        }
      ]
    },
    {
      "id": 124708,
      "skillTier": 3,
      "skillType": "SKILL",
      "skillData": [
        {
          "attributeType": "AMBER",
          "atkType": "SLASH",
          "defType": "ATTACK",
          "targetNum": 5,
          "skillTargetType": "RANDOM",
          "canTeamKill": false,
          "canDuel": true,
          "canChangeTarget": true,
          "skillLevelCorrection": 0,
          "defaultValue": 15,
          "skillMotion": "S8",
          "viewType": "ENCOUNTER",
          "parryingCloseType": "NEAR",
          "importanceLevel": 3,
          "abilityScriptList": [
            {
              "scriptName": "1247SkillDmgMulViaHpRatio",
              "value": 0.8
            },
            {
              "scriptName": "124708SkillTargetNumAdder",
              "value": 2
            },
            {
              "scriptName": "124708SkillBooster",
              "value": 1.2,
              "buffData": {
                "buffKeyword": "Vulnerable",
                "target": "Self",
                "stack": 2,
                "turn": 0,
                "activeRound": 1
              }
            },
            {
              "scriptName": "SkillPowerDown12OnLoseDuel"
            },
            {
              "scriptName": "122303DmgCut",
              "value": -0.8
            },
            {
              "scriptName": "EmptyBody"
            }
          ],
          "coinList": [
            {
              "operatorType": "SUB",
              "scale": 3,
              "grade": 2,
              "color": "GREY",
              "abilityScriptList": [
                {
                  "scriptName": "SuperCoin"
                },
                {
                  "scriptName": "GiveBuffOnSucceedAttack",
                  "buffData": {
                    "buffKeyword": "Burst",
                    "target": "Target",
                    "stack": 5,
                    "turn": 0,
                    "activeRound": 0
                  }
                },
                {
                  "scriptName": "GiveBuffOnSucceedAttackIfUsableInDuel",
                  "buffData": {
                    "buffKeyword": "Burst",
                    "target": "Target",
                    "stack": 5,
                    "turn": 5,
                    "activeRound": 0
                  }
                }
              ]
            },
            {
              "operatorType": "SUB",
              "scale": 3,
              "grade": 2,
              "color": "GREY",
              "abilityScriptList": [
                {
                  "scriptName": "SuperCoin"
                },
                {
                  "scriptName": "GiveBuffOnSucceedAttack",
                  "buffData": {
                    "buffKeyword": "Vibration",
                    "target": "Target",
                    "stack": 5,
                    "turn": 0,
                    "activeRound": 0
                  }
                },
                {
                  "scriptName": "GiveBuffOnSucceedAttackIfUsableInDuel",
                  "buffData": {
                    "buffKeyword": "Vibration",
                    "target": "Target",
                    "stack": 5,
                    "turn": 5,
                    "activeRound": 0
                  }
                }
              ]
            },
            {
              "operatorType": "SUB",
              "scale": 3,
              "grade": 2,
              "color": "GREY",
              "abilityScriptList": [
                {
                  "scriptName": "SuperCoin"
                },
                {
                  "scriptName": "VibrationExplosionOnSucceedAttackThenLoseTargetVibrationTurn1"
                }
              ]
            },
            {
              "operatorType": "SUB",
              "scale": 3,
              "grade": 2,
              "color": "GREY",
              "abilityScriptList": [
                {
                  "scriptName": "SuperCoin"
                },
                {
                  "scriptName": "VibrationExplosionOnSucceedAttackThenLoseTargetVibrationTurn1"
                },
                {
                  "scriptName": "VibrationExplosionOnSucceedAttackThenLoseTargetVibrationTurn1IfUsableInDuel"
                }
              ]
            }
          ]
        }
      ]
    },
    {
      "id": 115706,
      "skillTier": 1,
      "skillData": [
        {
          "iconID": "115701",
          "skillTargetType": "RANDOM",
          "canTeamKill": false,
          "canDuel": true,
          "canChangeTarget": true,
          "attributeType": "CRIMSON",
          "atkType": "HIT",
          "defType": "ATTACK",
          "skillMotion": "S1",
          "viewType": "BATTLE",
          "parryingCloseType": "NEAR",
          "targetNum": 1,
          "defaultValue": 5,
          "skillLevelCorrection": 2,
          "abilityScriptList": [
            {
              "scriptName": "EmptyBody"
            }
          ],
          "coinList": [
            {
              "operatorType": "ADD",
              "scale": 3,
              "abilityScriptList": [
                {
                  "scriptName": "GiveBuffOnSucceedAttack",
                  "buffData": {
                    "buffKeyword": "Burst",
                    "target": "Target",
                    "stack": 2,
                    "turn": 0,
                    "activeRound": 0
                  }
                }
              ]
            },
            {
              "operatorType": "ADD",
              "scale": 3,
              "abilityScriptList": [
                {
                  "scriptName": "GiveBuffOnSucceedAttack",
                  "buffData": {
                    "buffKeyword": "Burst",
                    "target": "Target",
                    "stack": 3,
                    "turn": 0,
                    "activeRound": 0
                  }
                }
              ]
            }
          ]
        }
      ]
    },
    {
      "id": 115707,
      "skillTier": 2,
      "skillData": [
        {
          "iconID": "115702",
          "skillTargetType": "RANDOM",
          "canTeamKill": false,
          "canDuel": true,
          "canChangeTarget": true,
          "attributeType": "CRIMSON",
          "atkType": "HIT",
          "defType": "ATTACK",
          "skillMotion": "S2",
          "viewType": "BATTLE",
          "parryingCloseType": "NEAR",
          "targetNum": 1,
          "defaultValue": 5,
          "skillLevelCorrection": 2,
          "abilityScriptList": [
            {
              "scriptName": "EmptyBody"
            }
          ],
          "coinList": [
            {
              "operatorType": "ADD",
              "scale": 4,
              "abilityScriptList": [
              ]
            },
            {
              "operatorType": "ADD",
              "scale": 4,
              "abilityScriptList": [
                {
                  "scriptName": "GiveBuffOnSucceedAttack",
                  "buffData": {
                    "buffKeyword": "Vulnerable",
                    "target": "Target",
                    "stack": 1,
                    "turn": 0,
                    "activeRound": 1
                  }
                }
              ]
            }
          ]
        }
      ]
    },
    {
      "id": 115708,
      "skillTier": 3,
      "skillData": [
        {
          "iconID": "115703",
          "skillTargetType": "RANDOM",
          "canTeamKill": false,
          "canDuel": true,
          "canChangeTarget": true,
          "attributeType": "AZURE",
          "atkType": "HIT",
          "defType": "ATTACK",
          "skillMotion": "S3",
          "viewType": "BATTLE",
          "parryingCloseType": "NEAR",
          "targetNum": 1,
          "defaultValue": 6,
          "skillLevelCorrection": 4,
          "abilityScriptList": [
            {
              "scriptName": "SkillPowerAdder1OnUseIfTargetNegativeBuffMoreThen3"
            },
            {
              "scriptName": "CoinScaleAdderOnStartTurnViaBuffCheckDevideByStackWithLimit2",
              "buffData": {
                "buffKeyword": "Burst",
                "buffOwner": "Target",
                "stack": 6,
                "turn": 0,
                "activeRound": 0,
                "value": 1
              }
            },
            {
              "scriptName": "GiveBuffOnLoseDuel",
              "buffData": {
                "buffKeyword": "Vulnerable",
                "target": "Self",
                "stack": 1,
                "turn": 0,
                "activeRound": 0
              }
            },
            {
              "scriptName": "EmptyBody"
            }
          ],
          "coinList": [
            {
              "operatorType": "ADD",
              "scale": 4,
              "grade": 2,
              "color": "GREY",
              "abilityScriptList": [
                {
                  "scriptName": "SuperCoin"
                },
                {
                  "scriptName": "GiveBuffOnSucceedAttack",
                  "buffData": {
                    "buffKeyword": "Burst",
                    "target": "Target",
                    "stack": 0,
                    "turn": 2,
                    "activeRound": 0
                  }
                },
                {
                  "scriptName": "GiveMpDmgOnSucceedAttackTarget5"
                }
              ]
            },
            {
              "operatorType": "ADD",
              "scale": 4,
              "grade": 2,
              "color": "GREY",
              "abilityScriptList": [
                {
                  "scriptName": "SuperCoin"
                },
                {
                  "scriptName": "GiveBuffOnSucceedAttack",
                  "buffData": {
                    "buffKeyword": "Burst",
                    "target": "Target",
                    "stack": 3,
                    "turn": 0,
                    "activeRound": 0
                  }
                },
                {
                  "scriptName": "GiveMpDmgOnSucceedAttackTarget5"
                }
              ]
            }
          ]
        }
      ]
    },
    {
      "id": 115709,
      "skillTier": 3,
      "skillData": [
        {
          "iconID": "115704",
          "skillTargetType": "RANDOM",
          "canTeamKill": false,
          "canDuel": true,
          "canChangeTarget": true,
          "attributeType": "SHAMROCK",
          "atkType": "HIT",
          "defType": "ATTACK",
          "skillMotion": "S5",
          "viewType": "BATTLE",
          "parryingCloseType": "NEAR",
          "targetNum": 1,
          "defaultValue": 7,
          "skillLevelCorrection": 3,
          "abilityScriptList": [
            {
              "scriptName": "HealMpOnUseSelf15"
            },
            {
              "scriptName": "SkillPowerAdder1OnUseIfTargetNegativeBuffMoreThen3"
            },
            {
              "scriptName": "EmptyBody"
            }
          ],
          "coinList": [
            {
              "operatorType": "ADD",
              "scale": 8,
              "grade": 2,
              "color": "GREY",
              "abilityScriptList": [
                {
                  "scriptName": "SuperCoin"
                },
                {
                  "scriptName": "GiveBuffOnSucceedAttack",
                  "buffData": {
                    "buffKeyword": "Burst",
                    "target": "Target",
                    "stack": 0,
                    "turn": 1,
                    "activeRound": 0
                  }
                }
              ]
            }
          ]
        }
      ]
    },
    
    {
      "id": 115905,
      "skillTier": 1,
      "skillType": "SKILL",
      "skillData": [
        {          
          "iconID": 115904,
          "skillTargetType": "RANDOM",
          "canTeamKill": false,
          "canDuel": true,
          "canChangeTarget": true,
          "attributeType": "CRIMSON",
          "atkType": "HIT",
          "defType": "ATTACK",
          "skillMotion": "S4",
          "viewType": "BATTLE",
          "parryingCloseType": "NEAR",
          "targetNum": 1,
          "defaultValue": 2,
          "skillLevelCorrection": 4,
          "abilityScriptList": [
            {
              "scriptName": "SkillPowerResultAdderViaOnUseBuffCheckDevideByStackWithLimit4",
              "buffData": {
                "buffKeyword": "Burst",
                "buffOwner": "Target",
                "stack": 4,
                "turn": 0,
                "value": 1
              }
            },
            {
              "scriptName": "OnLoseDuel115904",
              "value": -0.5
            },
            {
              "scriptName": "EmptyBody"
            }
          ],
          "coinList": [
            {
              "operatorType": "ADD",
              "grade": 2,
              "color": "GREY",
              "scale": 4,
              "abilityScriptList": [
                {
                  "scriptName": "SuperCoin"
                },
                {
                  "scriptName": "GiveBuffOnSucceedAttack",
                  "buffData": {
                    "buffKeyword": "Burst",
                    "target": "Target",
                    "stack": 1,
                    "turn": 0,
                    "activeRound": 0
                  }
                },
                {
                  "scriptName": "GiveBuffOnSucceedAttack",
                  "buffData": {
                    "buffKeyword": "OminousTalisman",
                    "target": "Target",
                    "stack": 10,
                    "turn": 0,
                    "activeRound": 0
                  }
                }
              ]
            },
            {
              "operatorType": "ADD",
              "grade": 2,
              "color": "GREY",
              "scale": 4,
              "abilityScriptList": [
                {
                  "scriptName": "SuperCoin"
                },
                {
                  "scriptName": "GiveBuffOnSucceedAttack",
                  "buffData": {
                    "buffKeyword": "Burst",
                    "target": "Target",
                    "stack": 0,
                    "turn": 1,
                    "activeRound": 0
                  }
                },
                {
                  "scriptName": "GiveBuffOnSucceedAttack",
                  "buffData": {
                    "buffKeyword": "OminousTalisman",
                    "target": "Target",
                    "stack": 10,
                    "turn": 0,
                    "activeRound": 0
                  }
                }
              ]
            },
            {
              "operatorType": "ADD",
              "grade": 2,
              "color": "GREY",
              "scale": 4,
              "abilityScriptList": [
                {
                  "scriptName": "SuperCoin"
                },
                {
                  "scriptName": "UseAllOminousTalismanOSAIfUsableInDuel",
                  "buffData": {
                    "buffKeyword": "OminousTalisman",
                    "target": "Target",
                    "stack": -1,
                    "turn": 0,
                    "activeRound": 0
                  }
                }
              ]
            }
          ]
        }
      ]
    },

    {
      "id": 127201,
      "skillTier": 1,
      "skillType": "SKILL",
      "skillData": [
        {
          "iconID": "9102101",
          "skillTargetType": "RANDOM",
          "canTeamKill": false,
          "canDuel": true,
          "canChangeTarget": true,
          "attributeType": "SCARLET",
          "atkType": "SLASH",
          "defType": "ATTACK",
          "skillMotion": "S1",
          "range": 10,
          "arearange": 5,
          "viewType": "BATTLE",
          "parryingCloseType": "NEAR",
          "targetNum": 1,
          "defaultValue": 4,
          "skillLevelCorrection": 0,
          "abilityScriptList": [
            {
              "scriptName": "CoinScaleAdderOnStartTurnViaBuffCheckDevideByStackWithLimit2",
              "buffData": {
                "buffKeyword": "Laceration",
                "buffOwner": "Target",
                "stack": 5,
                "turn": 0,
                "value": 1
              }
            },
            {
              "scriptName": "GiveBuffOnUse",
              "buffData": {
                "buffKeyword": "SipOfAlcoholJin",
                "target": "Self",
                "stack": 1,
                "turn": 0,
                "activeRound": 0
              }
            },
            {
              "scriptName": "EmptyBody"
            }
          ],
          "coinList": [
            {
              "operatorType": "ADD",
              "scale": 3,
              "abilityScriptList": [
                {
                  "scriptName": "GiveBuffOnSucceedAttack",
                  "buffData": {
                    "buffKeyword": "Laceration",
                    "target": "Target",
                    "stack": 3,
                    "turn": 0,
                    "activeRound": 0
                  }
                }
              ]
            },
            {
              "operatorType": "ADD",
              "scale": 3,
              "abilityScriptList": [
                {
                  "scriptName": "GiveBuffOnSucceedAttack",
                  "buffData": {
                    "buffKeyword": "Laceration",
                    "target": "Target",
                    "stack": 0,
                    "turn": 2,
                    "activeRound": 0
                  }
                }
              ]
            }
          ]
        }
      ]
    },
    {
      "id": 127202,
      "skillTier": 1,
      "skillType": "SKILL",
      "skillData": [
        {
          "iconID": "9102102",
          "skillTargetType": "RANDOM",
          "canTeamKill": false,
          "canDuel": true,
          "canChangeTarget": true,
          "attributeType": "SHAMROCK",
          "atkType": "SLASH",
          "defType": "ATTACK",
          "skillMotion": "S2",
          "range": 10,
          "arearange": 5,
          "viewType": "BATTLE",
          "parryingCloseType": "NEAR",
          "targetNum": 1,
          "defaultValue": 4,
          "skillLevelCorrection": 0,
          "abilityScriptList": [
            {
              "scriptName": "CoinScaleAdderOnStartTurnViaBuffCheckDevideByStackWithLimit2",
              "buffData": {
                "buffKeyword": "Laceration",
                "buffOwner": "Target",
                "stack": 5,
                "turn": 0,
                "value": 1
              }
            },
            {
              "scriptName": "GiveBuffOnUse",
              "buffData": {
                "buffKeyword": "SipOfAlcoholJin",
                "target": "Self",
                "stack": 1,
                "turn": 0,
                "activeRound": 0
              }
            },
            {
              "scriptName": "EmptyBody"
            }
          ],
          "coinList": [
            {
              "operatorType": "ADD",
              "scale": 4,
              "abilityScriptList": [
                {
                  "scriptName": "GiveBuffOnSucceedAttack",
                  "buffData": {
                    "buffKeyword": "Laceration",
                    "target": "Target",
                    "stack": 0,
                    "turn": 1,
                    "activeRound": 0
                  }
                }
              ]
            },
            {
              "operatorType": "ADD",
              "scale": 4,
              "abilityScriptList": [
                {
                  "scriptName": "GiveBuffOnSucceedAttack",
                  "buffData": {
                    "buffKeyword": "Laceration",
                    "target": "Target",
                    "stack": 4,
                    "turn": 0,
                    "activeRound": 0
                  }
                },
                {
                  "scriptName": "GiveBuffOSAConditional",
                  "buffData": {
                    "buffKeyword": "Laceration",
                    "target": "Target",
                    "stack": 0,
                    "turn": 0,
                    "activeRound": 0
                  },
                  "conditionalData": {
                    "category": "Buff_Stack",
                    "type": "GreaterEqual",
                    "value": 5,
                    "conditionBuffData": {
                      "buffOwner": "Target"
                    },
                    "resultBuffData": {
                      "buffKeyword": "Laceration",
                      "target": "Target",
                      "stack": 0,
                      "turn": 2,
                      "activeRound": 0
                    }
                  }
                }
              ]
            }
          ]
        }
      ]
    },
    {
      "id": 127203,
      "skillTier": 2,
      "skillType": "SKILL",
      "skillData": [
        {
          "iconID": "9102103",
          "skillTargetType": "RANDOM",
          "canTeamKill": false,
          "canDuel": true,
          "canChangeTarget": true,
          "attributeType": "AMBER",
          "atkType": "SLASH",
          "defType": "ATTACK",
          "skillMotion": "S3",
          "range": 10,
          "arearange": 5,
          "viewType": "BATTLE",
          "parryingCloseType": "NEAR",
          "targetNum": 1,
          "defaultValue": 3,
          "skillLevelCorrection": 0,
          "abilityScriptList": [
            {
              "scriptName": "CoinScaleAdderOnStartTurnViaBuffCheckDevideByStackWithLimit1",
              "buffData": {
                "buffKeyword": "Laceration",
                "buffOwner": "Target",
                "stack": 5,
                "turn": 0,
                "value": 1
              }
            },
            {
              "scriptName": "SkillPowerAdderOnUseViaBuffCheckDevideByStackWithLimit2",
              "buffData": {
                "buffKeyword": "DrunkBlood",
                "buffOwner": "Target",
                "stack": 1,
                "turn": 0,
                "value": 1
              }
            },
            {
              "scriptName": "GiveBuffOnWinDuel",
              "buffData": {
                "buffKeyword": "SipOfAlcoholJin",
                "target": "Self",
                "stack": 1,
                "turn": 0,
                "activeRound": 0
              }
            },
            {
              "scriptName": "UseBuffSelfOnLoseDuel",
              "buffData": {
                "buffKeyword": "SipOfAlcoholJin",
                "target": "Self",
                "stack": 2,
                "turn": 0,
                "activeRound": 0
              }
            },
            {
              "scriptName": "EmptyBody"
            }
          ],
          "coinList": [
            {
              "operatorType": "ADD",
              "scale": 3,
              "grade": 2,
              "color": "GREY",
              "abilityScriptList": [
                {
                  "scriptName": "SuperCoin"
                },
                {
                  "scriptName": "GiveBuffOnSucceedAttack",
                  "buffData": {
                    "buffKeyword": "Laceration",
                    "target": "Target",
                    "stack": 3,
                    "turn": 0,
                    "activeRound": 0
                  }
                }
              ]
            },
            {
              "operatorType": "ADD",
              "scale": 3,
              "grade": 2,
              "color": "GREY",
              "abilityScriptList": [
                {
                  "scriptName": "SuperCoin"
                },
                {
                  "scriptName": "GiveBuffOnSucceedAttack",
                  "buffData": {
                    "buffKeyword": "Laceration",
                    "target": "Target",
                    "stack": 3,
                    "turn": 0,
                    "activeRound": 0
                  }
                }
              ]
            },
            {
              "operatorType": "ADD",
              "scale": 3,
              "grade": 2,
              "color": "GREY",
              "abilityScriptList": [
                {
                  "scriptName": "SuperCoin"
                },
                {
                  "scriptName": "GiveBuffOnSucceedAttack",
                  "buffData": {
                    "buffKeyword": "Laceration",
                    "target": "Target",
                    "stack": 3,
                    "turn": 0,
                    "activeRound": 0
                  }
                },
                {
                  "scriptName": "GiveBuffOnSucceedAttackIfUsableInDuel",
                  "buffData": {
                    "buffKeyword": "Laceration",
                    "target": "Target",
                    "stack": 0,
                    "turn": 3,
                    "activeRound": 0
                  }
                }
              ]
            }
          ]
        }
      ]
    },
    {
      "id": 127204,
      "skillTier": 2,
      "skillType": "SKILL",
      "skillData": [
        {
          "iconID": "9102104",
          "skillTargetType": "RANDOM",
          "canTeamKill": false,
          "canDuel": true,
          "canChangeTarget": true,
          "attributeType": "CRIMSON",
          "atkType": "SLASH",
          "defType": "ATTACK",
          "skillMotion": "S4",
          "range": 10,
          "arearange": 5,
          "viewType": "BATTLE",
          "parryingCloseType": "NEAR",
          "targetNum": 1,
          "defaultValue": 4,
          "skillLevelCorrection": 0,
          "importanceLevel": 1,
          "abilityScriptList": [
            {
              "scriptName": "CoinScaleAdderOnStartTurnViaBuffCheckDevideByStackWithLimit2",
              "buffData": {
                "buffKeyword": "Laceration",
                "buffOwner": "Target",
                "stack": 5,
                "turn": 0,
                "value": 1
              }
            },
            {
              "scriptName": "SkillPowerAdderOnUseViaBuffCheckDevideByStackWithLimit2",
              "buffData": {
                "buffKeyword": "DrunkBlood",
                "buffOwner": "Target",
                "stack": 1,
                "turn": 0,
                "value": 1
              }
            },
            {
              "scriptName": "ChangeSuperCoinViaBuffCheck",
              "buffData": {
                "buffKeyword": "SipOfAlcoholJin",
                "buffOwner": "Self",
                "stack": 3
              }
            },
            {
              "scriptName": "122303DmgCut",
              "value": -0.8
            },
            {
              "scriptName": "EmptyBody"
            }
          ],
          "coinList": [
            {
              "operatorType": "ADD",
              "scale": 3,
              "abilityScriptList": [
                {
                  "scriptName": "ConditionalSuperCoin"
                },
                {
                  "scriptName": "GiveBuffOnSucceedAttack",
                  "buffData": {
                    "buffKeyword": "Laceration",
                    "target": "Target",
                    "stack": 0,
                    "turn": 2,
                    "activeRound": 0
                  }
                }
              ]
            },
            {
              "operatorType": "ADD",
              "scale": 3,
              "abilityScriptList": [
                {
                  "scriptName": "ConditionalSuperCoin"
                },
                {
                  "scriptName": "GiveBuffOnSucceedAttack",
                  "buffData": {
                    "buffKeyword": "Laceration",
                    "target": "Target",
                    "stack": 4,
                    "turn": 0,
                    "activeRound": 0
                  }
                }
              ]
            },
            {
              "operatorType": "ADD",
              "scale": 3,
              "abilityScriptList": [
                {
                  "scriptName": "ConditionalSuperCoin"
                },
                {
                  "scriptName": "DmgUpByBuffStackAndTurn",
                  "buffData": {
                    "buffKeyword": "Laceration",
                    "buffOwner": "Target",
                    "value": 0.01,
                    "limit": 20
                  }
                },
                {
                  "scriptName": "RerollOnSAViaBuffCheckUpto1",
                  "buffData": {
                    "buffKeyword": "SipOfAlcoholJin",
                    "buffOwner": "Self",
                    "stack": 3,
                    "turn": 0
                  }
                }
              ]
            }
          ]
        }
      ]
    },
    {
      "id": 127205,
      "skillTier": 3,
      "skillType": "SKILL",
      "skillData": [
        {
          "iconID": "9102106",
          "skillTargetType": "RANDOM",
          "canTeamKill": false,
          "canDuel": true,
          "canChangeTarget": true,
          "attributeType": "INDIGO",
          "atkType": "SLASH",
          "defType": "ATTACK",
          "skillMotion": "S6",
          "viewType": "ENCOUNTER",
          "range": 20,
          "arearange": 5,
          "parryingCloseType": "NEAR",
          "targetNum": 2,
          "defaultValue": 6,
          "skillLevelCorrection": 0,
          "importanceLevel": 2,
          "abilityScriptList": [
            {
              "scriptName": "CoinScaleAdderOnStartTurnViaBuffCheckDevideByStackWithLimit10",
              "buffData": {
                "buffKeyword": "Laceration",
                "buffOwner": "Target",
                "stack": 6,
                "turn": 0,
                "value": 5
              }
            },
            {
              "scriptName": "ChangeSuperCoinViaBuffCheck",
              "buffData": {
                "buffKeyword": "DrunkBlood",
                "buffOwner": "Target",
                "stack": 1
              }
            },
            {
              "scriptName": "122303DmgCut",
              "value": -0.8
            },
            {
              "scriptName": "EmptyBody"
            }
          ],
          "coinList": [
            {
              "operatorType": "ADD",
              "scale": 8,
              "abilityScriptList": [
                {
                  "scriptName": "ConditionalSuperCoin"
                },
                {
                  "scriptName": "DmgUpByBuffStackAndTurn",
                  "buffData": {
                    "buffKeyword": "Laceration",
                    "buffOwner": "Target",
                    "value": 0.01,
                    "limit": 100
                  }
                },
                {
                  "scriptName": "DmgUpByBuffStackWithLimit50",
                  "buffData": {
                    "buffKeyword": "DrunkBlood",
                    "buffOwner": "Target",
                    "value": 0.1
                  }
                },
                {
                  "scriptName": "GiveBuffOnSucceedAttack",
                  "buffData": {
                    "buffKeyword": "SipOfAlcoholJin",
                    "target": "Self",
                    "stack": 2,
                    "turn": 0,
                    "activeRound": 0
                  }
                },
                {
                  "scriptName": "GiveScarletDmgOSAViaBuffDiv",
                  "buffData": {
                    "buffKeyword": "DrunkBlood",
                    "buffOwner": "Target",
                    "stack": 1,
                    "turn": 0,
                    "value": 5,
                    "limit": 25
                  }
                }
              ]
            }
          ]
        }
      ]
    },
    {
      "id": 127206,
      "skillTier": 1,
      "skillType": "SKILL",
      "skillData": [
        {
          "iconID": "9102107",
          "skillTargetType": "RANDOM",
          "canTeamKill": false,
          "canDuel": false,
          "canChangeTarget": true,
          "attributeType": "VIOLET",
          "atkType": "NONE",
          "defType": "GUARD",
          "skillMotion": "Default",
          "viewType": "BATTLE",
          "parryingCloseType": "NEAR",
          "targetNum": 1,
          "defaultValue": 7,
          "skillLevelCorrection": 0,
          "abilityScriptList": [
            {
              "scriptName": "AddShieldOnUseSelfViaBuffDevide",
              "buffData": {
                "buffKeyword": "SipOfAlcoholJin",
                "buffOwner": "Self",
                "stack": 1,
                "turn": 0,
                "value": 10,
                "limit": 50
              }
            },
            {
              "scriptName": "GiveBuffOnUseIfMTHasBuffStack_DrunkBlood1",
              "buffData": {
                "buffKeyword": "Laceration",
                "target": "Target",
                "stack": 5,
                "turn": 0,
                "activeRound": 0
              }
            },
            {
              "scriptName": "EmptyBody"
            }
          ],
          "coinList": [
            {
              "operatorType": "ADD",
              "scale": 13
            }
          ]
        }
      ]
    },
    {
      "id": 127207,
      "skillTier": 1,
      "skillType": "SKILL",
      "skillData": [
        {
          "iconID": "9102105",
          "skillTargetType": "RANDOM",
          "canTeamKill": false,
          "canDuel": true,
          "canChangeTarget": true,
          "attributeType": "CRIMSON",
          "atkType": "SLASH",
          "defType": "COUNTER",
          "range": 10,
          "arearange": 5,
          "skillMotion": "S5",
          "viewType": "BATTLE",
          "parryingCloseType": "NEAR",
          "actionScript": "CounterWithSkillMotion",
          "targetNum": 1,
          "defaultValue": 4,
          "skillLevelCorrection": 0,
          "abilityScriptList": [
            {
              "scriptName": "AttackDmgUpByRatioOnUseViaBuffCheckDevideByStackWithLimit100",
              "buffData": {
                "buffKeyword": "SipOfAlcoholJin",
                "buffOwner": "Self",
                "stack": 1,
                "turn": 0,
                "value": 0.2
              }
            },
            {
              "scriptName": "AttackDmgUpByRatioOnUseViaBuffCheckDevideByStackWithLimit50",
              "buffData": {
                "buffKeyword": "DrunkBlood",
                "buffOwner": "Target",
                "stack": 1,
                "turn": 0,
                "value": 0.5
              }
            },
            {
              "scriptName": "EmptyBody"
            }
          ],
          "coinList": [
            {
              "operatorType": "ADD",
              "scale": 4,
              "abilityScriptList": [
                {
                  "scriptName": "GiveBuffOnSucceedAttack",
                  "buffData": {
                    "buffKeyword": "SlashResistDown",
                    "target": "Target",
                    "stack": 2,
                    "turn": 0,
                    "activeRound": 1
                  }
                }
              ]
            },
            {
              "operatorType": "ADD",
              "scale": 4,
              "abilityScriptList": [
                {
                  "scriptName": "GiveScarletDmgOSAViaBuffDiv",
                  "buffData": {
                    "buffKeyword": "DrunkBlood",
                    "buffOwner": "Target",
                    "stack": 1,
                    "turn": 0,
                    "value": 5,
                    "limit": 25
                  }
                }
              ]
            }
          ]
        }
      ]
    },
    {
      "id": 127208,
      "skillTier": 3,
      "skillType": "SKILL",
      "skillData": [
        {
          "iconID": "9102108",
          "skillTargetType": "RANDOM",
          "canTeamKill": false,
          "canDuel": true,
          "canChangeTarget": false,
          "attributeType": "INDIGO",
          "atkType": "SLASH",
          "defType": "ATTACK",
          "skillMotion": "S8",
          "viewType": "ENCOUNTER",
          "range": 20,
          "arearange": 5,
          "parryingCloseType": "NEAR",
          "targetNum": 1,
          "defaultValue": 10,
          "skillLevelCorrection": 0,
          "importanceLevel": 3,
          "abilityScriptList": [
            {
              "scriptName": "TakeAimTo400005"
            },
            {
              "scriptName": "CoinScaleAdder1OnStartTurnIfFasterThanMainTargetMinDiff1"
            },
            {
              "scriptName": "127208BuffBooster",
              "value": 3
            },
            {
              "scriptName": "TagetNumAdderOnWinDuel",
              "value": 7
            },
            {
              "scriptName": "EmptyBody"
            }
          ],
          "coinList": [
            {
              "operatorType": "ADD",
              "scale": 10,
              "grade": 2,
              "color": "GREY",
              "abilityScriptList": [
                {
                  "scriptName": "SuperCoin"
                },
                {
                  "scriptName": "DmgUpByBuffStackAndTurn",
                  "buffData": {
                    "buffKeyword": "Laceration",
                    "buffOwner": "Target",
                    "value": 0.01,
                    "limit": 100
                  }
                },
                {
                  "scriptName": "DmgUpByBuffStackWithLimit50",
                  "buffData": {
                    "buffKeyword": "DrunkBlood",
                    "buffOwner": "Target",
                    "value": 0.1
                  }
                },
                {
                  "scriptName": "GiveBuffOnSucceedAttackIfUsableInDuel",
                  "buffData": {
                    "buffKeyword": "Laceration",
                    "target": "Target",
                    "stack": 10,
                    "turn": 0,
                    "activeRound": 0
                  }
                },
                {
                  "scriptName": "GiveScarletDmgOSAViaBuffDivIfUsableInDuel",
                  "buffData": {
                    "buffKeyword": "DrunkBlood",
                    "buffOwner": "Target",
                    "stack": 1,
                    "turn": 0,
                    "value": 10,
                    "limit": 50
                  }
                }
              ]
            }
          ]
        }
      ]
    },
    {
      "id": 127209,
      "skillTier": 3,
      "skillType": "SKILL",
      "skillData": [
        {
          "skillTargetType": "RANDOM",
          "canTeamKill": false,
          "canDuel": true,
          "canChangeTarget": true,
          "attributeType": "SCARLET",
          "atkType": "SLASH",
          "defType": "ATTACK",
          "skillMotion": "S7",
          "viewType": "ENCOUNTER",
          "range": 20,
          "arearange": 5,
          "parryingCloseType": "NEAR",
          "targetNum": 1,
          "defaultValue": 8,
          "skillLevelCorrection": 0,
          "importanceLevel": 3,
          "abilityScriptList": [
            {
              "scriptName": "SkillPowerAdderOnUseViaBuffCheckDevideByStackWithLimit2",
              "buffData": {
                "buffKeyword": "Breath",
                "buffOwner": "Self",
                "stack": 5,
                "turn": 0,
                "value": 1
              }
            },
            {
              "scriptName": "CoinScaleAdder1OnStartTurnIfFasterThanMainTargetMinDiff1"
            },
            {
              "scriptName": "EmptyBody"
            }
          ],
          "coinList": [
            {
              "operatorType": "ADD",
              "scale": 8,
              "abilityScriptList": [
                {
                  "scriptName": "127209CoinUniqueAction",
                  "value": 0.2
                },
                {
                  "scriptName": "RerollOnSACUpto5"
                }
              ]
            }
          ]
        }
      ]
    },
    {
      "id": 127210,
      "skillTier": 1,
      "skillType": "SKILL",
      "skillData": [
        {
          "skillTargetType": "RANDOM",
          "canTeamKill": false,
          "canDuel": false,
          "canChangeTarget": true,
          "attributeType": "VIOLET",
          "atkType": "NONE",
          "defType": "EVADE",
          "skillMotion": "Default",
          "viewType": "BATTLE",
          "parryingCloseType": "NEAR",
          "targetNum": 1,
          "defaultValue": 5,
          "skillLevelCorrection": 0,
          "abilityScriptList": [
            {
              "scriptName": "127210SkillPowerAdderByAlly_div2_per6_limit12"
            },
            {
              "scriptName": "GiveBuffOnSucceedEvade",
              "buffData": {
                "buffKeyword": "Breath",
                "target": "Self",
                "stack": 3,
                "turn": 0,
                "activeRound": 0
              }
            },
            {
              "scriptName": "GiveBuffOnRoundEndAlive",
              "buffData": {
                "buffKeyword": "Breath",
                "target": "Self",
                "stack": 0,
                "turn": 2,
                "activeRound": 0
              }
            },
            {
              "scriptName": "EmptyBody"
            }
          ],
          "coinList": [
            {
              "operatorType": "ADD",
              "scale": 7
            }
          ]
        }
      ]
    },
    {
      "id": 116705,
      "skillTier": 1,
      "skillType": "SKILL",
      "textID": 116701,
      "skillData": [
        {
          "iconID": "116701",
          "skillTargetType": "RANDOM",
          "canTeamKill": false,
          "canDuel": true,
          "canChangeTarget": true,
          "attributeType": "AZURE",
          "atkType": "SLASH",
          "defType": "ATTACK",
          "skillMotion": "S1",
          "viewType": "BATTLE",
          "parryingCloseType": "NEAR",
          "targetNum": 1,
          "defaultValue": 4,
          "skillLevelCorrection": 0,
          "abilityScriptList": [
            {
              "scriptName": "SkillPowerResultAdderViaOnUseBuffCheckAndUse",
              "buffData": {
                "buffKeyword": "Charge",
                "buffOwner": "Self",
                "target": "",
                "stack": 0,
                "turn": 5,
                "activeRound": 0,
                "value": 1
              }
            },
            {
              "scriptName": "SkillPowerResultAdderViaOnUseBuffCheckAndUse",
              "buffData": {
                "buffKeyword": "Charge",
                "buffOwner": "Self",
                "target": "",
                "stack": 0,
                "turn": 5,
                "activeRound": 0,
                "value": 1
              }
            },
            {
              "scriptName": "GiveBuffOnUse",
              "buffData": {
                "buffKeyword": "Charge",
                "target": "Self",
                "stack": 0,
                "turn": 2,
                "activeRound": 0
              }
            },
            {
              "scriptName": "EmptyBody"
            }
          ],
          "coinList": [
            {
              "operatorType": "ADD",
              "scale": 6,
              "abilityScriptList": [
                {
                  "scriptName": "GiveBuffOnSucceedAttack",
                  "buffData": {
                    "buffKeyword": "Charge",
                    "target": "Self",
                    "stack": 0,
                    "turn": 2,
                    "activeRound": 0
                  }
                },
                {
                  "scriptName": "GiveBuffOnSucceedAttack",
                  "buffData": {
                    "buffKeyword": "Burst",
                    "target": "Target",
                    "stack": 4,
                    "turn": 0,
                    "activeRound": 0
                  }
                }
              ]
            }
          ]
        }
      ]
    },
    {
      "id": 116005,
      "textID": 116001,
      "skillTier": 1,
      "skillType": "SKILL",
      "skillData": [
        {
          "iconID": "116001",
          "skillTargetType": "FRONT",
          "canTeamKill": false,
          "canDuel": true,
          "canChangeTarget": true,
          "attributeType": "SHAMROCK",
          "atkType": "HIT",
          "defType": "ATTACK",
          "skillMotion": "S1",
          "viewType": "BATTLE",
          "parryingCloseType": "NEAR",
          "targetNum": 1,
          "defaultValue": 4,
          "skillLevelCorrection": 0,
          "abilityScriptList": [
            {
              "scriptName": "SkillPowerResultAdderOnUseViaBuffDevide",
              "buffData": {
                "buffKeyword": "Burst",
                "buffOwner": "Target",
                "target": "",
                "stack": 4,
                "turn": 0,
                "activeRound": 0,
                "value": 1,
                "limit": 2
              }
            },
            {
              "scriptName": "GiveBuffOnUse",
              "buffData": {
                "buffKeyword": "Charge",
                "target": "Self",
                "stack": 0,
                "turn": 3,
                "activeRound": 0
              }
            },
            {
              "scriptName": "EmptyBody"
            }
          ],
          "coinList": [
            {
              "operatorType": "ADD",
              "scale": 7,
              "abilityScriptList": [
                {
                  "scriptName": "GiveBuffOnSucceedAttack",
                  "buffData": {
                    "buffKeyword": "Charge",
                    "target": "Self",
                    "stack": 0,
                    "turn": 3,
                    "activeRound": 0
                  }
                },
                {
                  "scriptName": "GiveBuffOnSucceedAttack",
                  "buffData": {
                    "buffKeyword": "Burst",
                    "target": "Target",
                    "stack": 3,
                    "turn": 0,
                    "activeRound": 0
                  }
                }
              ]
            }
          ]
        }
      ]
    }
  ]
}