{
  "list": [
    {
      "id": 9021301,
      "skillTier": 1,
      "skillType": "SKILL",
      "skillData": [
        {
          "skillTargetType": "FRONT",
          "canTeamKill": false,
          "canDuel": true,
          "canChangeTarget": true,
          "attributeType": "SCARLET",
          "atkType": "HIT",
          "defType": "ATTACK",
          "skillMotion": "S1",
          "viewType": "BATTLE",
          "parryingCloseType": "NEAR",
          "targetNum": 1,
          "defaultValue": 4,
          "skillLevelCorrection": 0,
          "abilityScriptList": [
            {
              "scriptName": "EmptyBody"
            }
          ],
          "coinList": [
            {
              "operatorType": "ADD",
              "scale": 3,
              "abilityScriptList": [
                {
                  "scriptName": "GiveBuffOnSucceedAttack",
                  "buffData": {
                    "buffKeyword": "Laceration",
                    "target": "Target",
                    "stack": 2,
                    "turn": 0,
                    "activeRound": 0
                  }
                }
              ]
            },
            {
              "operatorType": "ADD",
              "scale": 3,
              "abilityScriptList": [
                {
                  "scriptName": "GiveBuffOnSucceedAttack",
                  "buffData": {
                    "buffKeyword": "Laceration",
                    "target": "Target",
                    "stack": 2,
                    "turn": 0,
                    "activeRound": 0
                  }
                }
              ]
            }
          ]
        }
      ]
    },
    {
      "id": 9021302,
      "skillTier": 2,
      "skillType": "SKILL",
      "skillData": [
        {
          "skillTargetType": "FRONT",
          "canTeamKill": false,
          "canDuel": true,
          "canChangeTarget": true,
          "attributeType": "SCARLET",
          "atkType": "HIT",
          "defType": "ATTACK",
          "skillMotion": "S2",
          "viewType": "BATTLE",
          "parryingCloseType": "NEAR",
          "targetNum": 1,
          "defaultValue": 4,
          "skillLevelCorrection": 0,
          "abilityScriptList": [
            {
              "scriptName": "CoinScaleAdderOnStartTurnViaBuffCheck",
              "buffData": {
                "buffKeyword": "Laceration",
                "buffOwner": "Target",
                "stack": 2,
                "turn": 0,
                "value": 1
              }
            },
            {
              "scriptName": "EmptyBody"
            }
          ],
          "coinList": [
            {
              "operatorType": "ADD",
              "scale": 5,
              "abilityScriptList": [
                {
                  "scriptName": "GiveBuffOnSucceedAttack",
                  "buffData": {
                    "buffKeyword": "Laceration",
                    "target": "Target",
                    "stack": 2,
                    "turn": 2,
                    "activeRound": 0
                  }
                }
              ]
            },
            {
              "operatorType": "ADD",
              "scale": 5,
              "abilityScriptList": [
                {
                  "scriptName": "GiveBuffOnSucceedAttack",
                  "buffData": {
                    "buffKeyword": "Laceration",
                    "target": "Target",
                    "stack": 2,
                    "turn": 2,
                    "activeRound": 0
                  }
                }
              ]
            }
          ]
        }
      ]
    },
    {
      "id": 9021303,
      "skillTier": 3,
      "skillType": "SKILL",
      "skillData": [
        {
          "skillTargetType": "FRONT",
          "canTeamKill": false,
          "canDuel": true,
          "canChangeTarget": true,
          "attributeType": "SHAMROCK",
          "atkType": "PENETRATE",
          "defType": "ATTACK",
          "skillMotion": "S3",
          "viewType": "BATTLE",
          "parryingCloseType": "NEAR",
          "targetNum": 1,
          "defaultValue": 5,
          "skillLevelCorrection": 0,
          "abilityScriptList": [
            {
              "scriptName": "ParryingPowerResultAdderOnStartTurnSelfViaBuffCheck",
              "buffData": {
                "buffKeyword": "Laceration",
                "buffOwner": "Target",
                "stack": 3,
                "turn": 0,
                "value": 1
              }
            },
            {
              "scriptName": "EmptyBody"
            }
          ],
          "coinList": [
            {
              "operatorType": "ADD",
              "scale": 3,
              "abilityScriptList": [
                {
                  "scriptName": "GiveBuffOnSucceedAttack",
                  "buffData": {
                    "buffKeyword": "Laceration",
                    "target": "Target",
                    "stack": 5,
                    "turn": 0,
                    "activeRound": 0
                  }
                }
              ]
            },
            {
              "operatorType": "ADD",
              "scale": 3,
              "abilityScriptList": [
              ]
            },
            {
              "operatorType": "ADD",
              "scale": 3,
              "abilityScriptList": [
                {
                  "scriptName": "GiveBuffOnSucceedAttack",
                  "buffData": {
                    "buffKeyword": "Agility",
                    "target": "Self",
                    "stack": 1,
                    "turn": 0,
                    "activeRound": 1
                  }
                }
              ]
            }
          ]
        }
      ]
    },
    {
      "id": 9021304,
      "skillTier": 1,
      "skillData": [
        {
          "skillTargetType": "FRONT",
          "canTeamKill": false,
          "canDuel": false,
          "canChangeTarget": true,
          "attributeType": "SHAMROCK",
          "atkType": "NONE",
          "defType": "GUARD",
          "skillMotion": "Default",
          "viewType": "BATTLE",
          "parryingCloseType": "NEAR",
          "targetNum": 1,
          "defaultValue": 10,
          "skillLevelCorrection": 0,
          "abilityScriptList": [
            {
              "scriptName": "GiveBuffOnUse",
              "buffData": {
                "buffKeyword": "Paralysis",
                "target": "Target",
                "stack": 1,
                "turn": 0,
                "activeRound": 0
              }
            },
            {
              "scriptName": "EmptyBody"
            }
          ],
          "coinList": [
            {
              "operatorType": "ADD",
              "scale": 6
            }
          ]
        }
      ]
    },
    {
      "id": 9021401,
      "skillTier": 1,
      "skillType": "SKILL",
      "skillData": [
        {
          "skillTargetType": "FRONT",
          "canTeamKill": false,
          "canDuel": true,
          "canChangeTarget": true,
          "attributeType": "SCARLET",
          "atkType": "HIT",
          "defType": "ATTACK",
          "skillMotion": "S1",
          "viewType": "BATTLE",
          "parryingCloseType": "NEAR",
          "targetNum": 1,
          "defaultValue": 4,
          "skillLevelCorrection": 0,
          "abilityScriptList": [
            {
              "scriptName": "EmptyBody"
            }
          ],
          "coinList": [
            {
              "operatorType": "ADD",
              "scale": 3,
              "abilityScriptList": [
                {
                  "scriptName": "GiveBuffOnSucceedAttack",
                  "buffData": {
                    "buffKeyword": "Laceration",
                    "target": "Target",
                    "stack": 0,
                    "turn": 1,
                    "activeRound": 0
                  }
                }
              ]
            },
            {
              "operatorType": "ADD",
              "scale": 3,
              "abilityScriptList": [
                {
                  "scriptName": "GiveBuffOnSucceedAttack",
                  "buffData": {
                    "buffKeyword": "Laceration",
                    "target": "Target",
                    "stack": 0,
                    "turn": 1,
                    "activeRound": 0
                  }
                }
              ]
            }
          ]
        }
      ]
    },
    {
      "id": 9021402,
      "skillTier": 2,
      "skillType": "SKILL",
      "skillData": [
        {
          "skillTargetType": "FRONT",
          "canTeamKill": false,
          "canDuel": true,
          "canChangeTarget": true,
          "attributeType": "SCARLET",
          "atkType": "HIT",
          "defType": "ATTACK",
          "skillMotion": "S2",
          "viewType": "BATTLE",
          "parryingCloseType": "NEAR",
          "targetNum": 1,
          "defaultValue": 4,
          "skillLevelCorrection": 0,
          "abilityScriptList": [
            {
              "scriptName": "CoinScaleAdderOnStartTurnViaBuffCheck",
              "buffData": {
                "buffKeyword": "Laceration",
                "buffOwner": "Target",
                "stack": 2,
                "turn": 0,
                "value": 1
              }
            },
            {
              "scriptName": "EmptyBody"
            }
          ],
          "coinList": [
            {
              "operatorType": "ADD",
              "scale": 5,
              "abilityScriptList": [
                {
                  "scriptName": "GiveBuffOnSucceedAttack",
                  "buffData": {
                    "buffKeyword": "Laceration",
                    "target": "Target",
                    "stack": 2,
                    "turn": 2,
                    "activeRound": 0
                  }
                }
              ]
            },
            {
              "operatorType": "ADD",
              "scale": 5,
              "abilityScriptList": [
                {
                  "scriptName": "GiveBuffOnSucceedAttack",
                  "buffData": {
                    "buffKeyword": "Laceration",
                    "target": "Target",
                    "stack": 2,
                    "turn": 2,
                    "activeRound": 0
                  }
                }
              ]
            }
          ]
        }
      ]
    },
    {
      "id": 9021403,
      "skillTier": 3,
      "skillType": "SKILL",
      "skillData": [
        {
          "skillTargetType": "FRONT",
          "canTeamKill": false,
          "canDuel": true,
          "canChangeTarget": true,
          "attributeType": "SHAMROCK",
          "atkType": "PENETRATE",
          "defType": "ATTACK",
          "skillMotion": "S3",
          "viewType": "BATTLE",
          "parryingCloseType": "NEAR",
          "targetNum": 1,
          "defaultValue": 5,
          "skillLevelCorrection": 0,
          "abilityScriptList": [
            {
              "scriptName": "ParryingPowerResultAdderOnStartTurnSelfViaBuffCheck",
              "buffData": {
                "buffKeyword": "Laceration",
                "buffOwner": "Target",
                "stack": 3,
                "turn": 0,
                "value": 1
              }
            },
            {
              "scriptName": "EmptyBody"
            }
          ],
          "coinList": [
            {
              "operatorType": "ADD",
              "scale": 3,
              "abilityScriptList": [
                {
                  "scriptName": "GiveBuffOnSucceedAttack",
                  "buffData": {
                    "buffKeyword": "Laceration",
                    "target": "Target",
                    "stack": 5,
                    "turn": 0,
                    "activeRound": 0
                  }
                }
              ]
            },
            {
              "operatorType": "ADD",
              "scale": 3,
              "abilityScriptList": [
              ]
            },
            {
              "operatorType": "ADD",
              "scale": 3,
              "abilityScriptList": [
                {
                  "scriptName": "GiveBuffOnSucceedAttack",
                  "buffData": {
                    "buffKeyword": "Agility",
                    "target": "Self",
                    "stack": 1,
                    "turn": 0,
                    "activeRound": 1
                  }
                }
              ]
            }
          ]
        }
      ]
    },
    {
      "id": 9021404,
      "skillTier": 1,
      "skillData": [
        {
          "skillTargetType": "FRONT",
          "canTeamKill": false,
          "canDuel": false,
          "canChangeTarget": true,
          "attributeType": "SHAMROCK",
          "atkType": "NONE",
          "defType": "GUARD",
          "skillMotion": "Default",
          "viewType": "BATTLE",
          "parryingCloseType": "NEAR",
          "targetNum": 1,
          "defaultValue": 10,
          "skillLevelCorrection": 0,
          "abilityScriptList": [
            {
              "scriptName": "GiveBuffOnUse",
              "buffData": {
                "buffKeyword": "Paralysis",
                "target": "Target",
                "stack": 1,
                "turn": 0,
                "activeRound": 0
              }
            },
            {
              "scriptName": "EmptyBody"
            }
          ],
          "coinList": [
            {
              "operatorType": "ADD",
              "scale": 6
            }
          ]
        }
      ]
    },
    {
      "id": 9021701,
      "skillTier": 1,
      "skillType": "SKILL",
      "skillData": [
        {
          "skillTargetType": "FRONT",
          "canTeamKill": false,
          "canDuel": true,
          "canChangeTarget": true,
          "attributeType": "AMBER",
          "atkType": "HIT",
          "defType": "ATTACK",
          "skillMotion": "S1",
          "viewType": "BATTLE",
          "parryingCloseType": "NEAR",
          "targetNum": 1,
          "defaultValue": 4,
          "skillLevelCorrection": 0,
          "abilityScriptList": [
            {
              "scriptName": "90217SkillBuffDivToCoinAdderWithLimit_2",
              "value": 7
            },
            {
              "scriptName": "EmptyBody"
            }
          ],
          "coinList": [
            {
              "operatorType": "ADD",
              "scale": 4,
              "abilityScriptList": [
                {
                  "scriptName": "GiveBuffOnSucceedAttack",
                  "buffData": {
                    "buffKeyword": "Vibration",
                    "target": "Target",
                    "stack": 3,
                    "turn": 0,
                    "activeRound": 0
                  }
                }
              ]
            },
            {
              "operatorType": "ADD",
              "scale": 4,
              "abilityScriptList": [
                {
                  "scriptName": "GiveBuffOnSucceedAttack",
                  "buffData": {
                    "buffKeyword": "Vibration",
                    "target": "Target",
                    "stack": 0,
                    "turn": 2,
                    "activeRound": 0
                  }
                }
              ]
            }
          ]
        }
      ]
    },
    {
      "id": 9021702,
      "skillTier": 2,
      "skillType": "SKILL",
      "skillData": [
        {
          "skillTargetType": "FRONT",
          "canTeamKill": false,
          "canDuel": true,
          "canChangeTarget": true,
          "attributeType": "CRIMSON",
          "atkType": "PENETRATE",
          "defType": "ATTACK",
          "skillMotion": "S2",
          "viewType": "BATTLE",
          "parryingCloseType": "NEAR",
          "targetNum": 1,
          "defaultValue": 4,
          "skillLevelCorrection": 0,
          "abilityScriptList": [
            {
              "scriptName": "90217SkillBuffDivToCoinAdderWithLimit_2",
              "value": 7
            },
            {
              "scriptName": "EmptyBody"
            }
          ],
          "coinList": [
            {
              "operatorType": "ADD",
              "scale": 5,
              "abilityScriptList": [
                {
                  "scriptName": "GiveBuffOnSucceedAttack",
                  "buffData": {
                    "buffKeyword": "Combustion",
                    "target": "Target",
                    "stack": 3,
                    "turn": 0,
                    "activeRound": 0
                  }
                }
              ]
            },
            {
              "operatorType": "ADD",
              "scale": 5,
              "abilityScriptList": [
                {
                  "scriptName": "GiveBuffOnSucceedAttack",
                  "buffData": {
                    "buffKeyword": "Combustion",
                    "target": "Target",
                    "stack": 0,
                    "turn": 2,
                    "activeRound": 0
                  }
                }
              ]
            }
          ]
        }
      ]
    },
    {
      "id": 9021703,
      "skillTier": 3,
      "skillType": "SKILL",
      "skillData": [
        {
          "skillTargetType": "FRONT",
          "canTeamKill": false,
          "canDuel": true,
          "canChangeTarget": true,
          "attributeType": "CRIMSON",
          "atkType": "PENETRATE",
          "defType": "ATTACK",
          "skillMotion": "S3",
          "viewType": "BATTLE",
          "parryingCloseType": "NEAR",
          "targetNum": 1,
          "defaultValue": 5,
          "skillLevelCorrection": 0,
          "abilityScriptList": [
            {
              "scriptName": "90217SkillBuffDivToCoinAdderWithLimit_2",
              "value": 7
            },
            {
              "scriptName": "OnLoseDuel116703",
              "value": -0.75
            },
            {
              "scriptName": "EmptyBody"
            }
          ],
          "coinList": [
            {
              "operatorType": "ADD",
              "scale": 5,
              "grade": 2,
              "color": "GREY",
              "abilityScriptList": [
                {
                  "scriptName": "SuperCoin"
                },
                {
                  "scriptName": "Empty[necessary:BudgetBulletPropellant:1]"
                },
                {
                  "scriptName": "GiveBuffOnSucceedAttack",
                  "buffData": {
                    "buffKeyword": "Vibration",
                    "target": "Target",
                    "stack": 4,
                    "turn": 0,
                    "activeRound": 0
                  }
                },
                {
                  "scriptName": "GiveBuffOnSucceedAttack",
                  "buffData": {
                    "buffKeyword": "Combustion",
                    "target": "Target",
                    "stack": 4,
                    "turn": 0,
                    "activeRound": 0
                  }
                },
                {
                  "scriptName": "SwitchVibrationOnSucceedAttackIfUsableInDuel",
                  "buffData": {
                    "buffKeyword": "VibrationIgnition",
                    "buffOwner": "Target"
                  }
                }
              ]
            },
            {
              "operatorType": "ADD",
              "scale": 5,
              "grade": 2,
              "color": "GREY",
              "abilityScriptList": [
                {
                  "scriptName": "SuperCoin"
                },
                {
                  "scriptName": "Empty[necessary:BudgetBulletPropellant:1]"
                },
                {
                  "scriptName": "VibrationExplosionOnSucceedAttackThenLoseTargetVibrationTurnIfUsableInDuel1",
                  "value": 1
                }
              ]
            }
          ]
        }
      ]
    },
    {
      "id": 9021704,
      "skillTier": 1,
      "skillData": [
        {
          "skillTargetType": "FRONT",
          "canTeamKill": false,
          "canDuel": false,
          "canChangeTarget": true,
          "attributeType": "CRIMSON",
          "atkType": "NONE",
          "defType": "GUARD",
          "skillMotion": "S4",
          "actionScript": "GuardWithSkillMotion",
          "viewType": "BATTLE",
          "parryingCloseType": "NEAR",
          "targetNum": 1,
          "defaultValue": 10,
          "skillLevelCorrection": 0,
          "abilityScriptList": [
            {
              "scriptName": "90217SkillCoinAdder_3",
              "value": 6
            },
            {
              "scriptName": "GiveBuffOnUse",
              "buffData": {
                "buffKeyword": "AttackDmgUp",
                "target": "Self",
                "stack": 1,
                "turn": 0,
                "activeRound": 1
              }
            },
            {
              "scriptName": "GiveBuffOnBattleStart",
              "turnLimit": 1,
              "buffData": {
                "buffKeyword": "BudgetBulletPropellant",
                "target": "Self",
                "stack": 4,
                "turn": 0,
                "activeRound": 0
              }
            },
            {
              "scriptName": "EmptyBody"
            }
          ],
          "coinList": [
            {
              "operatorType": "ADD",
              "scale": 6
            }
          ]
        }
      ]
    },
    {
      "id": 9021801,
      "skillTier": 1,
      "skillType": "SKILL",
      "skillData": [
        {
          "skillTargetType": "FRONT",
          "canTeamKill": false,
          "canDuel": true,
          "canChangeTarget": true,
          "attributeType": "AMBER",
          "atkType": "HIT",
          "defType": "ATTACK",
          "skillMotion": "S1",
          "viewType": "BATTLE",
          "parryingCloseType": "NEAR",
          "targetNum": 1,
          "defaultValue": 4,
          "skillLevelCorrection": 0,
          "abilityScriptList": [
            {
              "scriptName": "90217SkillBuffDivToCoinAdderWithLimit_2",
              "value": 7
            },
            {
              "scriptName": "EmptyBody"
            }
          ],
          "coinList": [
            {
              "operatorType": "ADD",
              "scale": 4,
              "abilityScriptList": [
                {
                  "scriptName": "GiveBuffOnSucceedAttack",
                  "buffData": {
                    "buffKeyword": "Vibration",
                    "target": "Target",
                    "stack": 2,
                    "turn": 0,
                    "activeRound": 0
                  }
                }
              ]
            },
            {
              "operatorType": "ADD",
              "scale": 4,
              "abilityScriptList": [
                {
                  "scriptName": "GiveBuffOnSucceedAttack",
                  "buffData": {
                    "buffKeyword": "Vibration",
                    "target": "Target",
                    "stack": 0,
                    "turn": 3,
                    "activeRound": 0
                  }
                }
              ]
            }
          ]
        }
      ]
    },
    {
      "id": 9021802,
      "skillTier": 2,
      "skillType": "SKILL",
      "skillData": [
        {
          "skillTargetType": "FRONT",
          "canTeamKill": false,
          "canDuel": true,
          "canChangeTarget": true,
          "attributeType": "CRIMSON",
          "atkType": "PENETRATE",
          "defType": "ATTACK",
          "skillMotion": "S2",
          "viewType": "BATTLE",
          "parryingCloseType": "NEAR",
          "targetNum": 1,
          "defaultValue": 4,
          "skillLevelCorrection": 0,
          "abilityScriptList": [
            {
              "scriptName": "90217SkillBuffDivToCoinAdderWithLimit_2",
              "value": 7
            },
            {
              "scriptName": "EmptyBody"
            }
          ],
          "coinList": [
            {
              "operatorType": "ADD",
              "scale": 5,
              "abilityScriptList": [
                {
                  "scriptName": "GiveBuffOnSucceedAttack",
                  "buffData": {
                    "buffKeyword": "Combustion",
                    "target": "Target",
                    "stack": 2,
                    "turn": 0,
                    "activeRound": 0
                  }
                }
              ]
            },
            {
              "operatorType": "ADD",
              "scale": 5,
              "abilityScriptList": [
                {
                  "scriptName": "GiveBuffOnSucceedAttack",
                  "buffData": {
                    "buffKeyword": "Combustion",
                    "target": "Target",
                    "stack": 0,
                    "turn": 3,
                    "activeRound": 0
                  }
                }
              ]
            }
          ]
        }
      ]
    },
    {
      "id": 9021803,
      "skillTier": 3,
      "skillType": "SKILL",
      "skillData": [
        {
          "skillTargetType": "FRONT",
          "canTeamKill": false,
          "canDuel": true,
          "canChangeTarget": true,
          "attributeType": "CRIMSON",
          "atkType": "PENETRATE",
          "defType": "ATTACK",
          "skillMotion": "S3",
          "viewType": "BATTLE",
          "parryingCloseType": "NEAR",
          "targetNum": 1,
          "defaultValue": 5,
          "skillLevelCorrection": 0,
          "abilityScriptList": [
            {
              "scriptName": "90217SkillBuffDivToCoinAdderWithLimit_2",
              "value": 7
            },
            {
              "scriptName": "OnLoseDuel116703",
              "value": -0.75
            },
            {
              "scriptName": "EmptyBody"
            }
          ],
          "coinList": [
            {
              "operatorType": "ADD",
              "scale": 5,
              "grade": 2,
              "color": "GREY",
              "abilityScriptList": [
                {
                  "scriptName": "SuperCoin"
                },
                {
                  "scriptName": "Empty[necessary:BudgetBulletPropellant:1]"
                },
                {
                  "scriptName": "GiveBuffOnSucceedAttack",
                  "buffData": {
                    "buffKeyword": "Vibration",
                    "target": "Target",
                    "stack": 2,
                    "turn": 2,
                    "activeRound": 0
                  }
                },
                {
                  "scriptName": "GiveBuffOnSucceedAttack",
                  "buffData": {
                    "buffKeyword": "Combustion",
                    "target": "Target",
                    "stack": 2,
                    "turn": 2,
                    "activeRound": 0
                  }
                },
                {
                  "scriptName": "SwitchVibrationOnSucceedAttackIfUsableInDuel",
                  "buffData": {
                    "buffKeyword": "VibrationIgnition",
                    "buffOwner": "Target"
                  }
                }
              ]
            },
            {
              "operatorType": "ADD",
              "scale": 5,
              "grade": 2,
              "color": "GREY",
              "abilityScriptList": [
                {
                  "scriptName": "SuperCoin"
                },
                {
                  "scriptName": "Empty[necessary:BudgetBulletPropellant:1]"
                },
                {
                  "scriptName": "VibrationExplosionOnSucceedAttackThenLoseTargetVibrationTurnIfUsableInDuel1",
                  "value": 1
                }
              ]
            }
          ]
        }
      ]
    },
    {
      "id": 9021804,
      "skillTier": 1,
      "skillData": [
        {
          "skillTargetType": "FRONT",
          "canTeamKill": false,
          "canDuel": false,
          "canChangeTarget": true,
          "attributeType": "CRIMSON",
          "atkType": "NONE",
          "defType": "GUARD",
          "skillMotion": "S4",
          "actionScript": "GuardWithSkillMotion",
          "viewType": "BATTLE",
          "parryingCloseType": "NEAR",
          "targetNum": 1,
          "defaultValue": 10,
          "skillLevelCorrection": 0,
          "abilityScriptList": [
            {
              "scriptName": "90217SkillCoinAdder_3",
              "value": 6
            },
            {
              "scriptName": "GiveBuffOnUse",
              "buffData": {
                "buffKeyword": "AttackDmgUp",
                "target": "Self",
                "stack": 1,
                "turn": 0,
                "activeRound": 1
              }
            },
            {
              "scriptName": "GiveBuffOnBattleStart",
              "turnLimit": 1,
              "buffData": {
                "buffKeyword": "BudgetBulletPropellant",
                "target": "Self",
                "stack": 4,
                "turn": 0,
                "activeRound": 0
              }
            },
            {
              "scriptName": "EmptyBody"
            }
          ],
          "coinList": [
            {
              "operatorType": "ADD",
              "scale": 6
            }
          ]
        }
      ]
    }
  ]
}