{
  "list": [
    {
      "id": 9102401,
      "skillTier": 1,
      "skillType": "SKILL",
      "skillData": [
        {
          "iconID": 9101701,
          "skillTargetType": "FRONT",
          "canTeamKill": false,
          "canDuel": true,
          "canChangeTarget": true,
          "attributeType": "AZURE",
          "atkType": "HIT",
          "defType": "ATTACK",
          "skillMotion": "S1",
          "viewType": "BATTLE",
          "parryingCloseType": "NEAR",
          "targetNum": 1,
          "defaultValue": 3,
          "skillLevelCorrection": 4,
          "abilityScriptList": [
            {
              "scriptName": "EmptyBody"
            },
            {
              "scriptName": "GiveBuffOnUse",
              "buffData": {
                "buffKeyword": "Vibration",
                "target": "Self",
                "stack": 0,
                "turn": 2,
                "activeRound": 0
              }
            },
            {
              "scriptName": "ParryingPowerResultAdderOnStartTurnSelfViaBuffCheck",
              "buffData": {
                "buffKeyword": "Vibration",
                "buffOwner": "Self",
                "stack": 0,
                "turn": 5,
                "value": 1
              }
            }
          ],
          "coinList": [
            {
              "operatorType": "ADD",
              "scale": 4,
              "abilityScriptList": [
                {
                  "scriptName": "GiveBuffOnSucceedAttack",
                  "buffData": {
                    "buffKeyword": "Vibration",
                    "target": "Target",
                    "stack": 2,
                    "turn": 0,
                    "activeRound": 0
                  }
                }
              ]
            },
            {
              "operatorType": "ADD",
              "scale": 4,
              "abilityScriptList": [
                {
                  "scriptName": "GiveBuffOnSucceedAttack",
                  "buffData": {
                    "buffKeyword": "Vibration",
                    "target": "Target",
                    "stack": 2,
                    "turn": 0,
                    "activeRound": 0
                  }
                }
              ]
            }
          ]
        }
      ]
    },
    {
      "id": 9102402,
      "skillTier": 1,
      "skillType": "SKILL",
      "skillData": [
        {
          "iconID": 9101702,
          "skillTargetType": "FRONT",
          "canTeamKill": false,
          "canDuel": true,
          "canChangeTarget": true,
          "attributeType": "SHAMROCK",
          "atkType": "HIT",
          "defType": "ATTACK",
          "skillMotion": "S1",
          "viewType": "BATTLE",
          "parryingCloseType": "NEAR",
          "targetNum": 1,
          "defaultValue": 3,
          "skillLevelCorrection": 4,
          "abilityScriptList": [
            {
              "scriptName": "EmptyBody"
            },
            {
              "scriptName": "GiveBuffOnUse",
              "buffData": {
                "buffKeyword": "Vibration",
                "target": "Self",
                "stack": 0,
                "turn": 2,
                "activeRound": 0
              }
            },
            {
              "scriptName": "ParryingPowerResultAdderOnStartTurnSelfViaBuffCheck",
              "buffData": {
                "buffKeyword": "Vibration",
                "buffOwner": "Self",
                "stack": 0,
                "turn": 5,
                "value": 1
              }
            }
          ],
          "coinList": [
            {
              "operatorType": "ADD",
              "scale": 5,
              "abilityScriptList": [
                {
                  "scriptName": "GiveBuffOnSucceedAttack",
                  "buffData": {
                    "buffKeyword": "Vibration",
                    "target": "Target",
                    "stack": 3,
                    "turn": 0,
                    "activeRound": 0
                  }
                }
              ]
            },
            {
              "operatorType": "ADD",
              "scale": 5,
              "abilityScriptList": [
                {
                  "scriptName": "GiveBuffOnSucceedAttack",
                  "buffData": {
                    "buffKeyword": "Vibration",
                    "target": "Target",
                    "stack": 3,
                    "turn": 0,
                    "activeRound": 0
                  }
                }
              ]
            }
          ]
        }
      ]
    },
    {
      "id": 9102403,
      "skillTier": 2,
      "skillType": "SKILL",
      "skillData": [
        {
          "iconID": 9101703,
          "skillTargetType": "FRONT",
          "canTeamKill": false,
          "canDuel": true,
          "canChangeTarget": true,
          "attributeType": "INDIGO",
          "atkType": "PENETRATE",
          "defType": "ATTACK",
          "skillMotion": "S2",
          "viewType": "BATTLE",
          "parryingCloseType": "NEAR",
          "targetNum": 1,
          "defaultValue": 4,
          "skillLevelCorrection": 4,
          "abilityScriptList": [
            {
              "scriptName": "EmptyBody"
            },
            {
              "scriptName": "GiveBuffOnUse",
              "buffData": {
                "buffKeyword": "Vibration",
                "target": "Self",
                "stack": 0,
                "turn": 2,
                "activeRound": 0
              }
            },
            {
              "scriptName": "ParryingPowerResultAdderOnStartTurnSelfViaBuffCheck",
              "buffData": {
                "buffKeyword": "Vibration",
                "buffOwner": "Self",
                "stack": 0,
                "turn": 5,
                "value": 1
              }
            }
          ],
          "coinList": [
            {
              "operatorType": "ADD",
              "scale": 5,
              "abilityScriptList": [
                {
                  "scriptName": "GiveBuffOnSucceedAttack",
                  "buffData": {
                    "buffKeyword": "Vibration",
                    "target": "Target",
                    "stack": 5,
                    "turn": 0,
                    "activeRound": 0
                  }
                }
              ]
            },
            {
              "operatorType": "ADD",
              "scale": 5,
              "abilityScriptList": [
                {
                  "scriptName": "VibrationExplosionOnSucceedAttackViaBuffCheckThenLoseTargetVibrationTurn1",
                  "buffData": {
                    "buffKeyword": "Vibration",
                    "target": "",
                    "buffOwner": "Self",
                    "stack": 0,
                    "turn": 10,
                    "activeRound": 0
                  }
                },
                {
                  "scriptName": "VibrationExplosionOnSucceedAttackViaBuffCheckThenLoseTargetVibrationTurn1",
                  "buffData": {
                    "buffKeyword": "Vibration",
                    "target": "",
                    "buffOwner": "Target",
                    "stack": 15,
                    "turn": 0,
                    "activeRound": 0
                  }
                }
              ]
            }
          ]
        }
      ]
    },
    {
      "id": 9102404,
      "skillTier": 2,
      "skillType": "SKILL",
      "skillData": [
        {
          "iconID": 9101704,
          "skillTargetType": "FRONT",
          "canTeamKill": false,
          "canDuel": true,
          "canChangeTarget": true,
          "attributeType": "AMBER",
          "atkType": "PENETRATE",
          "defType": "ATTACK",
          "skillMotion": "S2",
          "viewType": "BATTLE",
          "parryingCloseType": "NEAR",
          "targetNum": 1,
          "defaultValue": 3,
          "skillLevelCorrection": 4,
          "abilityScriptList": [
            {
              "scriptName": "EmptyBody"
            },
            {
              "scriptName": "GiveBuffOnUse",
              "buffData": {
                "buffKeyword": "Vibration",
                "target": "Self",
                "stack": 0,
                "turn": 3,
                "activeRound": 0
              }
            },
            {
              "scriptName": "ParryingPowerResultAdderOnStartTurnSelfViaBuffCheck",
              "buffData": {
                "buffKeyword": "Vibration",
                "buffOwner": "Self",
                "stack": 0,
                "turn": 5,
                "value": 1
              }
            }
          ],
          "coinList": [
            {
              "operatorType": "ADD",
              "scale": 5,
              "abilityScriptList": [
                {
                  "scriptName": "GiveBuffOnSucceedAttack",
                  "buffData": {
                    "buffKeyword": "Vibration",
                    "target": "Target",
                    "stack": 5,
                    "turn": 0,
                    "activeRound": 0
                  }
                }
              ]
            },
            {
              "operatorType": "ADD",
              "scale": 5,
              "abilityScriptList": [
                {
                  "scriptName": "GiveBuffOnSucceedAttack",
                  "buffData": {
                    "buffKeyword": "Vibration",
                    "target": "Target",
                    "stack": 5,
                    "turn": 0,
                    "activeRound": 0
                  }
                }
              ]
            },
            {
              "operatorType": "ADD",
              "scale": 5,
              "abilityScriptList": [
                {
                  "scriptName": "SwitchVibrationOnSucceedAttack",
                  "buffData": {
                    "buffKeyword": "VibrationCollapse",
                    "target": "",
                    "buffOwner": "Target"
                  }
                }
              ]
            }
          ]
        }
      ]
    },
    {
      "id": 9102405,
      "skillTier": 3,
      "skillType": "SKILL",
      "skillData": [
        {
          "iconID": 9101705,
          "skillTargetType": "FRONT",
          "canTeamKill": false,
          "canDuel": true,
          "canChangeTarget": true,
          "attributeType": "INDIGO",
          "atkType": "PENETRATE",
          "defType": "ATTACK",
          "skillMotion": "S3",
          "viewType": "BATTLE",
          "parryingCloseType": "NEAR",
          "targetNum": 1,
          "defaultValue": 5,
          "skillLevelCorrection": 4,
          "abilityScriptList": [
            {
              "scriptName": "EmptyBody"
            },
            {
              "scriptName": "AttackHighestStackTarget_VibrationCollapse"
            },
            {
              "scriptName": "GiveBuffOnUseByDuplicateTurn_Vibration",
              "buffData": {
                "buffKeyword": "Vibration",
                "target": "EveryAllyExceptSelf",
                "buffOwner": "Self",
                "activeRound": 0
              }
            },
            {
              "scriptName": "SwitchAllyVibrationOnUse",
              "buffData": {
                "buffKeyword": "VibrationDistribution"
              }
            },
            {
              "scriptName": "122303DmgCut",
              "value": -0.8
            }
          ],
          "coinList": [
            {
              "operatorType": "ADD",
              "scale": 3,
              "grade": 2,
              "color": "GREY",
              "abilityScriptList": [
                {
                  "scriptName": "SuperCoin"
                }
              ]
            },
            {
              "operatorType": "ADD",
              "scale": 3,
              "grade": 2,
              "color": "GREY",
              "abilityScriptList": [
                {
                  "scriptName": "SuperCoin"
                }
              ]
            },
            {
              "operatorType": "ADD",
              "scale": 3,
              "grade": 2,
              "color": "GREY",
              "abilityScriptList": [
                {
                  "scriptName": "SuperCoin"
                },
                {
                  "scriptName": "GiveBuffOnSucceedAttackIfUsableInDuel",
                  "buffData": {
                    "buffKeyword": "Vibration",
                    "target": "Target",
                    "stack": 10,
                    "turn": 0,
                    "activeRound": 0
                  }
                }
              ]
            },
            {
              "operatorType": "ADD",
              "scale": 3,
              "grade": 2,
              "color": "GREY",
              "abilityScriptList": [
                {
                  "scriptName": "SuperCoin"
                },
                {
                  "scriptName": "PileUpVibrationOSA_VibrationNesting",
                  "buffData": {
                    "buffKeyword": "VibrationEcho",
                    "target": "Target",
                    "buffOwner": "Target"
                  }
                }
              ]
            }
          ]
        }
      ]
    },
    {
      "id": 9102406,
      "skillTier": 1,
      "skillType": "SKILL",
      "skillData": [
        {
          "iconID": 9101706,
          "skillTargetType": "FRONT",
          "canTeamKill": false,
          "canDuel": false,
          "canChangeTarget": true,
          "attributeType": "NEUTRAL",
          "atkType": "NONE",
          "defType": "GUARD",
          "skillMotion": "S1",
          "viewType": "BATTLE",
          "parryingCloseType": "NEAR",
          "targetNum": 1,
          "defaultValue": 10,
          "skillLevelCorrection": 4,
          "abilityScriptList": [
            {
              "scriptName": "EmptyBody"
            },
            {
              "scriptName": "AddShieldOnBattleStartViaBuffTurnCheck",
              "buffData": {
                "buffKeyword": "Vibration",
                "target": "Self",
                "buffOwner": "Self",
                "stack": 0,
                "turn": 1,
                "activeRound": 0,
                "value": 5,
                "limit": 60
              }
            }
          ],
          "coinList": [
            {
              "operatorType": "ADD",
              "scale": 5
            }
          ]
        }
      ]
    },
    {
      "id": 9102407,
      "skillTier": 2,
      "skillType": "SKILL",
      "skillData": [
        {
          "iconID": 9101707,
          "skillTargetType": "FRONT",
          "canTeamKill": false,
          "canDuel": false,
          "canChangeTarget": true,
          "attributeType": "CRIMSON",
          "atkType": "PENETRATE",
          "defType": "ATTACK",
          "skillMotion": "S4",
          "viewType": "BATTLE",
          "parryingCloseType": "NEAR",
          "targetNum": 1,
          "defaultValue": 10,
          "skillLevelCorrection": 4,
          "abilityScriptList": [
            {
              "scriptName": "EmptyBody"
            },
            {
              "scriptName": "910170701"
            },
            {
              "scriptName": "910170702"
            },
            {
              "scriptName": "GiveBuffOnUse",
              "buffData": {
                "buffKeyword": "Vibration",
                "target": "Self",
                "stack": 0,
                "turn": 10,
                "activeRound": 0
              }
            }
          ],
          "coinList": [
            {
              "operatorType": "ADD",
              "scale": 5,
              "abilityScriptList": [
                {
                  "scriptName": "GiveBuffOnSucceedAttack",
                  "buffData": {
                    "buffKeyword": "Vibration",
                    "target": "Target",
                    "stack": 10,
                    "turn": 0,
                    "activeRound": 0
                  }
                },
                {
                  "scriptName": "GiveAdditionalBuffTurnAmberDmgOSA",
                  "buffData": {
                    "buffKeyword": "Vibration",
                    "buffOwner": "Self",
                    "target": "Target",
                    "stack": 0,
                    "turn": 1,
                    "value": 0.2
                  }
                }
              ]
            },
            {
              "operatorType": "ADD",
              "scale": 5,
              "abilityScriptList": [
                {
                  "scriptName": "GiveBuffOnSucceedAttack",
                  "buffData": {
                    "buffKeyword": "Vibration",
                    "target": "Target",
                    "stack": 0,
                    "turn": 4,
                    "activeRound": 0
                  }
                },
                {
                  "scriptName": "GiveAdditionalBuffTurnAmberDmgOSA",
                  "buffData": {
                    "buffKeyword": "Vibration",
                    "buffOwner": "Self",
                    "target": "Target",
                    "stack": 0,
                    "turn": 1,
                    "value": 0.2
                  }
                }
              ]
            },
            {
              "operatorType": "ADD",
              "scale": 5,
              "abilityScriptList": [
                {
                  "scriptName": "VibrationExplosionOSAViaBuffCheckThenLoseTargetVibrationTurn1AndUseSelfVibrationTurn1",
                  "buffData": {
                    "buffKeyword": "Vibration",
                    "buffOwner": "Self",
                    "stack": 0,
                    "turn": 1
                  }
                },
                {
                  "scriptName": "VibrationExplosionOSAViaBuffCheckThenLoseTargetVibrationTurn1AndUseSelfVibrationTurn1",
                  "buffData": {
                    "buffKeyword": "Vibration",
                    "buffOwner": "Self",
                    "stack": 0,
                    "turn": 1
                  }
                },
                {
                  "scriptName": "VibrationExplosionOSAViaBuffCheckThenLoseTargetVibrationTurn1AndUseSelfVibrationTurn1",
                  "buffData": {
                    "buffKeyword": "Vibration",
                    "buffOwner": "Self",
                    "stack": 0,
                    "turn": 1
                  }
                }
              ]
            }
          ]
        }
      ]
    }
  ]
}